date,vintage,rb_jun,ho_jun,rb_dec,ho_dec,crack_jun_bbl,crack_dec_bbl,spread_bbl,spread_gal,expiry_date,cal_days_to_expiry,tdays_to_expiry,tday_index,is_current
2012-06-01,2013,3.0326999999999997,2.8945,2.889,2.9545,5.804399999999995,-2.7510000000000048,8.555399999999999,0.20369999999999996,2013-05-31,364,251,0,False
2012-06-04,2013,3.1033999999999997,2.963,2.9558999999999997,3.0147000000000004,5.896799999999985,-2.4696000000000264,8.366400000000011,0.19920000000000027,2013-05-31,361,250,1,False
2012-06-05,2013,3.1501,3.0120999999999998,3.0183,3.0811,5.7960000000000145,-2.637600000000008,8.433600000000023,0.20080000000000056,2013-05-31,360,249,2,False
2012-06-06,2013,3.137,3.0237,3.0153,3.0927999999999995,4.7586000000000075,-3.2549999999999866,8.013599999999993,0.19079999999999983,2013-05-31,359,248,3,False
2012-06-07,2013,3.1283999999999996,3.0183999999999997,3.0186,3.0963,4.619999999999995,-3.2633999999999856,7.88339999999998,0.18769999999999953,2013-05-31,358,247,4,False
2012-06-08,2013,3.1801999999999997,3.057,3.0495,3.1294999999999997,5.17439999999999,-3.3599999999999843,8.534399999999973,0.20319999999999935,2013-05-31,357,246,5,False
2012-06-11,2013,3.1192,2.9983999999999997,2.9995,3.083,5.073600000000019,-3.5070000000000148,8.580600000000034,0.20430000000000081,2013-05-31,354,245,6,False
2012-06-12,2013,3.0564999999999998,2.9289,2.9301,3.0117000000000003,5.359199999999988,-3.4272000000000142,8.786400000000002,0.20920000000000005,2013-05-31,353,244,7,False
2012-06-13,2013,3.0178,2.8831,2.8638,2.9387,5.657399999999983,-3.1457999999999986,8.803199999999983,0.2095999999999996,2013-05-31,352,243,8,False
2012-06-14,2013,2.9783,2.8404000000000003,2.8301999999999996,2.8983,5.791799999999987,-2.8602000000000114,8.651999999999997,0.20599999999999993,2013-05-31,351,242,9,False
2012-06-15,2013,2.983,2.8444,2.8501,2.9112999999999998,5.821200000000012,-2.5703999999999967,8.391600000000007,0.19980000000000017,2013-05-31,350,241,10,False
2012-06-18,2013,2.9677999999999995,2.8348,2.8494,2.9066,5.585999999999982,-2.4023999999999965,7.988399999999978,0.19019999999999948,2013-05-31,347,240,11,False
2012-06-19,2013,2.9811,2.8574,2.8606,2.9288,5.195399999999997,-2.8644000000000016,8.0598,0.1919,2013-05-31,346,239,12,False
2012-06-20,2013,2.9461,2.8415,2.8482,2.9221,4.393200000000001,-3.1038000000000032,7.497000000000004,0.1785000000000001,2013-05-31,345,238,13,False
2012-06-21,2013,2.9608999999999996,2.8613,2.8750999999999998,2.9493,4.183199999999987,-3.116400000000011,7.299599999999998,0.17379999999999995,2013-05-31,344,237,14,False
2012-06-22,2013,2.9607,2.8618,2.8718,2.9449,4.1537999999999995,-3.070200000000007,7.224000000000006,0.17200000000000015,2013-05-31,343,236,15,False
2012-06-25,2013,2.9295,2.8301999999999996,2.844,2.9227999999999996,4.170600000000016,-3.30959999999999,7.480200000000006,0.17810000000000015,2013-05-31,340,235,16,False
2012-06-26,2013,2.8727,2.7847000000000004,2.7555,2.8480000000000003,3.6959999999999846,-3.8850000000000104,7.580999999999995,0.18049999999999988,2013-05-31,339,234,17,False
2012-06-27,2013,2.8150999999999997,2.7344,2.6830000000000003,2.7841000000000005,3.3893999999999904,-4.246200000000008,7.635599999999998,0.18179999999999996,2013-05-31,338,233,18,False
2012-06-28,2013,2.7958,2.7154000000000003,2.6254000000000004,2.7321,3.3767999999999825,-4.481399999999982,7.8581999999999645,0.18709999999999916,2013-05-31,337,232,19,False
2012-06-29,2013,2.8063,2.741,2.642,2.7497000000000003,2.742599999999987,-4.523400000000015,7.266000000000002,0.17300000000000004,2013-05-31,336,231,20,False
2012-07-02,2013,2.7722,2.7176,2.6129000000000002,2.722,2.2932000000000086,-4.58219999999999,6.875399999999998,0.16369999999999996,2013-05-31,333,230,21,False
2012-07-03,2013,2.7683999999999997,2.7239999999999998,2.6082,2.7213,1.8647999999999998,-4.75019999999999,6.6149999999999896,0.15749999999999975,2013-05-31,332,229,22,False
2012-07-05,2013,2.7802999999999995,2.7152,2.61,2.7201999999999997,2.734199999999988,-4.628399999999994,7.362599999999982,0.17529999999999957,2013-05-31,330,228,23,False
2012-07-06,2013,2.7568,2.6919,2.5683,2.6762,2.7258000000000076,-4.531800000000014,7.257600000000021,0.1728000000000005,2013-05-31,329,227,24,False
2012-07-09,2013,2.8037,2.7425,2.6475999999999997,2.7544999999999997,2.5703999999999967,-4.4898,7.0601999999999965,0.16809999999999992,2013-05-31,326,226,25,False
2012-07-10,2013,2.8007999999999997,2.75,2.6663,2.7701,2.133599999999989,-4.359599999999986,6.493199999999975,0.1545999999999994,2013-05-31,325,225,26,False
2012-07-11,2013,2.8407,2.7702,2.6842,2.7885000000000004,2.9610000000000003,-4.380600000000012,7.341600000000012,0.1748000000000003,2013-05-31,324,224,27,False
2012-07-12,2013,2.8555,2.8051999999999997,2.7174,2.8138,2.112600000000019,-4.048800000000002,6.161400000000021,0.1467000000000005,2013-05-31,323,223,28,False
2012-07-13,2013,2.8567,2.8062,2.7281999999999997,2.8257,2.1209999999999996,-4.095000000000006,6.2160000000000055,0.14800000000000013,2013-05-31,322,222,29,False
2012-07-16,2013,2.8468999999999998,2.8133999999999997,2.7393,2.8421,1.4070000000000036,-4.317599999999991,5.724599999999994,0.13629999999999987,2013-05-31,319,221,30,False
2012-07-17,2013,2.8894,2.8456,2.7678,2.8665,1.8396000000000026,-4.1454,5.985000000000003,0.14250000000000007,2013-05-31,318,220,31,False
2012-07-18,2013,2.8705000000000003,2.847,2.7705,2.8672000000000004,0.9870000000000125,-4.06140000000001,5.048400000000022,0.12020000000000053,2013-05-31,317,219,32,False
2012-07-19,2013,2.9084,2.8869,2.7987,2.8975999999999997,0.9030000000000031,-4.153799999999981,5.056799999999984,0.12039999999999962,2013-05-31,316,218,33,False
2012-07-20,2013,2.9412000000000003,2.8885,2.8349,2.9208,2.213400000000008,-3.607799999999985,5.821199999999993,0.13859999999999983,2013-05-31,315,217,34,False
2012-07-23,2013,2.9652999999999996,2.9067000000000003,2.8413999999999997,2.93,2.4611999999999714,-3.721200000000019,6.182399999999991,0.14719999999999978,2013-05-31,312,216,35,False
2012-07-24,2013,2.9196,2.8787000000000003,2.8113,2.8945,1.717799999999988,-3.494399999999988,5.212199999999976,0.12409999999999943,2013-05-31,311,215,36,False
2012-07-25,2013,2.9466,2.8841,2.8097000000000003,2.8857,2.625,-3.191999999999984,5.816999999999984,0.13849999999999962,2013-05-31,310,214,37,False
2012-07-26,2013,2.9492000000000003,2.8866,2.8131,2.8909,2.629200000000009,-3.2675999999999945,5.896800000000003,0.14040000000000008,2013-05-31,309,213,38,False
2012-07-27,2013,2.9103,2.8723,2.793,2.8789999999999996,1.595999999999992,-3.6119999999999752,5.207999999999967,0.12399999999999922,2013-05-31,308,212,39,False
2012-07-30,2013,2.9488,2.9123,2.8406000000000002,2.9206,1.5329999999999897,-3.3599999999999843,4.892999999999974,0.11649999999999938,2013-05-31,305,211,40,False
2012-07-31,2013,2.8697000000000004,2.8337,2.7439,2.8188999999999997,1.51200000000002,-3.149999999999989,4.662000000000009,0.11100000000000021,2013-05-31,304,210,41,False
2012-08-01,2013,2.8594,2.8382,2.7396,2.8194,0.8903999999999952,-3.351600000000004,4.241999999999999,0.10099999999999998,2013-05-31,303,209,42,False
2012-08-02,2013,2.8786,2.8586,2.7727999999999997,2.845,0.8400000000000007,-3.0324000000000204,3.872400000000021,0.0922000000000005,2013-05-31,302,208,43,False
2012-08-03,2013,2.8572,2.8161,2.7461,2.7988999999999997,1.7262000000000057,-2.2175999999999796,3.9437999999999853,0.09389999999999965,2013-05-31,301,207,44,False
2012-08-06,2013,2.9043,2.8528,2.7973000000000003,2.8444,2.1630000000000136,-1.978199999999978,4.1411999999999916,0.0985999999999998,2013-05-31,298,206,45,False
2012-08-07,2013,2.8916000000000004,2.8284,2.7774,2.82,2.6544000000000247,-1.7891999999999895,4.443600000000014,0.10580000000000034,2013-05-31,297,205,46,False
2012-08-08,2013,2.8815,2.8167,2.7537000000000003,2.8039,2.7215999999999987,-2.1083999999999916,4.82999999999999,0.11499999999999977,2013-05-31,296,204,47,False
2012-08-09,2013,2.9285,2.86,2.806,2.861,2.8770000000000095,-2.3100000000000067,5.187000000000016,0.12350000000000039,2013-05-31,295,203,48,False
2012-08-10,2013,2.9348,2.8758999999999997,2.8174,2.8725,2.4738000000000167,-2.314199999999997,4.788000000000014,0.11400000000000032,2013-05-31,294,202,49,False
2012-08-13,2013,2.9419,2.8657999999999997,2.8164999999999996,2.8689,3.1962000000000117,-2.2008000000000187,5.39700000000003,0.12850000000000072,2013-05-31,291,201,50,False
2012-08-14,2013,2.951,2.8771,2.8305000000000002,2.8907,3.1038000000000032,-2.5283999999999827,5.632199999999986,0.13409999999999966,2013-05-31,290,200,51,False
2012-08-15,2013,2.9613,2.8882,2.8438,2.9021,3.070200000000007,-2.4486000000000008,5.518800000000008,0.13140000000000018,2013-05-31,289,199,52,False
2012-08-16,2013,2.9651,2.8889,2.8243,2.8813,3.200400000000002,-2.3939999999999975,5.594399999999999,0.13319999999999999,2013-05-31,288,198,53,False
2012-08-17,2013,2.9568,2.8939,2.8369,2.8941000000000003,2.641799999999998,-2.402400000000015,5.044200000000013,0.12010000000000032,2013-05-31,287,197,54,False
2012-08-20,2013,2.9452,2.8876,2.8137,2.8738,2.4191999999999947,-2.524200000000011,4.943400000000006,0.11770000000000014,2013-05-31,284,196,55,False
2012-08-21,2013,2.924,2.8611,2.784,2.843,2.641799999999998,-2.478000000000007,5.119800000000005,0.12190000000000012,2013-05-31,283,195,56,False
2012-08-22,2013,2.9362,2.8560000000000003,2.7706999999999997,2.8204000000000002,3.3683999999999834,-2.087400000000022,5.455800000000005,0.12990000000000013,2013-05-31,282,194,57,False
2012-08-23,2013,2.9098,2.8451,2.739,2.7969999999999997,2.7174000000000085,-2.435999999999993,5.153400000000001,0.12270000000000003,2013-05-31,281,193,58,False
2012-08-24,2013,2.863,2.8122000000000003,2.7260000000000004,2.7901,2.133599999999989,-2.692199999999974,4.825799999999963,0.11489999999999911,2013-05-31,280,192,59,False
2012-08-27,2013,2.8806,2.8160000000000003,2.7348000000000003,2.7999,2.713199999999981,-2.734199999999988,5.447399999999969,0.12969999999999926,2013-05-31,277,191,60,False
2012-08-28,2013,2.9402999999999997,2.8657,2.7991,2.8543000000000003,3.1331999999999907,-2.318400000000006,5.4515999999999964,0.12979999999999992,2013-05-31,276,190,61,False
2012-08-29,2013,2.9276999999999997,2.8495999999999997,2.7906999999999997,2.8425,3.2802000000000024,-2.175600000000003,5.455800000000005,0.12990000000000013,2013-05-31,275,189,62,False
2012-08-30,2013,2.9399,2.8552999999999997,2.7966,2.8506,3.553200000000019,-2.2679999999999927,5.821200000000012,0.13860000000000028,2013-05-31,274,188,63,False
2012-08-31,2013,2.9443,2.8758,2.8074,2.8623000000000003,2.8770000000000095,-2.3058000000000165,5.182800000000026,0.12340000000000062,2013-05-31,273,187,64,False
2012-09-04,2013,2.9361,2.8331,2.7769,2.8198000000000003,4.3260000000000085,-1.801800000000016,6.127800000000025,0.14590000000000058,2013-05-31,269,186,65,False
2012-09-05,2013,2.9153,2.8366000000000002,2.7813,2.8295,3.305399999999981,-2.024400000000001,5.329799999999982,0.12689999999999957,2013-05-31,268,185,66,False
2012-09-06,2013,2.9399,2.845,2.8129000000000004,2.8564999999999996,3.9857999999999993,-1.8311999999999662,5.8169999999999655,0.13849999999999918,2013-05-31,267,184,67,False
2012-09-07,2013,2.9655,2.8566000000000003,2.8249,2.8705000000000003,4.5737999999999905,-1.915200000000013,6.489000000000003,0.15450000000000008,2013-05-31,266,183,68,False
2012-09-10,2013,2.9457999999999998,2.8386,2.8166,2.8574,4.502399999999989,-1.7135999999999978,6.215999999999987,0.1479999999999997,2013-05-31,263,182,69,False
2012-09-11,2013,2.9532,2.8568000000000002,2.8388999999999998,2.8764,4.048799999999983,-1.5750000000000037,5.623799999999987,0.13389999999999969,2013-05-31,262,181,70,False
2012-09-12,2013,2.9451,2.862,2.8235,2.8676,3.490199999999998,-1.8521999999999919,5.34239999999999,0.12719999999999976,2013-05-31,261,180,71,False
2012-09-13,2013,2.9469,2.8685,2.8505000000000003,2.8808999999999996,3.2927999999999917,-1.2767999999999713,4.569599999999963,0.10879999999999912,2013-05-31,260,179,72,False
2012-09-14,2013,2.9912,2.8952999999999998,2.8954000000000004,2.9187,4.027800000000013,-0.9785999999999762,5.0063999999999895,0.11919999999999975,2013-05-31,259,178,73,False
2012-09-17,2013,3.0016000000000003,2.9048000000000003,2.8974,2.9328,4.0656,-1.4867999999999855,5.552399999999985,0.13219999999999965,2013-05-31,256,177,74,False
2012-09-18,2013,3.0043,2.9043,2.91,2.9457999999999998,4.200000000000004,-1.5035999999999836,5.703599999999987,0.1357999999999997,2013-05-31,255,176,75,False
2012-09-19,2013,3.0291,2.9326999999999996,2.9307,2.969,4.04880000000002,-1.6086,5.65740000000002,0.13470000000000049,2013-05-31,254,175,76,False
2012-09-20,2013,3.0186,2.9217,2.9337,2.9812,4.069800000000009,-1.9949999999999948,6.0648000000000035,0.14440000000000008,2013-05-31,253,174,77,False
2012-09-21,2013,2.9985000000000004,2.897,2.9027999999999996,2.9514,4.263000000000025,-2.0412000000000177,6.304200000000042,0.150100000000001,2013-05-31,252,173,78,False
2012-09-24,2013,3.0351999999999997,2.9133,2.911,2.9488,5.119799999999986,-1.587599999999993,6.707399999999979,0.1596999999999995,2013-05-31,249,172,79,False
2012-09-25,2013,3.0474,2.9347000000000003,2.923,2.9662,4.733399999999992,-1.8144000000000053,6.547799999999997,0.15589999999999993,2013-05-31,248,171,80,False
2012-09-26,2013,3.0446,2.9265,2.9393000000000002,2.9832,4.960200000000004,-1.8437999999999928,6.803999999999997,0.16199999999999992,2013-05-31,247,170,81,False
2012-09-27,2013,3.0317000000000003,2.9307,2.9307,2.9851,4.242000000000018,-2.2848000000000095,6.526800000000027,0.15540000000000065,2013-05-31,246,169,82,False
2012-09-28,2013,3.0056,2.9160000000000004,2.9156999999999997,2.9663999999999997,3.7631999999999772,-2.1293999999999986,5.892599999999976,0.14029999999999943,2013-05-31,245,168,83,False
2012-10-01,2013,3.0258,2.9217,2.917,2.9632,4.372199999999994,-1.9404000000000101,6.312600000000004,0.1503000000000001,2013-05-31,242,167,84,False
2012-10-02,2013,3.0147000000000004,2.9173,2.9037,2.9547000000000003,4.090800000000016,-2.1420000000000066,6.232800000000022,0.14840000000000053,2013-05-31,241,166,85,False
2012-10-03,2013,3.0255,2.9185000000000003,2.9138,2.9577,4.49399999999999,-1.8437999999999928,6.337799999999983,0.1508999999999996,2013-05-31,240,165,86,False
2012-10-04,2013,3.0168,2.9268,2.9279,2.9725,3.779999999999994,-1.8731999999999989,5.653199999999993,0.13459999999999983,2013-05-31,239,164,87,False
2012-10-05,2013,3.0029000000000003,2.9198000000000004,2.9069,2.9512,3.490199999999998,-1.8606000000000096,5.3508000000000076,0.12740000000000018,2013-05-31,238,163,88,False
2012-10-08,2013,3.0236,2.9267000000000003,2.8868,2.9363,4.06979999999999,-2.079000000000004,6.148799999999994,0.14639999999999986,2013-05-31,235,162,89,False
2012-10-09,2013,3.0436,2.9367,2.8899,2.9408,4.4898,-2.1377999999999977,6.6275999999999975,0.15779999999999994,2013-05-31,234,161,90,False
2012-10-10,2013,3.0208,2.9298,2.8726,2.9281,3.8219999999999894,-2.3310000000000137,6.153000000000003,0.14650000000000007,2013-05-31,233,160,91,False
2012-10-11,2013,3.0065,2.9048000000000003,2.8599,2.905,4.2713999999999865,-1.8941999999999872,6.165599999999974,0.14679999999999938,2013-05-31,232,159,92,False
2012-10-12,2013,3.0614,2.9530000000000003,2.9086000000000003,2.947,4.5527999999999835,-1.6127999999999902,6.165599999999974,0.14679999999999938,2013-05-31,231,158,93,False
2012-10-15,2013,3.0457,2.9562,2.9108,2.9526,3.7590000000000057,-1.7555999999999932,5.514599999999999,0.13129999999999997,2013-05-31,228,157,94,False
2012-10-16,2013,3.045,2.9662,2.9202,2.9741000000000004,3.30959999999999,-2.263800000000021,5.573400000000011,0.13270000000000026,2013-05-31,227,156,95,False
2012-10-17,2013,3.0862,2.9873000000000003,2.9530000000000003,2.9998,4.153799999999981,-1.9655999999999887,6.1193999999999695,0.14569999999999927,2013-05-31,226,155,96,False
2012-10-18,2013,3.1117000000000004,3.0069,2.9663,3.0101,4.401600000000019,-1.8396000000000026,6.241200000000021,0.1486000000000005,2013-05-31,225,154,97,False
2012-10-19,2013,3.1447000000000003,3.0452999999999997,3.0033,3.0488,4.174800000000025,-1.911000000000004,6.085800000000029,0.1449000000000007,2013-05-31,224,153,98,False
2012-10-22,2013,3.1425,3.0232,2.9715,3.0057,5.010599999999998,-1.4364000000000097,6.447000000000008,0.1535000000000002,2013-05-31,221,152,99,False
2012-10-23,2013,3.1568,3.0312,2.9688,3.0098000000000003,5.275199999999997,-1.7220000000000155,6.997200000000013,0.1666000000000003,2013-05-31,220,151,100,False
2012-10-24,2013,3.1378,3.0143,2.9385000000000003,2.9867000000000004,5.186999999999998,-2.024400000000001,7.2113999999999985,0.17169999999999996,2013-05-31,219,150,101,False
2012-10-25,2013,3.0776,2.9614,2.8994,2.9572000000000003,4.880400000000003,-2.4276000000000124,7.308000000000016,0.17400000000000038,2013-05-31,218,149,102,False
2012-10-26,2013,3.0351,2.9399,2.883,2.9397,3.9983999999999886,-2.381400000000008,6.379799999999997,0.15189999999999992,2013-05-31,217,148,103,False
2012-10-29,2013,3.015,2.9343,2.8749000000000002,2.9433,3.389400000000009,-2.872799999999982,6.262199999999991,0.1490999999999998,2013-05-31,214,147,104,False
2012-10-30,2013,3.0277999999999996,2.9446,2.897,2.9586,3.494399999999988,-2.5872000000000135,6.081600000000002,0.14480000000000004,2013-05-31,213,146,105,False
2012-10-31,2013,3.0085,2.9062,2.8587000000000002,2.9202999999999997,4.296600000000002,-2.587199999999976,6.883799999999979,0.1638999999999995,2013-05-31,212,145,106,False
2012-11-01,2013,3.0404,2.9391000000000003,2.9010000000000002,2.9638999999999998,4.254599999999988,-2.6417999999999795,6.896399999999968,0.16419999999999924,2013-05-31,211,144,107,False
2012-11-02,2013,3.0279000000000003,2.9454000000000002,2.9097000000000004,2.9767,3.4650000000000007,-2.8139999999999885,6.278999999999989,0.14949999999999974,2013-05-31,210,143,108,False
2012-11-05,2013,3.029,2.9605,2.9044,2.9886,2.876999999999991,-3.536400000000002,6.413399999999993,0.15269999999999984,2013-05-31,207,142,109,False
2012-11-06,2013,3.0214,2.9519,2.8952,2.9844999999999997,2.9189999999999863,-3.750599999999988,6.669599999999974,0.15879999999999939,2013-05-31,206,141,110,False
2012-11-07,2013,3.0055,2.9372000000000003,2.8872000000000004,2.9739,2.868599999999992,-3.6413999999999813,6.509999999999973,0.15499999999999936,2013-05-31,205,140,111,False
2012-11-08,2013,3.0063,2.9406,2.8938,2.9804000000000004,2.759400000000004,-3.6372000000000098,6.396600000000014,0.15230000000000032,2013-05-31,204,139,112,False
2012-11-09,2013,2.9887,2.917,2.8789,2.9637000000000002,3.0114000000000134,-3.561600000000018,6.5730000000000315,0.15650000000000075,2013-05-31,203,138,113,False
2012-11-12,2013,3.0004000000000004,2.9396,2.8945,2.9848000000000003,2.553600000000017,-3.7926000000000206,6.346200000000038,0.1511000000000009,2013-05-31,200,137,114,False
2012-11-13,2013,2.9223000000000003,2.8598000000000003,2.8032999999999997,2.8952,2.625,-3.859800000000013,6.484800000000013,0.15440000000000031,2013-05-31,199,136,115,False
2012-11-14,2013,2.8567,2.8204000000000002,2.766,2.8663,1.5245999999999906,-4.212599999999993,5.737199999999984,0.1365999999999996,2013-05-31,198,135,116,False
2012-11-15,2013,2.8966000000000003,2.8404000000000003,2.7885000000000004,2.8785000000000003,2.360400000000001,-3.779999999999994,6.140399999999995,0.14619999999999989,2013-05-31,197,134,117,False
2012-11-16,2013,2.9435000000000002,2.8928,2.8206,2.9103,2.1294000000000173,-3.767399999999986,5.896800000000003,0.14040000000000008,2013-05-31,196,133,118,False
2012-11-19,2013,2.9554,2.8906,2.8476999999999997,2.9252999999999996,2.7215999999999987,-3.2591999999999954,5.980799999999994,0.14239999999999986,2013-05-31,193,132,119,False
2012-11-20,2013,2.9881,2.9291,2.8973,2.9755000000000003,2.478000000000007,-3.2844000000000113,5.762400000000018,0.13720000000000043,2013-05-31,192,131,120,False
2012-11-21,2013,2.9793000000000003,2.9282,2.8944,2.9742,2.1462000000000154,-3.351600000000004,5.497800000000019,0.13090000000000046,2013-05-31,191,130,121,False
2012-11-23,2013,3.0014999999999996,2.9638999999999998,2.9211,3.0088999999999997,1.579199999999994,-3.6875999999999856,5.2667999999999795,0.1253999999999995,2013-05-31,189,129,122,False
2012-11-26,2013,3.0181999999999998,2.9858,2.9271,3.0126999999999997,1.3607999999999993,-3.5951999999999957,4.955999999999995,0.11799999999999988,2013-05-31,186,128,123,False
2012-11-27,2013,3.0214999999999996,2.9838,2.9238999999999997,3.012,1.5833999999999842,-3.700200000000012,5.283599999999996,0.1257999999999999,2013-05-31,185,127,124,False
2012-11-28,2013,3.0023,2.9758999999999998,2.9124,3.0120999999999998,1.1088000000000084,-4.187399999999996,5.296200000000004,0.1261000000000001,2013-05-31,184,126,125,False
2012-11-29,2013,2.9462,2.9232,2.8388,2.9522000000000004,0.9660000000000055,-4.762800000000016,5.728800000000022,0.13640000000000052,2013-05-31,183,125,126,False
2012-11-30,2013,2.9761,2.9331,2.8387000000000002,2.9517,1.8060000000000063,-4.7459999999999996,6.552000000000006,0.15600000000000014,2013-05-31,182,124,127,False
2012-12-03,2013,2.9819999999999998,2.9259,2.8505000000000003,2.9532,2.3561999999999923,-4.313399999999982,6.669599999999974,0.15879999999999939,2013-05-31,179,123,128,False
2012-12-04,2013,2.9651,2.9082999999999997,2.8225,2.9243,2.385600000000017,-4.275600000000014,6.661200000000031,0.15860000000000074,2013-05-31,178,122,129,False
2012-12-05,2013,2.9814999999999996,2.915,2.8064,2.9126,2.7929999999999815,-4.460399999999994,7.253399999999975,0.1726999999999994,2013-05-31,177,121,130,False
2012-12-06,2013,2.9597,2.8806,2.7771,2.8789999999999996,3.3222000000000165,-4.279799999999986,7.602000000000002,0.18100000000000005,2013-05-31,176,120,131,False
2012-12-07,2013,2.9856,2.9001,2.8229,2.9227999999999996,3.590999999999987,-4.195799999999976,7.786799999999963,0.18539999999999912,2013-05-31,175,119,132,False
2012-12-10,2013,2.9976,2.9038999999999997,2.8234,2.9174,3.935400000000005,-3.948000000000013,7.883400000000018,0.18770000000000042,2013-05-31,172,118,133,False
2012-12-11,2013,2.9711000000000003,2.8811,2.8119,2.9082,3.7800000000000127,-4.044599999999993,7.8246000000000056,0.18630000000000013,2013-05-31,171,117,134,False
2012-12-12,2013,2.9951999999999996,2.9112999999999998,2.8257,2.9272000000000005,3.5237999999999943,-4.263000000000025,7.786800000000019,0.18540000000000045,2013-05-31,170,116,135,False
2012-12-13,2013,2.9616000000000002,2.8836,2.7973000000000003,2.8956999999999997,3.2760000000000122,-4.132799999999974,7.408799999999986,0.17639999999999967,2013-05-31,169,115,136,False
2012-12-14,2013,2.9221,2.8616,2.7522,2.8575999999999997,2.5409999999999906,-4.426799999999979,6.967799999999969,0.16589999999999927,2013-05-31,168,114,137,False
2012-12-17,2013,2.9237,2.8612,2.7432999999999996,2.8491000000000004,2.625,-4.443600000000033,7.068600000000033,0.16830000000000078,2013-05-31,165,113,138,False
2012-12-18,2013,2.92,2.8634,2.7718000000000003,2.8663,2.3771999999999993,-3.9689999999999825,6.346199999999982,0.15109999999999957,2013-05-31,164,112,139,False
2012-12-19,2013,2.9356,2.866,2.7806,2.861,2.923199999999995,-3.376800000000001,6.299999999999996,0.1499999999999999,2013-05-31,163,111,140,False
2012-12-20,2013,2.9392,2.8510000000000004,2.7574,2.8352,3.7043999999999837,-3.2675999999999945,6.971999999999978,0.16599999999999948,2013-05-31,162,110,141,False
2012-12-21,2013,2.9314999999999998,2.8347,2.7426999999999997,2.8123,4.065599999999981,-2.923200000000014,6.988799999999995,0.16639999999999988,2013-05-31,161,109,142,False
2012-12-24,2013,2.9568,2.8554000000000004,2.7681,2.8293,4.258799999999979,-2.5703999999999967,6.829199999999975,0.1625999999999994,2013-05-31,158,108,143,False
2012-12-26,2013,2.9825,2.8794,2.8027999999999995,2.8613,4.330199999999999,-2.4570000000000185,6.787200000000017,0.1616000000000004,2013-05-31,156,107,144,False
2012-12-27,2013,2.9488,2.8333999999999997,2.765,2.8204000000000002,4.846800000000007,-2.326800000000005,7.173600000000012,0.17080000000000028,2013-05-31,155,106,145,False
2012-12-28,2013,2.9593000000000003,2.8492,2.7842000000000002,2.8377999999999997,4.624200000000004,-2.251199999999976,6.8753999999999795,0.1636999999999995,2013-05-31,154,105,146,False
2012-12-31,2013,2.9661,2.8631,2.7913,2.8468,4.32599999999999,-2.330999999999995,6.656999999999985,0.15849999999999964,2013-05-31,151,104,147,False
2013-01-02,2013,2.9208,2.8215,2.7487,2.802,4.170599999999998,-2.2386000000000053,6.409200000000003,0.15260000000000007,2013-05-31,149,103,148,False
2013-01-03,2013,2.9211,2.8411,2.765,2.8205,3.360000000000003,-2.330999999999995,5.690999999999998,0.13549999999999995,2013-05-31,148,102,149,False
2013-01-04,2013,2.9139,2.8501999999999996,2.7744,2.8310000000000004,2.675400000000013,-2.377200000000018,5.052600000000031,0.12030000000000074,2013-05-31,147,101,150,False
2013-01-07,2013,2.9104,2.8449,2.7719,2.8312,2.7510000000000048,-2.490599999999996,5.241600000000001,0.12480000000000002,2013-05-31,144,100,151,False
2013-01-08,2013,2.9068,2.83,2.7695,2.8243,3.225599999999999,-2.3016000000000076,5.527200000000007,0.13160000000000016,2013-05-31,143,99,152,False
2013-01-09,2013,2.8914999999999997,2.8226999999999998,2.7687,2.8238,2.889599999999999,-2.314199999999997,5.203799999999996,0.1238999999999999,2013-05-31,142,98,153,False
2013-01-10,2013,2.8674,2.8076999999999996,2.7495,2.8079,2.507400000000013,-2.4528000000000096,4.960200000000023,0.11810000000000054,2013-05-31,141,97,154,False
2013-01-11,2013,2.8855,2.8172,2.7493,2.8160000000000003,2.868599999999992,-2.801400000000018,5.67000000000001,0.13500000000000023,2013-05-31,140,96,155,False
2013-01-14,2013,2.9163,2.8248,2.7632999999999996,2.8305000000000002,3.8429999999999964,-2.822400000000025,6.665400000000021,0.1587000000000005,2013-05-31,137,95,156,False
2013-01-15,2013,2.8884,2.8106,2.7376,2.8097000000000003,3.2675999999999945,-3.0282000000000115,6.295800000000006,0.14990000000000014,2013-05-31,136,94,157,False
2013-01-16,2013,2.8879,2.8152,2.7464,2.818,3.0534000000000088,-3.0072000000000045,6.060600000000013,0.14430000000000032,2013-05-31,135,93,158,False
2013-01-17,2013,2.8059,2.7470999999999997,2.6591000000000005,2.7402999999999995,2.469600000000008,-3.41039999999996,5.879999999999968,0.13999999999999924,2013-05-31,134,92,159,False
2013-01-18,2013,2.8569999999999998,2.7965,2.7017,2.7851,2.5409999999999906,-3.5027999999999873,6.043799999999978,0.14389999999999947,2013-05-31,133,91,160,False
2013-01-22,2013,2.8720999999999997,2.8043,2.7011000000000003,2.7843999999999998,2.847599999999985,-3.4985999999999784,6.346199999999963,0.15109999999999912,2013-05-31,129,90,161,False
2013-01-23,2013,2.8789999999999996,2.7811000000000003,2.6861,2.7731,4.111799999999967,-3.6539999999999893,7.765799999999956,0.18489999999999895,2013-05-31,128,89,162,False
2013-01-24,2013,2.8971,2.8044,2.7070999999999996,2.7898,3.8934000000000095,-3.4734000000000185,7.366800000000028,0.17540000000000067,2013-05-31,127,88,163,False
2013-01-25,2013,2.8491000000000004,2.77,2.6655,2.7539,3.3222000000000165,-3.712799999999983,7.034999999999999,0.16749999999999998,2013-05-31,126,87,164,False
2013-01-28,2013,2.8282,2.7602999999999995,2.6620999999999997,2.752,2.8518000000000123,-3.775800000000004,6.627600000000016,0.15780000000000038,2013-05-31,123,86,165,False
2013-01-29,2013,2.8076999999999996,2.7455000000000003,2.6456,2.733,2.6123999999999734,-3.670800000000006,6.2831999999999795,0.1495999999999995,2013-05-31,122,85,166,False
2013-01-30,2013,2.8283,2.7563999999999997,2.6568,2.7481,3.0198000000000125,-3.8345999999999973,6.85440000000001,0.16320000000000023,2013-05-31,121,84,167,False
2013-01-31,2013,2.8294,2.7805,2.6612999999999998,2.762,2.053800000000007,-4.22940000000001,6.283200000000017,0.1496000000000004,2013-05-31,120,83,168,False
2013-02-01,2013,2.8276,2.8002,2.6776999999999997,2.7861000000000002,1.1508000000000038,-4.552800000000021,5.703600000000025,0.1358000000000006,2013-05-31,119,82,169,False
2013-02-04,2013,2.8027999999999995,2.7818,2.6498000000000004,2.7554000000000003,0.8819999999999775,-4.4351999999999965,5.317199999999974,0.12659999999999938,2013-05-31,116,81,170,False
2013-02-05,2013,2.79,2.7655000000000003,2.6399,2.7414,1.0289999999999893,-4.263000000000006,5.291999999999995,0.1259999999999999,2013-05-31,115,80,171,False
2013-02-06,2013,2.7992000000000004,2.7565,2.6372000000000004,2.7332,1.793400000000017,-4.031999999999985,5.825400000000002,0.13870000000000005,2013-05-31,114,79,172,False
2013-02-07,2013,2.8026999999999997,2.7654,2.6338,2.7348000000000003,1.566599999999986,-4.242000000000018,5.808600000000004,0.1383000000000001,2013-05-31,113,78,173,False
2013-02-08,2013,2.8404000000000003,2.8005,2.6694,2.7667,1.6758000000000113,-4.086600000000007,5.762400000000018,0.13720000000000043,2013-05-31,112,77,174,False
2013-02-11,2013,2.7848,2.752,2.6112,2.7117,1.3776000000000161,-4.220999999999992,5.598600000000008,0.1333000000000002,2013-05-31,109,76,175,False
2013-02-12,2013,2.7819,2.7508,2.6061,2.7037999999999998,1.306199999999996,-4.103399999999986,5.409599999999982,0.12879999999999958,2013-05-31,108,75,176,False
2013-02-13,2013,2.8002,2.7435,2.6229,2.7019,2.3813999999999895,-3.3180000000000076,5.699399999999997,0.13569999999999993,2013-05-31,107,74,177,False
2013-02-14,2013,2.8152,2.7411000000000003,2.6178,2.6919,3.1121999999999836,-3.1122000000000023,6.224399999999986,0.14819999999999967,2013-05-31,106,73,178,False
2013-02-15,2013,2.8019,2.7332,2.5824000000000003,2.67,2.88539999999999,-3.6791999999999865,6.5645999999999765,0.15629999999999944,2013-05-31,105,72,179,False
2013-02-19,2013,2.7231,2.6647000000000003,2.5162999999999998,2.6019,2.452799999999991,-3.5952000000000144,6.048000000000005,0.14400000000000013,2013-05-31,101,71,180,False
2013-02-20,2013,2.772,2.7185,2.5685000000000002,2.6552,2.2469999999999857,-3.6413999999999813,5.888399999999967,0.14019999999999921,2013-05-31,100,70,181,False
2013-02-21,2013,2.8344,2.766,2.6319999999999997,2.7138999999999998,2.8728000000000007,-3.4398000000000035,6.312600000000004,0.1503000000000001,2013-05-31,99,69,182,False
2013-02-22,2013,2.8026,2.7399,2.5877,2.6763,2.633399999999999,-3.7212000000000005,6.3546,0.1513,2013-05-31,98,68,183,False
2013-02-25,2013,2.7895999999999996,2.7287,2.5748,2.6656,2.5577999999999887,-3.8135999999999903,6.371399999999979,0.1516999999999995,2013-05-31,95,67,184,False
2013-02-26,2013,2.7533,2.6974,2.5453,2.6392,2.3477999999999932,-3.943800000000004,6.291599999999997,0.14979999999999993,2013-05-31,94,66,185,False
2013-02-27,2013,2.7591,2.7026999999999997,2.5633999999999997,2.6543,2.368800000000019,-3.817800000000018,6.186600000000037,0.14730000000000087,2013-05-31,93,65,186,False
2013-02-28,2013,2.7481,2.6997000000000004,2.5625,2.6473,2.0327999999999813,-3.5615999999999994,5.594399999999981,0.13319999999999954,2013-05-31,92,64,187,False
2013-03-01,2013,2.7522,2.6875999999999998,2.559,2.6341,2.7132000000000183,-3.1541999999999977,5.867400000000016,0.13970000000000038,2013-05-31,91,63,188,False
2013-03-04,2013,2.7426,2.6637,2.5433000000000003,2.6164,3.3137999999999987,-3.0701999999999883,6.383999999999987,0.1519999999999997,2013-05-31,88,62,189,False
2013-03-05,2013,2.7167000000000003,2.6452,2.5201,2.5980000000000003,3.0030000000000143,-3.271800000000022,6.274800000000036,0.14940000000000087,2013-05-31,87,61,190,False
2013-03-06,2013,2.7632,2.6732,2.5486,2.6169,3.779999999999994,-2.868599999999992,6.648599999999986,0.15829999999999966,2013-05-31,86,60,191,False
2013-03-07,2013,2.7835,2.6904000000000003,2.5624000000000002,2.6336,3.910199999999989,-2.9903999999999877,6.900599999999977,0.16429999999999945,2013-05-31,85,59,192,False
2013-03-08,2013,2.7813999999999997,2.6972000000000005,2.5819,2.6515,3.536399999999965,-2.923199999999995,6.45959999999996,0.15379999999999905,2013-05-31,84,58,193,False
2013-03-11,2013,2.7435,2.6674,2.5406999999999997,2.6092,3.196199999999993,-2.8770000000000095,6.073200000000003,0.14460000000000006,2013-05-31,81,57,194,False
2013-03-12,2013,2.758,2.6641000000000004,2.5436,2.6096,3.9437999999999853,-2.771999999999993,6.7157999999999785,0.1598999999999995,2013-05-31,80,56,195,False
2013-03-13,2013,2.7735000000000003,2.6807999999999996,2.5473,2.6211,3.893400000000028,-3.099600000000013,6.993000000000041,0.16650000000000098,2013-05-31,79,55,196,False
2013-03-14,2013,2.7744,2.6887,2.5362,2.6112,3.5994000000000046,-3.1500000000000075,6.749400000000012,0.1607000000000003,2013-05-31,78,54,197,False
2013-03-15,2013,2.7935000000000003,2.7015,2.545,2.6237,3.864000000000022,-3.3053999999999997,7.169400000000022,0.17070000000000052,2013-05-31,77,53,198,False
2013-03-18,2013,2.8355,2.7174,2.5683999999999996,2.6388,4.960200000000004,-2.95680000000001,7.917000000000014,0.18850000000000033,2013-05-31,74,52,199,False
2013-03-19,2013,2.7893,2.6635000000000004,2.5157,2.5861,5.283599999999978,-2.95680000000001,8.240399999999987,0.19619999999999968,2013-05-31,73,51,200,False
2013-03-20,2013,2.8679,2.7185,2.5921,2.6517,6.274799999999999,-2.503200000000004,8.778000000000002,0.20900000000000005,2013-05-31,72,50,201,False
2013-03-21,2013,2.8257,2.6891000000000003,2.5553,2.6121,5.737199999999984,-2.3855999999999984,8.122799999999982,0.19339999999999957,2013-05-31,71,49,202,False
2013-03-22,2013,2.8426,2.7061,2.5664999999999996,2.6283,5.732999999999993,-2.5956000000000126,8.328600000000005,0.19830000000000012,2013-05-31,70,48,203,False
2013-03-25,2013,2.8497000000000003,2.7218999999999998,2.5902,2.6536,5.367600000000024,-2.662800000000005,8.030400000000029,0.19120000000000067,2013-05-31,67,47,204,False
2013-03-26,2013,2.8807,2.7342,2.6201999999999996,2.6787,6.153000000000003,-2.4570000000000185,8.61000000000002,0.2050000000000005,2013-05-31,66,46,205,False
2013-03-27,2013,2.8254,2.7157999999999998,2.597,2.6652,4.603200000000015,-2.8644000000000016,7.467600000000017,0.1778000000000004,2013-05-31,65,45,206,False
2013-03-28,2013,2.8076999999999996,2.7006,2.5993,2.6682,4.49819999999998,-2.8938000000000077,7.391999999999988,0.1759999999999997,2013-05-31,64,44,207,False
2013-04-01,2013,2.7805,2.6883,2.5738,2.6444,3.8724000000000025,-2.965200000000009,6.837600000000012,0.16280000000000028,2013-05-31,60,43,208,False
2013-04-02,2013,2.8120999999999996,2.7077,2.5898000000000003,2.6599,4.384799999999983,-2.9441999999999835,7.328999999999967,0.1744999999999992,2013-05-31,59,42,209,False
2013-04-03,2013,2.7993,2.6849000000000003,2.5556,2.6351,4.804799999999993,-3.338999999999996,8.143799999999988,0.1938999999999997,2013-05-31,58,41,210,False
2013-04-04,2013,2.7818,2.6813,2.5674,2.6483999999999996,4.221000000000011,-3.4019999999999797,7.6229999999999905,0.18149999999999977,2013-05-31,57,40,211,False
2013-04-05,2013,2.8575,2.7281,2.6323000000000003,2.6944,5.434799999999998,-2.608199999999983,8.042999999999981,0.19149999999999956,2013-05-31,56,39,212,False
2013-04-08,2013,2.8204000000000002,2.7112,2.6248,2.6820999999999997,4.586400000000017,-2.4065999999999867,6.993000000000004,0.1665000000000001,2013-05-31,53,38,213,False
2013-04-09,2013,2.8069,2.7068,2.6096,2.6656999999999997,4.204200000000013,-2.3561999999999923,6.560400000000005,0.15620000000000012,2013-05-31,52,37,214,False
2013-04-10,2013,2.8041,2.6962,2.6102,2.6623,4.531799999999995,-2.188200000000011,6.720000000000006,0.16000000000000014,2013-05-31,51,36,215,False
2013-04-11,2013,2.8319,2.7308,2.6326,2.6929000000000003,4.246200000000008,-2.53260000000001,6.778800000000018,0.16140000000000043,2013-05-31,50,35,216,False
2013-04-12,2013,2.7983,2.6944,2.6058999999999997,2.6622000000000003,4.363799999999995,-2.3646000000000287,6.728400000000024,0.16020000000000056,2013-05-31,49,34,217,False
2013-04-15,2013,2.8123,2.6951,2.5951,2.6492,4.922399999999999,-2.2722000000000016,7.1946,0.1713,2013-05-31,46,33,218,False
2013-04-16,2013,2.8057999999999996,2.6886,2.5908999999999995,2.6486,4.92239999999998,-2.423400000000022,7.345800000000002,0.17490000000000006,2013-05-31,45,32,219,False
2013-04-17,2013,2.7932,2.6670999999999996,2.5751,2.6312,5.296200000000023,-2.356200000000011,7.652400000000034,0.1822000000000008,2013-05-31,44,31,220,False
2013-04-18,2013,2.8156,2.6744,2.5798,2.6316,5.9304,-2.175600000000003,8.106000000000002,0.19300000000000003,2013-05-31,43,30,221,False
2013-04-19,2013,2.7961,2.6649000000000003,2.5652999999999997,2.6275999999999997,5.51039999999999,-2.616600000000001,8.126999999999992,0.1934999999999998,2013-05-31,42,29,222,False
2013-04-22,2013,2.7969,2.6575,2.5395,2.6001,5.854799999999989,-2.5451999999999995,8.399999999999988,0.1999999999999997,2013-05-31,39,28,223,False
2013-04-23,2013,2.825,2.6919999999999997,2.5707,2.6385,5.586000000000019,-2.8476000000000035,8.433600000000023,0.20080000000000056,2013-05-31,38,27,224,False
2013-04-24,2013,2.8199,2.6989,2.5649,2.6379,5.082,-3.065999999999998,8.147999999999998,0.19399999999999995,2013-05-31,37,26,225,False
2013-04-25,2013,2.8188,2.6860000000000004,2.5619,2.6268000000000002,5.577599999999983,-2.7258000000000076,8.30339999999999,0.19769999999999974,2013-05-31,36,25,226,False
2013-04-26,2013,2.7624,2.6395999999999997,2.5115,2.5787999999999998,5.15760000000001,-2.8265999999999964,7.984200000000007,0.19010000000000016,2013-05-31,35,24,227,False
2013-04-29,2013,2.818,2.6702,2.5391,2.5917000000000003,6.2076000000000064,-2.209200000000018,8.416800000000023,0.20040000000000055,2013-05-31,32,23,228,False
2013-04-30,2013,2.7901,2.6664999999999996,2.5378,2.5927,5.1912000000000065,-2.305799999999998,7.497000000000004,0.1785000000000001,2013-05-31,31,22,229,False
2013-05-01,2013,2.7691000000000003,2.6581,2.5284,2.593,4.662000000000009,-2.7131999999999996,7.375200000000008,0.1756000000000002,2013-05-31,30,21,230,False
2013-05-02,2013,2.7593,2.6666000000000003,2.5456,2.6117000000000004,3.893399999999991,-2.7762000000000207,6.6696000000000115,0.15880000000000027,2013-05-31,29,20,231,False
2013-05-03,2013,2.7911,2.6923000000000004,2.5793,2.6445,4.149599999999991,-2.738399999999997,6.8879999999999875,0.1639999999999997,2013-05-31,28,19,232,False
2013-05-06,2013,2.8217000000000003,2.7081,2.6184,2.6757999999999997,4.771200000000015,-2.4107999999999956,7.182000000000011,0.17100000000000026,2013-05-31,25,18,233,False
2013-05-07,2013,2.8286000000000002,2.708,2.6147000000000005,2.6747,5.065200000000002,-2.5199999999999836,7.585199999999985,0.18059999999999965,2013-05-31,24,17,234,False
2013-05-08,2013,2.8316000000000003,2.7310000000000003,2.625,2.6826999999999996,4.225200000000001,-2.423399999999985,6.648599999999986,0.15829999999999966,2013-05-31,23,16,235,False
2013-05-09,2013,2.8634,2.7499000000000002,2.6312,2.6937,4.766999999999988,-2.625,7.391999999999988,0.1759999999999997,2013-05-31,22,15,236,False
2013-05-10,2013,2.8897000000000004,2.7498,2.6288,2.6949,5.875800000000015,-2.776200000000002,8.652000000000017,0.2060000000000004,2013-05-31,21,14,237,False
2013-05-13,2013,2.8497000000000003,2.7235,2.5874,2.6648,5.300400000000013,-3.2507999999999964,8.551200000000009,0.2036000000000002,2013-05-31,18,13,238,False
2013-05-14,2013,2.8132,2.6994,2.5561000000000003,2.6354,4.7796000000000145,-3.330599999999997,8.110200000000011,0.19310000000000027,2013-05-31,17,12,239,False
2013-05-15,2013,2.787,2.693,2.5335,2.6167000000000002,3.947999999999994,-3.494400000000007,7.442400000000001,0.17720000000000002,2013-05-31,16,11,240,False
2013-05-16,2013,2.7708,2.6738,2.5262000000000002,2.6049,4.073999999999999,-3.3053999999999997,7.379399999999999,0.17569999999999997,2013-05-31,15,10,241,False
2013-05-17,2013,2.7459,2.6699,2.5332,2.6138,3.191999999999984,-3.3852,6.577199999999984,0.15659999999999963,2013-05-31,14,9,242,False
2013-05-20,2013,2.717,2.6483,2.5098,2.597,2.8854000000000086,-3.662400000000007,6.547800000000016,0.15590000000000037,2013-05-31,11,8,243,False
2013-05-21,2013,2.7594,2.6919999999999997,2.5486,2.6302999999999996,2.8308000000000053,-3.431399999999986,6.262199999999991,0.1490999999999998,2013-05-31,10,7,244,False
2013-05-22,2013,2.7095,2.6479000000000004,2.5,2.5806999999999998,2.587199999999976,-3.3893999999999904,5.976599999999967,0.1422999999999992,2013-05-31,9,6,245,False
2013-05-23,2013,2.7752999999999997,2.7007999999999996,2.5679000000000003,2.6473,3.1290000000000004,-3.334799999999987,6.4637999999999876,0.1538999999999997,2013-05-31,8,5,246,False
2013-05-24,2013,2.7843,2.7231,2.5938,2.6719999999999997,2.5703999999999967,-3.2843999999999927,5.854799999999989,0.13939999999999975,2013-05-31,7,4,247,False
2013-05-28,2013,2.8201,2.7485000000000004,2.6181,2.6906,3.007199999999986,-3.044999999999991,6.052199999999977,0.14409999999999945,2013-05-31,3,3,248,False
2013-05-29,2013,2.7965,2.7407999999999997,2.6148000000000002,2.6858,2.339400000000013,-2.9819999999999887,5.3214000000000015,0.12670000000000003,2013-05-31,2,2,249,False
2013-05-30,2013,2.7828,2.7394,2.5992,2.6776999999999997,1.8228000000000044,-3.296999999999982,5.119799999999986,0.12189999999999968,2013-05-31,1,1,250,False
2013-05-31,2013,2.7845999999999997,2.7318000000000002,2.5879000000000003,2.6649000000000003,2.2175999999999796,-3.233999999999998,5.451599999999978,0.12979999999999947,2013-05-31,0,0,251,False
2013-06-03,2014,2.6275999999999997,2.688,2.4772,2.6063,-2.536800000000019,-5.422200000000009,2.88539999999999,0.06869999999999976,2014-05-30,361,250,0,False
2013-06-04,2014,2.6473,2.7112,2.5173,2.6501,-2.6837999999999935,-5.577600000000001,2.8938000000000077,0.06890000000000018,2014-05-30,360,249,1,False
2013-06-05,2014,2.6620999999999997,2.7163999999999997,2.5233000000000003,2.6502999999999997,-2.2806000000000006,-5.333999999999972,3.0533999999999715,0.07269999999999932,2014-05-30,359,248,2,False
2013-06-06,2014,2.6677,2.7099,2.522,2.6449000000000003,-1.77240000000001,-5.161800000000019,3.389400000000009,0.08070000000000022,2014-05-30,358,247,3,False
2013-06-07,2014,2.6525,2.7015,2.5334,2.6556,-2.057999999999997,-5.132400000000013,3.074400000000016,0.07320000000000038,2014-05-30,357,246,4,False
2013-06-10,2014,2.6654,2.7058999999999997,2.5318,2.6511,-1.7009999999999899,-5.010599999999998,3.3096000000000085,0.0788000000000002,2014-05-30,354,245,5,False
2013-06-11,2014,2.6148000000000002,2.6515,2.4717,2.5931,-1.5413999999999888,-5.098800000000017,3.557400000000028,0.08470000000000066,2014-05-30,353,244,6,False
2013-06-12,2014,2.5980000000000003,2.6386000000000003,2.4478,2.5661,-1.7051999999999987,-4.968600000000003,3.2634000000000043,0.0777000000000001,2014-05-30,352,243,7,False
2013-06-13,2014,2.6361000000000003,2.6647000000000003,2.4774000000000003,2.5877999999999997,-1.2011999999999983,-4.636799999999974,3.435599999999976,0.08179999999999943,2014-05-30,351,242,8,False
2013-06-14,2014,2.6424000000000003,2.6545,2.4667,2.5753,-0.5081999999999907,-4.561200000000001,4.053000000000011,0.09650000000000025,2014-05-30,350,241,9,False
2013-06-17,2014,2.6562,2.6708,2.4843,2.5941,-0.6131999999999884,-4.611599999999996,3.9984000000000073,0.09520000000000017,2014-05-30,347,240,10,False
2013-06-18,2014,2.6919,2.721,2.5198,2.6417,-1.2222000000000053,-5.119800000000005,3.8975999999999997,0.0928,2014-05-30,346,239,11,False
2013-06-19,2014,2.7182999999999997,2.7310000000000003,2.5254,2.6439999999999997,-0.5334000000000252,-4.981199999999992,4.447799999999967,0.10589999999999922,2014-05-30,345,238,12,False
2013-06-20,2014,2.6853,2.7051,2.5096000000000003,2.6206,-0.8316000000000017,-4.66199999999999,3.8303999999999885,0.09119999999999973,2014-05-30,344,237,13,False
2013-06-21,2014,2.7351,2.7206,2.5374,2.6406,0.6089999999999982,-4.334400000000008,4.943400000000006,0.11770000000000014,2014-05-30,343,236,14,False
2013-06-24,2014,2.7651999999999997,2.7474000000000003,2.5538,2.6605000000000003,0.7475999999999736,-4.481400000000019,5.228999999999993,0.12449999999999983,2014-05-30,340,235,15,False
2013-06-25,2014,2.7533,2.7511,2.5496,2.6532999999999998,0.09239999999998982,-4.355399999999996,4.447799999999986,0.10589999999999966,2014-05-30,339,234,16,False
2013-06-26,2014,2.7473,2.7552,2.5676,2.6660000000000004,-0.33179999999999144,-4.132800000000011,3.8010000000000197,0.09050000000000047,2014-05-30,338,233,17,False
2013-06-27,2014,2.7599,2.7724,2.5863,2.6904000000000003,-0.5250000000000075,-4.372200000000013,3.8472000000000053,0.09160000000000013,2014-05-30,337,232,18,False
2013-06-28,2014,2.7365,2.7681999999999998,2.5995,2.7114,-1.3313999999999933,-4.699799999999995,3.368400000000002,0.08020000000000005,2014-05-30,336,231,19,False
2013-07-01,2014,2.6411000000000002,2.6763999999999997,2.4966999999999997,2.6068000000000002,-1.4825999999999766,-4.624200000000022,3.1416000000000457,0.07480000000000109,2014-05-30,333,230,20,False
2013-07-02,2014,2.6636,2.6922,2.5121,2.6277,-1.2011999999999983,-4.8551999999999875,3.6539999999999893,0.08699999999999974,2014-05-30,332,229,21,False
2013-07-03,2014,2.6699,2.7102999999999997,2.5385,2.6525,-1.696799999999981,-4.787999999999995,3.091200000000014,0.07360000000000033,2014-05-30,331,228,22,False
2013-07-05,2014,2.6645,2.7112,2.5447,2.6568,-1.9613999999999985,-4.708199999999994,2.746799999999996,0.0653999999999999,2014-05-30,329,227,23,False
2013-07-08,2014,2.7051999999999996,2.7264,2.5428,2.6494999999999997,-0.8904000000000138,-4.481399999999982,3.590999999999968,0.08549999999999924,2014-05-30,326,226,24,False
2013-07-09,2014,2.6576999999999997,2.6957999999999998,2.5194,2.6329000000000002,-1.600200000000001,-4.767000000000007,3.1668000000000056,0.07540000000000013,2014-05-30,325,225,25,False
2013-07-10,2014,2.6468000000000003,2.6993,2.4955000000000003,2.6096,-2.2049999999999903,-4.792199999999985,2.587199999999995,0.06159999999999988,2014-05-30,324,224,26,False
2013-07-11,2014,2.6479000000000004,2.6976999999999998,2.5025,2.6231,-2.091599999999975,-5.065200000000002,2.973600000000027,0.07080000000000064,2014-05-30,323,223,27,False
2013-07-12,2014,2.6045999999999996,2.6416000000000004,2.4378,2.5635000000000003,-1.554000000000034,-5.279400000000006,3.725399999999972,0.08869999999999933,2014-05-30,322,222,28,False
2013-07-15,2014,2.6441000000000003,2.6777999999999995,2.4828,2.6055,-1.4153999999999654,-5.153400000000001,3.738000000000036,0.08900000000000086,2014-05-30,319,221,29,False
2013-07-16,2014,2.6378,2.6811000000000003,2.4861,2.6108,-1.8186000000000142,-5.237399999999992,3.418799999999978,0.08139999999999947,2014-05-30,318,220,30,False
2013-07-17,2014,2.6389,2.6966,2.4994,2.6145,-2.4234000000000036,-4.834199999999999,2.4107999999999956,0.057399999999999896,2014-05-30,317,219,31,False
2013-07-18,2014,2.6433999999999997,2.6925,2.5,2.6127999999999996,-2.062200000000006,-4.737599999999982,2.675399999999976,0.06369999999999942,2014-05-30,316,218,32,False
2013-07-19,2014,2.6264999999999996,2.6813,2.479,2.5912,-2.3016000000000076,-4.712400000000003,2.4107999999999956,0.057399999999999896,2014-05-30,315,217,33,False
2013-07-22,2014,2.6116,2.6777999999999995,2.4867,2.5959,-2.7803999999999736,-4.5863999999999985,1.806000000000025,0.04300000000000059,2014-05-30,312,216,34,False
2013-07-23,2014,2.5868,2.6664999999999996,2.4731,2.5824000000000003,-3.3473999999999764,-4.590600000000007,1.243200000000031,0.029600000000000737,2014-05-30,311,215,35,False
2013-07-24,2014,2.5715,2.6548000000000003,2.448,2.5617,-3.4986000000000157,-4.775400000000006,1.27679999999999,0.03039999999999976,2014-05-30,310,214,36,False
2013-07-25,2014,2.6014,2.694,2.4993,2.6096,-3.8892000000000007,-4.632600000000003,0.7434000000000021,0.01770000000000005,2014-05-30,309,213,37,False
2013-07-26,2014,2.6494999999999997,2.7419,2.5424,2.6545,-3.8808000000000016,-4.708199999999994,0.8273999999999928,0.01969999999999983,2014-05-30,308,212,38,False
2013-07-29,2014,2.6606,2.7412,2.5622000000000003,2.6724,-3.3852,-4.628399999999994,1.2431999999999936,0.02959999999999985,2014-05-30,305,211,39,False
2013-07-30,2014,2.6132999999999997,2.7023,2.5391,2.6448,-3.7380000000000173,-4.439400000000005,0.701399999999988,0.016699999999999715,2014-05-30,304,210,40,False
2013-07-31,2014,2.5751999999999997,2.6639999999999997,2.5066,2.6149,-3.7295999999999996,-4.548599999999993,0.8189999999999937,0.01949999999999985,2014-05-30,303,209,41,False
2013-08-01,2014,2.5108,2.5927999999999995,2.4224,2.5321000000000002,-3.443999999999975,-4.6074000000000055,1.1634000000000304,0.027700000000000724,2014-05-30,302,208,42,False
2013-08-02,2014,2.4987,2.5795,2.4284,2.5275,-3.3935999999999993,-4.162199999999999,0.7685999999999993,0.018299999999999983,2014-05-30,301,207,43,False
2013-08-05,2014,2.4914,2.5598,2.4108,2.5046,-2.8728000000000007,-3.939599999999995,1.0667999999999944,0.025399999999999867,2014-05-30,298,206,44,False
2013-08-06,2014,2.4939,2.556,2.3963,2.4969,-2.608200000000002,-4.225200000000001,1.616999999999999,0.03849999999999998,2014-05-30,297,205,45,False
2013-08-07,2014,2.5262000000000002,2.6011,2.4419,2.5535,-3.1457999999999986,-4.687200000000006,1.5414000000000074,0.03670000000000018,2014-05-30,296,204,46,False
2013-08-08,2014,2.4847,2.5669999999999997,2.4200999999999997,2.5324,-3.456599999999983,-4.716600000000012,1.260000000000029,0.030000000000000693,2014-05-30,295,203,47,False
2013-08-09,2014,2.5131,2.5792,2.4254,2.5359,-2.776200000000002,-4.641000000000002,1.8647999999999998,0.044399999999999995,2014-05-30,294,202,48,False
2013-08-12,2014,2.4981,2.5723000000000003,2.4124,2.5196,-3.116400000000011,-4.502400000000008,1.3859999999999966,0.03299999999999992,2014-05-30,291,201,49,False
2013-08-13,2014,2.5633,2.6214999999999997,2.4866,2.5862,-2.444399999999992,-4.183199999999987,1.738799999999995,0.04139999999999988,2014-05-30,290,200,50,False
2013-08-14,2014,2.5667,2.6554,2.5454,2.6502999999999997,-3.7254000000000094,-4.40579999999999,0.680399999999981,0.016199999999999548,2014-05-30,289,199,51,False
2013-08-15,2014,2.5343999999999998,2.6122,2.5241,2.6263,-3.267600000000013,-4.292400000000012,1.024799999999999,0.024399999999999977,2014-05-30,288,198,52,False
2013-08-16,2014,2.5153,2.5961000000000003,2.492,2.5978,-3.393600000000018,-4.4435999999999956,1.0499999999999776,0.024999999999999467,2014-05-30,287,197,53,False
2013-08-19,2014,2.5664999999999996,2.6475,2.5481,2.6556,-3.402000000000017,-4.515000000000016,1.1129999999999987,0.026499999999999968,2014-05-30,284,196,54,False
2013-08-20,2014,2.5273,2.6311,2.537,2.6527999999999996,-4.359600000000005,-4.863599999999987,0.5039999999999818,0.011999999999999567,2014-05-30,283,195,55,False
2013-08-21,2014,2.5463999999999998,2.6336,2.5507,2.6685000000000003,-3.662400000000007,-4.947600000000015,1.2852000000000077,0.030600000000000183,2014-05-30,282,194,56,False
2013-08-22,2014,2.5585,2.6391000000000004,2.5412,2.6581,-3.385200000000019,-4.9098000000000095,1.5245999999999906,0.03629999999999978,2014-05-30,281,193,57,False
2013-08-23,2014,2.5776999999999997,2.6527999999999996,2.5627,2.6738999999999997,-3.1541999999999977,-4.670399999999989,1.5161999999999916,0.0360999999999998,2014-05-30,280,192,58,False
2013-08-26,2014,2.5683,2.6479000000000004,2.5631,2.682,-3.3432000000000235,-4.9938,1.6505999999999768,0.039299999999999446,2014-05-30,277,191,59,False
2013-08-27,2014,2.5562,2.6255,2.5454,2.6633999999999998,-2.910600000000006,-4.955999999999995,2.0453999999999892,0.048699999999999743,2014-05-30,276,190,60,False
2013-08-28,2014,2.591,2.6452999999999998,2.553,2.6697,-2.280599999999982,-4.90140000000001,2.6208000000000284,0.06240000000000068,2014-05-30,275,189,61,False
2013-08-29,2014,2.6313999999999997,2.6699,2.5893,2.7133,-1.6170000000000178,-5.207999999999986,3.590999999999968,0.08549999999999924,2014-05-30,274,188,62,False
2013-08-30,2014,2.6286,2.6798,2.5831,2.7152999999999996,-2.1504000000000056,-5.552399999999985,3.4019999999999797,0.08099999999999952,2014-05-30,273,187,63,False
2013-09-03,2014,2.6037,2.6435000000000004,2.5321000000000002,2.6587,-1.671600000000021,-5.317199999999993,3.6455999999999715,0.08679999999999932,2014-05-30,269,186,64,False
2013-09-04,2014,2.6069,2.6562,2.5262000000000002,2.6542000000000003,-2.070600000000005,-5.376000000000005,3.3053999999999997,0.07869999999999999,2014-05-30,268,185,65,False
2013-09-05,2014,2.6052999999999997,2.6765,2.5452,2.6784,-2.9904000000000064,-5.594399999999999,2.603999999999993,0.06199999999999983,2014-05-30,267,184,66,False
2013-09-06,2014,2.5203,2.6022000000000003,2.4676,2.6031999999999997,-3.4398000000000035,-5.695199999999988,2.2553999999999848,0.05369999999999964,2014-05-30,266,183,67,False
2013-09-09,2014,2.4817,2.5819,2.4322999999999997,2.5726,-4.208400000000003,-5.892600000000013,1.6842000000000104,0.04010000000000025,2014-05-30,263,182,68,False
2013-09-10,2014,2.4547,2.5559,2.4236,2.5601,-4.250399999999998,-5.732999999999993,1.4825999999999953,0.03529999999999989,2014-05-30,262,181,69,False
2013-09-11,2014,2.4499,2.5382,2.4106,2.5376,-3.7085999999999926,-5.333999999999991,1.6253999999999982,0.03869999999999996,2014-05-30,261,180,70,False
2013-09-12,2014,2.4208000000000003,2.4915000000000003,2.3464,2.4842,-2.9693999999999994,-5.787599999999997,2.8181999999999974,0.06709999999999994,2014-05-30,260,179,71,False
2013-09-13,2014,2.3651,2.4421,2.2812,2.4215999999999998,-3.233999999999998,-5.896799999999985,2.6627999999999865,0.06339999999999968,2014-05-30,259,178,72,False
2013-09-16,2014,2.3753,2.4485,2.3013,2.4406,-3.074399999999997,-5.850599999999999,2.776200000000002,0.06610000000000005,2014-05-30,256,177,73,False
2013-09-17,2014,2.388,2.4536000000000002,2.3215,2.458,-2.7552000000000136,-5.733000000000012,2.9777999999999984,0.07089999999999996,2014-05-30,255,176,74,False
2013-09-18,2014,2.4124,2.4778000000000002,2.3274,2.4625,-2.7468000000000146,-5.6742,2.9273999999999853,0.06969999999999965,2014-05-30,254,175,75,False
2013-09-19,2014,2.4211,2.4993,2.3438999999999997,2.4838999999999998,-3.2843999999999927,-5.880000000000005,2.5956000000000126,0.0618000000000003,2014-05-30,253,174,76,False
2013-09-20,2014,2.3997,2.4629,2.3239,2.4614,-2.6543999999999874,-5.774999999999989,3.1206000000000014,0.07430000000000003,2014-05-30,252,173,77,False
2013-09-23,2014,2.439,2.4722999999999997,2.3444,2.4695,-1.3985999999999859,-5.254200000000009,3.855600000000023,0.09180000000000055,2014-05-30,249,172,78,False
2013-09-24,2014,2.4718999999999998,2.5113,2.395,2.5149,-1.6548000000000043,-5.035799999999996,3.3809999999999913,0.0804999999999998,2014-05-30,248,171,79,False
2013-09-25,2014,2.4888,2.5437,2.4093999999999998,2.5328999999999997,-2.305799999999998,-5.186999999999998,2.8811999999999998,0.0686,2014-05-30,247,170,80,False
2013-09-26,2014,2.4882,2.5682,2.4267,2.5617,-3.360000000000003,-5.67000000000001,2.3100000000000067,0.05500000000000016,2014-05-30,246,169,81,False
2013-09-27,2014,2.4848,2.5492,2.4434,2.5705,-2.7048000000000005,-5.3382,2.633399999999999,0.06269999999999998,2014-05-30,245,168,82,False
2013-09-30,2014,2.4989,2.5465,2.4451,2.5713,-1.9992000000000036,-5.3003999999999944,3.301199999999991,0.07859999999999978,2014-05-30,242,167,83,False
2013-10-01,2014,2.5286,2.5583,2.4505,2.5769,-1.2474000000000025,-5.308800000000012,4.06140000000001,0.09670000000000023,2014-05-30,241,166,84,False
2013-10-02,2014,2.5377,2.573,2.4697999999999998,2.5975,-1.4825999999999953,-5.3634000000000155,3.8808000000000202,0.09240000000000048,2014-05-30,240,165,85,False
2013-10-03,2014,2.5166,2.5543,2.4579,2.5835000000000004,-1.5834000000000028,-5.275200000000016,3.691800000000013,0.08790000000000031,2014-05-30,239,164,86,False
2013-10-04,2014,2.5251,2.5431,2.4314,2.5531,-0.7559999999999913,-5.111400000000006,4.355400000000015,0.10370000000000035,2014-05-30,238,163,87,False
2013-10-07,2014,2.5575,2.5843000000000003,2.4779,2.6037,-1.1256000000000066,-5.283599999999996,4.15799999999999,0.09899999999999975,2014-05-30,235,162,88,False
2013-10-08,2014,2.5622000000000003,2.5813,2.4901,2.6096,-0.8021999999999956,-5.0189999999999975,4.216800000000002,0.10040000000000004,2014-05-30,234,161,89,False
2013-10-09,2014,2.5623,2.5556,2.4489,2.5726,0.281399999999997,-5.195399999999997,5.476799999999994,0.13039999999999985,2014-05-30,233,160,90,False
2013-10-10,2014,2.5902,2.5848,2.4659999999999997,2.5984,0.22679999999999367,-5.560800000000003,5.787599999999997,0.13779999999999992,2014-05-30,232,159,91,False
2013-10-11,2014,2.5586,2.5354,2.4178,2.5458000000000003,0.9744000000000046,-5.376000000000005,6.350400000000009,0.15120000000000022,2014-05-30,231,158,92,False
2013-10-14,2014,2.5683999999999996,2.5673000000000004,2.4451,2.5811,0.046199999999966934,-5.712000000000005,5.758199999999972,0.13709999999999933,2014-05-30,228,157,93,False
2013-10-15,2014,2.5332,2.5221999999999998,2.3994999999999997,2.5295,0.4620000000000051,-5.460000000000014,5.922000000000019,0.14100000000000046,2014-05-30,227,156,94,False
2013-10-16,2014,2.5068,2.5166999999999997,2.3769,2.5149,-0.4157999999999822,-5.795999999999996,5.380200000000014,0.12810000000000032,2014-05-30,226,155,95,False
2013-10-17,2014,2.4773,2.4907,2.3569999999999998,2.4956,-0.562799999999994,-5.821200000000012,5.258400000000018,0.12520000000000042,2014-05-30,225,154,96,False
2013-10-18,2014,2.4935,2.4972,2.3722,2.5032,-0.1553999999999922,-5.5020000000000095,5.346600000000017,0.1273000000000004,2014-05-30,224,153,97,False
2013-10-21,2014,2.4678999999999998,2.4840999999999998,2.3706,2.5027,-0.6803999999999997,-5.548199999999995,4.8677999999999955,0.11589999999999989,2014-05-30,221,152,98,False
2013-10-22,2014,2.4795,2.5005,2.3992,2.5325,-0.8820000000000148,-5.598600000000008,4.7165999999999935,0.11229999999999984,2014-05-30,220,151,99,False
2013-10-23,2014,2.4683,2.4773,2.3834999999999997,2.521,-0.3779999999999957,-5.7750000000000075,5.397000000000012,0.12850000000000028,2014-05-30,219,150,100,False
2013-10-24,2014,2.4449,2.4635,2.38,2.5166999999999997,-0.7811999999999886,-5.7413999999999925,4.960200000000004,0.1181000000000001,2014-05-30,218,149,101,False
2013-10-25,2014,2.4308,2.4516,2.3782,2.5138,-0.873599999999997,-5.695199999999988,4.821599999999991,0.11479999999999979,2014-05-30,217,148,102,False
2013-10-28,2014,2.4233000000000002,2.4574000000000003,2.3682,2.5048,-1.4322000000000008,-5.737200000000002,4.3050000000000015,0.10250000000000004,2014-05-30,214,147,103,False
2013-10-29,2014,2.4529,2.4882,2.3982,2.5379,-1.4825999999999953,-5.867399999999997,4.384800000000002,0.10440000000000005,2014-05-30,213,146,104,False
2013-10-30,2014,2.4189,2.4667,2.3721,2.5247,-2.0076000000000027,-6.409200000000003,4.4016,0.1048,2014-05-30,212,145,105,False
2013-10-31,2014,2.432,2.487,2.3884,2.5503,-2.3100000000000067,-6.7998000000000065,4.4898,0.1069,2014-05-30,211,144,106,False
2013-11-01,2014,2.4807,2.5183,2.439,2.5864,-1.579199999999994,-6.19079999999999,4.611599999999996,0.1097999999999999,2014-05-30,210,143,107,False
2013-11-04,2014,2.4583,2.4895,2.3902,2.5432,-1.310400000000005,-6.426000000000001,5.115599999999996,0.12179999999999991,2014-05-30,207,142,108,False
2013-11-05,2014,2.4017,2.4387,2.347,2.4969,-1.5539999999999967,-6.295800000000006,4.741800000000009,0.11290000000000022,2014-05-30,206,141,109,False
2013-11-06,2014,2.381,2.4295,2.3334,2.4931,-2.037000000000009,-6.707399999999998,4.670399999999989,0.11119999999999974,2014-05-30,205,140,110,False
2013-11-07,2014,2.3794999999999997,2.4212000000000002,2.3192,2.4833000000000003,-1.7514000000000216,-6.892200000000015,5.140799999999993,0.12239999999999984,2014-05-30,204,139,111,False
2013-11-08,2014,2.3354,2.4006,2.2974,2.4633000000000003,-2.738399999999997,-6.967800000000007,4.22940000000001,0.10070000000000023,2014-05-30,203,138,112,False
2013-11-11,2014,2.3769,2.4259,2.3246,2.4799,-2.057999999999997,-6.5226,4.464600000000003,0.10630000000000006,2014-05-30,200,137,113,False
2013-11-12,2014,2.3951,2.4263,2.3186,2.4697999999999998,-1.310400000000005,-6.350399999999991,5.039999999999986,0.11999999999999966,2014-05-30,199,136,114,False
2013-11-13,2014,2.3251,2.3796,2.2721,2.4277,-2.2889999999999997,-6.535200000000008,4.246200000000008,0.10110000000000019,2014-05-30,198,135,115,False
2013-11-14,2014,2.3421000000000003,2.3929,2.2984,2.4544,-2.133599999999989,-6.552000000000006,4.418400000000017,0.1052000000000004,2014-05-30,197,134,116,False
2013-11-15,2014,2.3194999999999997,2.3994999999999997,2.3082,2.4682,-3.360000000000003,-6.720000000000006,3.360000000000003,0.08000000000000007,2014-05-30,196,133,117,False
2013-11-18,2014,2.3531,2.427,2.3228,2.4849,-3.1038000000000032,-6.808200000000006,3.7044000000000024,0.08820000000000006,2014-05-30,193,132,118,False
2013-11-19,2014,2.3737,2.4366,2.3279,2.4896000000000003,-2.641799999999998,-6.791400000000007,4.149600000000009,0.09880000000000022,2014-05-30,192,131,119,False
2013-11-20,2014,2.4309,2.4925,2.3736,2.5336000000000003,-2.5872000000000135,-6.720000000000006,4.1327999999999925,0.09839999999999982,2014-05-30,191,130,120,False
2013-11-21,2014,2.4455,2.5261,2.4215,2.585,-3.3852,-6.866999999999999,3.481799999999999,0.08289999999999997,2014-05-30,190,129,121,False
2013-11-22,2014,2.4541,2.5444999999999998,2.4383,2.597,-3.796799999999992,-6.665400000000003,2.8686000000000105,0.06830000000000025,2014-05-30,189,128,122,False
2013-11-25,2014,2.3971,2.4914,2.3644,2.5221999999999998,-3.960600000000002,-6.6275999999999975,2.6669999999999954,0.06349999999999989,2014-05-30,186,127,123,False
2013-11-26,2014,2.3786,2.4625,2.3242,2.4865,-3.5237999999999943,-6.816600000000005,3.2928000000000104,0.07840000000000025,2014-05-30,185,126,124,False
2013-11-27,2014,2.3186,2.4076,2.2756,2.4363,-3.7379999999999987,-6.749400000000012,3.0114000000000134,0.07170000000000032,2014-05-30,184,125,125,False
2013-11-29,2014,2.3456,2.4246,2.2763999999999998,2.4454,-3.317999999999989,-7.098000000000002,3.7800000000000127,0.0900000000000003,2014-05-30,182,124,126,False
2013-12-02,2014,2.41,2.4446,2.3343000000000003,2.4878,-1.4531999999999892,-6.446999999999989,4.9938,0.1189,2014-05-30,179,123,127,False
2013-12-03,2014,2.4331,2.4663,2.3516999999999997,2.5023,-1.3943999999999956,-6.325200000000012,4.9308000000000165,0.11740000000000039,2014-05-30,178,122,128,False
2013-12-04,2014,2.4476,2.4745,2.3642,2.5051,-1.1297999999999968,-5.91780000000001,4.788000000000014,0.11400000000000032,2014-05-30,177,121,129,False
2013-12-05,2014,2.426,2.4541,2.3238,2.4608000000000003,-1.1801999999999913,-5.754000000000019,4.573800000000028,0.10890000000000066,2014-05-30,176,120,130,False
2013-12-06,2014,2.4729,2.5019,2.3821,2.5159000000000002,-1.2179999999999964,-5.619600000000015,4.401600000000019,0.10480000000000045,2014-05-30,175,119,131,False
2013-12-09,2014,2.4979,2.5011,2.3767,2.5084999999999997,-0.13440000000000385,-5.535599999999987,5.401199999999983,0.1285999999999996,2014-05-30,172,118,132,False
2013-12-10,2014,2.5563,2.546,2.4412000000000003,2.5717000000000003,0.432599999999999,-5.4810000000000025,5.9136000000000015,0.14080000000000004,2014-05-30,171,117,133,False
2013-12-11,2014,2.5662000000000003,2.5409,2.4341999999999997,2.5625,1.0626000000000042,-5.388600000000013,6.451200000000017,0.1536000000000004,2014-05-30,170,116,134,False
2013-12-12,2014,2.5475,2.52,2.4151,2.5450999999999997,1.154999999999994,-5.4599999999999955,6.6149999999999896,0.15749999999999975,2014-05-30,169,115,135,False
2013-12-13,2014,2.5627,2.5233000000000003,2.4146,2.5527,1.6547999999999856,-5.800200000000005,7.45499999999999,0.17749999999999977,2014-05-30,168,114,136,False
2013-12-16,2014,2.5757,2.5383,2.417,2.5637,1.5707999999999949,-6.161400000000002,7.732199999999997,0.18409999999999993,2014-05-30,165,113,137,False
2013-12-17,2014,2.5885000000000002,2.5623,2.4616,2.6048,1.1004000000000094,-6.014400000000009,7.114800000000018,0.16940000000000044,2014-05-30,164,112,138,False
2013-12-18,2014,2.5672,2.5379,2.4161,2.5660000000000003,1.2306000000000044,-6.295800000000006,7.52640000000001,0.17920000000000025,2014-05-30,163,111,139,False
2013-12-19,2014,2.5871,2.5546,2.4382,2.5919,1.3649999999999896,-6.4553999999999885,7.820399999999978,0.18619999999999948,2014-05-30,162,110,140,False
2013-12-20,2014,2.5855,2.5687,2.4496,2.6047000000000002,0.7055999999999969,-6.514200000000001,7.2197999999999976,0.17189999999999994,2014-05-30,161,109,141,False
2013-12-23,2014,2.5941,2.5858,2.4638,2.6216000000000004,0.34860000000000824,-6.627600000000016,6.976200000000024,0.16610000000000058,2014-05-30,158,108,142,False
2013-12-24,2014,2.5572999999999997,2.5421,2.4337999999999997,2.585,0.6383999999999856,-6.350400000000009,6.988799999999995,0.16639999999999988,2014-05-30,157,107,143,False
2013-12-26,2014,2.5907999999999998,2.557,2.4461,2.5963,1.4195999999999929,-6.308399999999995,7.727999999999988,0.18399999999999972,2014-05-30,155,106,144,False
2013-12-27,2014,2.5697,2.5418000000000003,2.4241,2.5795,1.1717999999999922,-6.52679999999999,7.698599999999982,0.18329999999999957,2014-05-30,154,105,145,False
2013-12-30,2014,2.6010000000000004,2.5783,2.4447,2.6055,0.9534000000000162,-6.753600000000002,7.7070000000000185,0.18350000000000044,2014-05-30,151,104,146,False
2013-12-31,2014,2.5602,2.5484999999999998,2.4093999999999998,2.5738,0.49140000000001116,-6.904800000000004,7.396200000000015,0.17610000000000037,2014-05-30,150,103,147,False
2014-01-02,2014,2.5518,2.5201,2.3941,2.5481,1.331400000000012,-6.467999999999996,7.799400000000008,0.1857000000000002,2014-05-30,148,102,148,False
2014-01-03,2014,2.5627999999999997,2.5277000000000003,2.3890000000000002,2.5472,1.4741999999999775,-6.644399999999996,8.118599999999972,0.19329999999999933,2014-05-30,147,101,149,False
2014-01-06,2014,2.5753,2.5643000000000002,2.3982,2.5572,0.4619999999999864,-6.677999999999992,7.139999999999978,0.16999999999999948,2014-05-30,144,100,150,False
2014-01-07,2014,2.6061,2.5869999999999997,2.4219,2.5844,0.8022000000000142,-6.825000000000004,7.627200000000018,0.18160000000000043,2014-05-30,143,99,151,False
2014-01-08,2014,2.5951999999999997,2.5813,2.4097,2.5776,0.5837999999999823,-7.051799999999997,7.63559999999998,0.18179999999999952,2014-05-30,142,98,152,False
2014-01-09,2014,2.5726999999999998,2.5655,2.3924000000000003,2.5617,0.30239999999998535,-7.110599999999991,7.412999999999976,0.17649999999999944,2014-05-30,141,97,153,False
2014-01-10,2014,2.5459,2.5476,2.4009,2.5604,-0.07140000000000146,-6.698999999999999,6.6275999999999975,0.15779999999999994,2014-05-30,140,96,154,False
2014-01-13,2014,2.5009,2.5054,2.3596,2.5177,-0.1889999999999885,-6.640200000000005,6.451200000000017,0.1536000000000004,2014-05-30,137,95,155,False
2014-01-14,2014,2.498,2.5165,2.3527,2.5185,-0.7769999999999984,-6.963599999999998,6.186599999999999,0.1473,2014-05-30,136,94,156,False
2014-01-15,2014,2.5003,2.5322999999999998,2.3794999999999997,2.5396,-1.3439999999999825,-6.724200000000015,5.380200000000032,0.12810000000000077,2014-05-30,135,93,157,False
2014-01-16,2014,2.4936000000000003,2.525,2.3681,2.5332,-1.3187999999999853,-6.934199999999992,5.615400000000006,0.13370000000000015,2014-05-30,134,92,158,False
2014-01-17,2014,2.4533,2.5051,2.369,2.5341,-2.175600000000003,-6.934199999999992,4.758599999999989,0.11329999999999973,2014-05-30,133,91,159,False
2014-01-21,2014,2.4574000000000003,2.5249,2.378,2.5477000000000003,-2.8349999999999955,-7.127400000000008,4.292400000000012,0.10220000000000029,2014-05-30,129,90,160,False
2014-01-22,2014,2.4513,2.5068,2.3331999999999997,2.5118,-2.3310000000000137,-7.501200000000013,5.1701999999999995,0.12309999999999999,2014-05-30,128,89,161,False
2014-01-23,2014,2.4518,2.4939,2.3022,2.4832,-1.768200000000001,-7.602000000000002,5.833800000000001,0.13890000000000002,2014-05-30,127,88,162,False
2014-01-24,2014,2.4314,2.4702,2.2843,2.4663,-1.629600000000007,-7.6439999999999975,6.01439999999999,0.14319999999999977,2014-05-30,126,87,163,False
2014-01-27,2014,2.4092,2.4321,2.2561,2.4282,-0.9618000000000153,-7.228199999999997,6.266399999999981,0.14919999999999956,2014-05-30,123,86,164,False
2014-01-28,2014,2.4025,2.4175999999999997,2.2504,2.4267,-0.6341999999999954,-7.404599999999996,6.7704,0.1612,2014-05-30,122,85,165,False
2014-01-29,2014,2.4009,2.4163,2.2481999999999998,2.4193000000000002,-0.6468000000000034,-7.18620000000002,6.5394000000000165,0.1557000000000004,2014-05-30,121,84,166,False
2014-01-30,2014,2.4038,2.3937,2.2188999999999997,2.395,0.4241999999999999,-7.396200000000015,7.820400000000015,0.18620000000000037,2014-05-30,120,83,167,False
2014-01-31,2014,2.4136,2.3971999999999998,2.2378,2.4116999999999997,0.6888000000000174,-7.303799999999988,7.992600000000006,0.19030000000000014,2014-05-30,119,82,168,False
2014-02-03,2014,2.3793,2.377,2.1988,2.3675,0.09660000000001734,-7.085400000000012,7.18200000000003,0.1710000000000007,2014-05-30,116,81,169,False
2014-02-04,2014,2.3991,2.4053999999999998,2.2386,2.4049,-0.26459999999999884,-6.984600000000005,6.720000000000006,0.16000000000000014,2014-05-30,115,80,170,False
2014-02-05,2014,2.414,2.4156,2.254,2.4090000000000003,-0.0671999999999926,-6.5100000000000104,6.442800000000018,0.15340000000000042,2014-05-30,114,79,171,False
2014-02-06,2014,2.4337999999999997,2.4343,2.2786,2.43,-0.021000000000007013,-6.3588000000000084,6.337800000000001,0.15090000000000003,2014-05-30,113,78,172,False
2014-02-07,2014,2.4851,2.4879,2.3187,2.4765,-0.11759999999998705,-6.6275999999999975,6.5100000000000104,0.15500000000000025,2014-05-30,112,77,173,False
2014-02-10,2014,2.5195,2.5269999999999997,2.3594999999999997,2.5121,-0.3149999999999933,-6.4092000000000215,6.094200000000028,0.14510000000000067,2014-05-30,109,76,174,False
2014-02-11,2014,2.5295,2.5393,2.3507,2.5149,-0.411599999999992,-6.896400000000005,6.484800000000013,0.15440000000000031,2014-05-30,108,75,175,False
2014-02-12,2014,2.5349,2.5472,2.3729,2.5287,-0.5166000000000084,-6.543600000000007,6.026999999999998,0.14349999999999996,2014-05-30,107,74,176,False
2014-02-13,2014,2.5171,2.5433000000000003,2.3708,2.5379,-1.1004000000000094,-7.018200000000001,5.917799999999992,0.1408999999999998,2014-05-30,106,73,177,False
2014-02-14,2014,2.5116,2.5217,2.3567,2.5288999999999997,-0.4241999999999999,-7.232399999999987,6.808199999999987,0.1620999999999997,2014-05-30,105,72,178,False
2014-02-18,2014,2.5436,2.5365,2.3522,2.5269999999999997,0.29819999999999514,-7.3415999999999935,7.639799999999989,0.18189999999999973,2014-05-30,101,71,179,False
2014-02-19,2014,2.5034,2.4804,2.323,2.4863999999999997,0.9660000000000055,-6.86279999999999,7.828799999999996,0.1863999999999999,2014-05-30,100,70,180,False
2014-02-20,2014,2.5138,2.4778000000000002,2.3371,2.4946,1.5119999999999827,-6.615000000000008,8.126999999999992,0.1934999999999998,2014-05-30,99,69,181,False
2014-02-21,2014,2.5053,2.4693,2.3352,2.4921,1.5120000000000013,-6.589800000000011,8.101800000000011,0.19290000000000027,2014-05-30,98,68,182,False
2014-02-24,2014,2.4834,2.4568,2.3075,2.468,1.1172000000000075,-6.740999999999994,7.858200000000002,0.18710000000000004,2014-05-30,95,67,183,False
2014-02-25,2014,2.4966999999999997,2.4536000000000002,2.3072999999999997,2.4619,1.8101999999999778,-6.493200000000012,8.30339999999999,0.19769999999999974,2014-05-30,94,66,184,False
2014-02-26,2014,2.4556,2.403,2.2435,2.399,2.209199999999999,-6.530999999999999,8.740199999999998,0.20809999999999995,2014-05-30,93,65,185,False
2014-02-27,2014,2.46,2.3941,2.2519,2.4077,2.767800000000003,-6.543600000000007,9.31140000000001,0.22170000000000023,2014-05-30,92,64,186,False
2014-02-28,2014,2.475,2.4153000000000002,2.2608,2.4167,2.5073999999999943,-6.547799999999997,9.055199999999992,0.21559999999999982,2014-05-30,91,63,187,False
2014-03-03,2014,2.4856,2.4263999999999997,2.2563999999999997,2.4139,2.486400000000006,-6.615000000000008,9.101400000000014,0.21670000000000034,2014-05-30,88,62,188,False
2014-03-04,2014,2.5172,2.4668,2.2846,2.4495,2.1167999999999907,-6.925799999999993,9.042599999999982,0.21529999999999958,2014-05-30,87,61,189,False
2014-03-05,2014,2.5029,2.45,2.2723,2.4400999999999997,2.2217999999999885,-7.0475999999999885,9.269399999999976,0.22069999999999942,2014-05-30,86,60,190,False
2014-03-06,2014,2.4872,2.4403,2.286,2.4469,1.9697999999999976,-6.7577999999999925,8.72759999999999,0.20779999999999976,2014-05-30,85,59,191,False
2014-03-07,2014,2.5072,2.4572,2.2906999999999997,2.4546,2.100000000000011,-6.883800000000016,8.983800000000027,0.21390000000000065,2014-05-30,84,58,192,False
2014-03-10,2014,2.5074,2.4565,2.2987,2.4615,2.1377999999999977,-6.837599999999993,8.97539999999999,0.21369999999999975,2014-05-30,81,57,193,False
2014-03-11,2014,2.5116,2.4407,2.2954,2.4529,2.9777999999999984,-6.615000000000008,9.592800000000008,0.2284000000000002,2014-05-30,80,56,194,False
2014-03-12,2014,2.5094,2.4356999999999998,2.3112,2.4706,3.095400000000004,-6.694800000000009,9.790200000000013,0.2331000000000003,2014-05-30,79,55,195,False
2014-03-13,2014,2.5129,2.4388,2.326,2.4859999999999998,3.1122000000000023,-6.719999999999987,9.83219999999999,0.23409999999999975,2014-05-30,78,54,196,False
2014-03-14,2014,2.5723000000000003,2.4814,2.3775,2.5397,3.817800000000018,-6.812399999999996,10.630200000000013,0.2531000000000003,2014-05-30,77,53,197,False
2014-03-17,2014,2.5589,2.4755000000000003,2.3619,2.5274,3.5027999999999873,-6.9510000000000085,10.453799999999996,0.2488999999999999,2014-05-30,74,52,198,False
2014-03-18,2014,2.5288,2.4539,2.335,2.5037000000000003,3.1457999999999986,-7.085400000000012,10.231200000000012,0.2436000000000003,2014-05-30,73,51,199,False
2014-03-19,2014,2.5453,2.4631,2.3437,2.5083,3.4524000000000115,-6.913200000000003,10.365600000000015,0.24680000000000035,2014-05-30,72,50,200,False
2014-03-20,2014,2.5677999999999996,2.4771,2.3668,2.5311000000000003,3.8093999999999815,-6.900600000000014,10.709999999999996,0.2549999999999999,2014-05-30,71,49,201,False
2014-03-21,2014,2.5729,2.4764,2.366,2.5325,4.053000000000011,-6.993000000000004,11.046000000000014,0.26300000000000034,2014-05-30,70,48,202,False
2014-03-24,2014,2.6311,2.5218000000000003,2.4148,2.5692000000000004,4.590599999999989,-6.484800000000013,11.075400000000002,0.26370000000000005,2014-05-30,67,47,203,False
2014-03-25,2014,2.6268000000000002,2.5231,2.4221,2.5783,4.355400000000015,-6.560400000000005,10.915800000000019,0.25990000000000046,2014-05-30,66,46,204,False
2014-03-26,2014,2.6635000000000004,2.5687,2.4535,2.6134,3.981600000000009,-6.715799999999997,10.697400000000005,0.25470000000000015,2014-05-30,65,45,205,False
2014-03-27,2014,2.6943,2.5945,2.4827,2.6304000000000003,4.191600000000005,-6.203400000000016,10.395000000000021,0.2475000000000005,2014-05-30,64,44,206,False
2014-03-28,2014,2.6664999999999996,2.5723000000000003,2.4484,2.5941,3.9563999999999746,-6.119400000000007,10.075799999999981,0.23989999999999956,2014-05-30,63,43,207,False
2014-03-31,2014,2.6485000000000003,2.549,2.4411,2.5836,4.179000000000015,-5.985000000000003,10.16400000000002,0.24200000000000046,2014-05-30,60,42,208,False
2014-04-01,2014,2.6431,2.5539,2.4335,2.5843000000000003,3.7463999999999977,-6.333600000000011,10.080000000000009,0.2400000000000002,2014-05-30,59,41,209,False
2014-04-02,2014,2.6439999999999997,2.5780000000000003,2.4469,2.6042,2.7719999999999745,-6.606600000000009,9.378599999999985,0.22329999999999964,2014-05-30,58,40,210,False
2014-04-03,2014,2.633,2.5627,2.4388,2.5866000000000002,2.9526000000000012,-6.2076000000000064,9.160200000000007,0.21810000000000015,2014-05-30,57,39,211,False
2014-04-04,2014,2.6692,2.5907,2.4721,2.617,3.2970000000000006,-6.085799999999992,9.382799999999992,0.22339999999999982,2014-05-30,56,38,212,False
2014-04-07,2014,2.7098,2.6233,2.501,2.6416000000000004,3.633000000000001,-5.905200000000021,9.538200000000021,0.2271000000000005,2014-05-30,53,37,213,False
2014-04-08,2014,2.7694,2.6845,2.5698000000000003,2.7037,3.5658000000000083,-5.623799999999987,9.189599999999995,0.21879999999999988,2014-05-30,52,36,214,False
2014-04-09,2014,2.7762000000000002,2.6921,2.5804,2.7011000000000003,3.532200000000012,-5.069400000000011,8.601600000000023,0.20480000000000054,2014-05-30,51,35,215,False
2014-04-10,2014,2.7786,2.6768,2.5694,2.6870999999999996,4.275599999999995,-4.943399999999987,9.218999999999983,0.2194999999999996,2014-05-30,50,34,216,False
2014-04-11,2014,2.8127,2.69,2.5692000000000004,2.6948000000000003,5.153400000000001,-5.275199999999997,10.4286,0.2483,2014-05-30,49,33,217,False
2014-04-14,2014,2.8112,2.682,2.5611,2.6858,5.426399999999999,-5.237399999999992,10.663799999999991,0.2538999999999998,2014-05-30,46,32,218,False
2014-04-15,2014,2.8120999999999996,2.7064999999999997,2.5668,2.7085000000000004,4.4351999999999965,-5.951400000000007,10.386600000000003,0.24730000000000008,2014-05-30,45,31,219,False
2014-04-16,2014,2.7749,2.6807999999999996,2.5523,2.7045,3.9522000000000217,-6.392400000000005,10.344600000000026,0.24630000000000063,2014-05-30,44,30,220,False
2014-04-17,2014,2.8027999999999995,2.7247000000000003,2.5858,2.7365,3.280199999999965,-6.329400000000002,9.609599999999968,0.22879999999999925,2014-05-30,43,29,221,False
2014-04-21,2014,2.8196,2.7323000000000004,2.5936000000000003,2.7418,3.6665999999999785,-6.224399999999986,9.890999999999964,0.23549999999999915,2014-05-30,39,28,222,False
2014-04-22,2014,2.7991,2.7026,2.5566999999999998,2.7099,4.053000000000011,-6.434400000000019,10.48740000000003,0.2497000000000007,2014-05-30,38,27,223,False
2014-04-23,2014,2.8341000000000003,2.7341,2.5886,2.7341,4.200000000000004,-6.111000000000008,10.31100000000001,0.24550000000000025,2014-05-30,37,26,224,False
2014-04-24,2014,2.8755,2.7729000000000004,2.6430000000000002,2.7813999999999997,4.309199999999992,-5.812799999999975,10.121999999999968,0.24099999999999924,2014-05-30,36,25,225,False
2014-04-25,2014,2.8579000000000003,2.7746,2.634,2.7765,3.4986000000000157,-5.985000000000003,9.483600000000019,0.22580000000000044,2014-05-30,35,24,226,False
2014-04-28,2014,2.8492,2.7765,2.6525,2.7916000000000003,3.0534000000000088,-5.842200000000019,8.895600000000027,0.21180000000000063,2014-05-30,32,23,227,False
2014-04-29,2014,2.8596,2.7845999999999997,2.6584,2.7979000000000003,3.1500000000000075,-5.859000000000017,9.009000000000025,0.2145000000000006,2014-05-30,31,22,228,False
2014-04-30,2014,2.8568000000000002,2.7878,2.6612999999999998,2.8012,2.8980000000000166,-5.875800000000015,8.773800000000032,0.20890000000000075,2014-05-30,30,21,229,False
2014-05-01,2014,2.8259,2.7695999999999996,2.6467,2.7888,2.36460000000001,-5.968200000000005,8.332800000000015,0.19840000000000035,2014-05-30,29,20,230,False
2014-05-02,2014,2.8114,2.7507,2.609,2.7542,2.5493999999999897,-6.0984,8.64779999999999,0.20589999999999975,2014-05-30,28,19,231,False
2014-05-05,2014,2.8815,2.784,2.6576,2.7905,4.095000000000006,-5.58180000000001,9.676800000000016,0.23040000000000038,2014-05-30,25,18,232,False
2014-05-06,2014,2.9383999999999997,2.8393,2.7047000000000003,2.84,4.16219999999998,-5.68259999999998,9.84479999999996,0.23439999999999905,2014-05-30,24,17,233,False
2014-05-07,2014,2.9800999999999997,2.8777,2.7486,2.8821,4.300799999999993,-5.606999999999989,9.90779999999998,0.23589999999999953,2014-05-30,23,16,234,False
2014-05-08,2014,3.0266,2.9156999999999997,2.7683,2.9098,4.657800000000019,-5.943000000000008,10.600800000000026,0.2524000000000006,2014-05-30,22,15,235,False
2014-05-09,2014,3.0688999999999997,2.9553,2.7924,2.9374000000000002,4.771199999999997,-6.090000000000001,10.861199999999997,0.25859999999999994,2014-05-30,21,14,236,False
2014-05-12,2014,3.1161000000000003,2.9929,2.8317,2.9742,5.174400000000008,-5.985000000000003,11.159400000000012,0.26570000000000027,2014-05-30,18,13,237,False
2014-05-13,2014,3.0991000000000004,2.9577999999999998,2.8294,2.9663999999999997,5.934600000000027,-5.753999999999982,11.688600000000008,0.2783000000000002,2014-05-30,17,12,238,False
2014-05-14,2014,3.1007,2.9368,2.7960000000000003,2.9330000000000003,6.883799999999997,-5.7540000000000004,12.637799999999999,0.30089999999999995,2014-05-30,16,11,239,False
2014-05-15,2014,3.0841000000000003,2.9206,2.7966,2.9261,6.867000000000018,-5.4389999999999885,12.306000000000006,0.29300000000000015,2014-05-30,15,10,240,False
2014-05-16,2014,3.1017,2.9293,2.8267,2.9457,7.240800000000005,-4.9979999999999905,12.238799999999994,0.2913999999999999,2014-05-30,14,9,241,False
2014-05-19,2014,3.0688999999999997,2.8898,2.8017000000000003,2.918,7.522199999999983,-4.884599999999994,12.406799999999976,0.29539999999999944,2014-05-30,11,8,242,False
2014-05-20,2014,3.036,2.863,2.7657,2.8892,7.266000000000002,-5.187000000000016,12.453000000000017,0.29650000000000043,2014-05-30,10,7,243,False
2014-05-21,2014,3.0521,2.8785000000000003,2.7952,2.9149000000000003,7.29119999999998,-5.027400000000015,12.318599999999996,0.2932999999999999,2014-05-30,9,6,244,False
2014-05-22,2014,3.0551,2.8747000000000003,2.8045,2.9207,7.576799999999986,-4.880400000000003,12.45719999999999,0.29659999999999975,2014-05-30,8,5,245,False
2014-05-23,2014,3.0881,2.9001,2.8338,2.9482999999999997,7.895999999999988,-4.808999999999983,12.704999999999972,0.3024999999999993,2014-05-30,7,4,246,False
2014-05-27,2014,3.0744,2.8748,2.7859,2.8982,8.383199999999992,-4.716600000000012,13.099800000000004,0.31190000000000007,2014-05-30,3,3,247,False
2014-05-28,2014,3.0525,2.8522000000000003,2.7686,2.8772,8.412599999999998,-4.561200000000001,12.973799999999999,0.30889999999999995,2014-05-30,2,2,248,False
2014-05-29,2014,3.0477999999999996,2.8415,2.7567000000000004,2.8657999999999997,8.664599999999988,-4.582199999999971,13.246799999999958,0.315399999999999,2014-05-30,1,1,249,False
2014-05-30,2014,3.0488,2.8438,2.7607999999999997,2.8673,8.610000000000003,-4.47300000000002,13.083000000000023,0.31150000000000055,2014-05-30,0,0,250,False
2014-06-02,2015,2.8057,2.7979000000000003,2.7916000000000003,2.8432,0.32759999999998257,-2.167199999999985,2.4947999999999677,0.05939999999999923,2015-05-29,361,250,0,False
2014-06-03,2015,2.8034,2.8181,2.7982,2.8643,-0.6173999999999973,-2.776200000000002,2.1588000000000047,0.05140000000000011,2015-05-29,360,249,1,False
2014-06-04,2015,2.7747,2.8098,2.7787,2.8494,-1.4741999999999962,-2.9693999999999994,1.4952000000000032,0.035600000000000076,2015-05-29,359,248,2,False
2014-06-05,2015,2.8103,2.8152,2.7782999999999998,2.8435,-0.2058000000000053,-2.7384000000000155,2.53260000000001,0.06030000000000024,2015-05-29,358,247,3,False
2014-06-06,2015,2.852,2.835,2.8026,2.86,0.713999999999996,-2.4107999999999956,3.1247999999999916,0.0743999999999998,2015-05-29,357,246,4,False
2014-06-09,2015,2.8425,2.8324000000000003,2.7908,2.8492,0.42419999999998126,-2.4528000000000096,2.876999999999991,0.06849999999999978,2015-05-29,354,245,5,False
2014-06-10,2015,2.8811,2.8519,2.8316000000000003,2.8827999999999996,1.2263999999999955,-2.1503999999999683,3.376799999999964,0.08039999999999914,2015-05-29,353,244,6,False
2014-06-11,2015,2.8899,2.8679,2.8669,2.9189,0.9239999999999915,-2.184000000000002,3.1079999999999934,0.07399999999999984,2015-05-29,352,243,7,False
2014-06-12,2015,2.9073,2.864,2.8617000000000004,2.9210000000000003,1.8186000000000142,-2.490599999999996,4.30920000000001,0.10260000000000025,2015-05-29,351,242,8,False
2014-06-13,2015,2.93,2.8920999999999997,2.8797,2.9385000000000003,1.5918000000000205,-2.469600000000008,4.061400000000028,0.09670000000000067,2015-05-29,350,241,9,False
2014-06-16,2015,2.9888,2.946,2.9311000000000003,2.9854000000000003,1.7975999999999885,-2.2806000000000006,4.078199999999989,0.09709999999999974,2015-05-29,347,240,10,False
2014-06-17,2015,3.0008999999999997,2.9492000000000003,2.925,2.9891,2.1713999999999753,-2.6922000000000113,4.863599999999987,0.11579999999999968,2015-05-29,346,239,11,False
2014-06-18,2015,3.0589,2.9968,2.9962,3.0521,2.608200000000002,-2.3477999999999932,4.955999999999995,0.11799999999999988,2015-05-29,345,238,12,False
2014-06-19,2015,3.1066000000000003,3.0321,3.0466,3.0991000000000004,3.129000000000019,-2.205000000000009,5.334000000000028,0.12700000000000067,2015-05-29,344,237,13,False
2014-06-20,2015,3.0443000000000002,2.9852,2.9887,3.0429000000000004,2.4822000000000157,-2.2764000000000104,4.758600000000026,0.11330000000000062,2015-05-29,343,236,14,False
2014-06-23,2015,3.0382,2.9868,2.9882,3.0518,2.158799999999986,-2.6712000000000042,4.82999999999999,0.11499999999999977,2015-05-29,340,235,15,False
2014-06-24,2015,2.9983,2.9519,2.972,3.0362999999999998,1.9487999999999905,-2.7005999999999917,4.649399999999982,0.11069999999999958,2015-05-29,339,234,16,False
2014-06-25,2015,3.0186,2.9829000000000003,2.988,3.0557999999999996,1.4993999999999934,-2.847599999999985,4.346999999999978,0.10349999999999948,2015-05-29,338,233,17,False
2014-06-26,2015,3.0120999999999998,2.9636,2.94,3.0049,2.03699999999999,-2.7258000000000076,4.762799999999998,0.11339999999999995,2015-05-29,337,232,18,False
2014-06-27,2015,3.0128,2.9586,2.9133,2.9802,2.2763999999999918,-2.8097999999999983,5.08619999999999,0.12109999999999976,2015-05-29,336,231,19,False
2014-06-30,2015,3.0542000000000002,2.9962999999999997,2.9562,3.0309,2.4318000000000213,-3.1373999999999995,5.569200000000021,0.1326000000000005,2015-05-29,333,230,20,False
2014-07-01,2015,3.035,2.9814999999999996,2.96,3.0268,2.247000000000023,-2.805600000000008,5.052600000000031,0.12030000000000074,2015-05-29,332,229,21,False
2014-07-02,2015,3.0507999999999997,3.0037000000000003,2.9943,3.0593,1.978199999999978,-2.7299999999999978,4.708199999999976,0.11209999999999942,2015-05-29,331,228,22,False
2014-07-03,2015,3.1096,3.0595999999999997,3.0551,3.1224000000000003,2.100000000000011,-2.826600000000015,4.926600000000026,0.11730000000000063,2015-05-29,330,227,23,False
2014-07-07,2015,3.1062,3.0603,3.0419,3.1045999999999996,1.9278000000000022,-2.6333999999999804,4.561199999999983,0.10859999999999959,2015-05-29,326,226,24,False
2014-07-08,2015,3.0785,3.029,3.0119,3.0831999999999997,2.079000000000004,-2.9945999999999966,5.073600000000001,0.12080000000000002,2015-05-29,325,225,25,False
2014-07-09,2015,3.0527999999999995,3.0079000000000002,2.9945999999999997,3.0662000000000003,1.8857999999999695,-3.007200000000023,4.892999999999993,0.11649999999999983,2015-05-29,324,224,26,False
2014-07-10,2015,3.112,3.0655,3.0644,3.1376999999999997,1.9529999999999994,-3.0785999999999873,5.031599999999987,0.11979999999999968,2015-05-29,323,223,27,False
2014-07-11,2015,3.093,3.0581,3.0488,3.1294999999999997,1.465799999999997,-3.3893999999999904,4.8551999999999875,0.1155999999999997,2015-05-29,322,222,28,False
2014-07-14,2015,3.0614999999999997,3.0389999999999997,3.0379,3.1212999999999997,0.9449999999999985,-3.5027999999999873,4.447799999999986,0.10589999999999966,2015-05-29,319,221,29,False
2014-07-15,2015,3.0772000000000004,3.0687,3.0574,3.1445999999999996,0.3570000000000073,-3.6623999999999883,4.019399999999996,0.0956999999999999,2015-05-29,318,220,30,False
2014-07-16,2015,3.0957,3.0924,3.0922,3.1768,0.13859999999999406,-3.5532000000000004,3.6917999999999944,0.08789999999999987,2015-05-29,317,219,31,False
2014-07-17,2015,3.0661,3.0276,3.0532999999999997,3.1304000000000003,1.616999999999999,-3.2382000000000257,4.855200000000025,0.11560000000000059,2015-05-29,316,218,32,False
2014-07-18,2015,3.0715,3.0339,3.0306,3.1094999999999997,1.579199999999994,-3.31379999999998,4.892999999999974,0.11649999999999938,2015-05-29,315,217,33,False
2014-07-21,2015,3.0702999999999996,3.0291,3.0385000000000004,3.1106,1.7303999999999773,-3.0281999999999742,4.7585999999999515,0.11329999999999885,2015-05-29,312,216,34,False
2014-07-22,2015,3.1017,3.0850999999999997,3.1003,3.1807,0.6972000000000165,-3.376800000000001,4.074000000000018,0.09700000000000042,2015-05-29,311,215,35,False
2014-07-23,2015,3.0538,3.0507,3.0688,3.1532,0.130199999999995,-3.5448000000000013,3.6749999999999963,0.08749999999999991,2015-05-29,310,214,36,False
2014-07-24,2015,3.0718,3.0458,3.0482,3.1349,1.0920000000000103,-3.6414,4.73340000000001,0.11270000000000024,2015-05-29,309,213,37,False
2014-07-25,2015,3.0818,3.0559,3.0328,3.1301,1.0878000000000014,-4.086600000000007,5.174400000000008,0.1232000000000002,2015-05-29,308,212,38,False
2014-07-28,2015,3.1488,3.1014999999999997,3.0941,3.1756,1.9866000000000144,-3.4230000000000054,5.40960000000002,0.12880000000000047,2015-05-29,305,211,39,False
2014-07-29,2015,3.1323000000000003,3.0932,3.0844,3.1733,1.642200000000015,-3.73379999999999,5.376000000000005,0.1280000000000001,2015-05-29,304,210,40,False
2014-07-30,2015,3.0779,3.0622000000000003,3.0529,3.1554,0.6593999999999927,-4.3050000000000015,4.964399999999994,0.11819999999999986,2015-05-29,303,209,41,False
2014-07-31,2015,3.0993,3.0639999999999996,3.0724,3.1722,1.482600000000014,-4.191600000000005,5.674200000000019,0.13510000000000044,2015-05-29,302,208,42,False
2014-08-01,2015,3.0995999999999997,3.0599000000000003,3.07,3.1685000000000003,1.667399999999975,-4.13700000000002,5.804399999999995,0.13819999999999988,2015-05-29,301,207,43,False
2014-08-04,2015,3.0932,3.0488999999999997,3.0551999999999997,3.1513999999999998,1.8606000000000096,-4.040400000000003,5.901000000000012,0.1405000000000003,2015-05-29,298,206,44,False
2014-08-05,2015,3.0632,3.0069999999999997,3.0047,3.0954,2.36040000000002,-3.8094,6.16980000000002,0.14690000000000047,2015-05-29,297,205,45,False
2014-08-06,2015,3.0852999999999997,3.0351,3.0265,3.1212,2.1083999999999916,-3.9774000000000003,6.085799999999992,0.1448999999999998,2015-05-29,296,204,46,False
2014-08-07,2015,3.1045,3.0627999999999997,3.0594,3.1487,1.751400000000003,-3.750599999999988,5.501999999999991,0.13099999999999978,2015-05-29,295,203,47,False
2014-08-08,2015,3.1132,3.0576999999999996,3.06,3.1401999999999997,2.3310000000000137,-3.3683999999999834,5.699399999999997,0.13569999999999993,2015-05-29,294,202,48,False
2014-08-11,2015,3.0793,3.0388,3.0395,3.1212,1.7009999999999899,-3.4314000000000044,5.132399999999994,0.12219999999999986,2015-05-29,291,201,49,False
2014-08-12,2015,3.0501,3.0134,3.0297,3.1050999999999997,1.5414000000000074,-3.166799999999987,4.708199999999994,0.11209999999999987,2015-05-29,290,200,50,False
2014-08-13,2015,3.0814999999999997,3.0199000000000003,3.0375,3.1031999999999997,2.587199999999976,-2.759399999999985,5.346599999999961,0.12729999999999908,2015-05-29,289,199,51,False
2014-08-14,2015,3.0927,3.0161000000000002,3.0498000000000003,3.1115,3.2171999999999814,-2.591399999999985,5.8085999999999665,0.1382999999999992,2015-05-29,288,198,52,False
2014-08-15,2015,3.0789999999999997,3.0068,3.0351,3.0887000000000002,3.032399999999983,-2.251200000000013,5.283599999999996,0.1257999999999999,2015-05-29,287,197,53,False
2014-08-18,2015,3.0894,3.0193,2.9959,3.0633999999999997,2.944200000000002,-2.8349999999999955,5.779199999999998,0.13759999999999994,2015-05-29,284,196,54,False
2014-08-19,2015,3.0311000000000003,2.9707999999999997,2.9236,2.9948,2.532600000000029,-2.9904000000000064,5.523000000000035,0.13150000000000084,2015-05-29,283,195,55,False
2014-08-20,2015,2.9911000000000003,2.9564,2.9017,2.9797000000000002,1.4574000000000167,-3.2760000000000122,4.733400000000029,0.11270000000000069,2015-05-29,282,194,56,False
2014-08-21,2015,2.97,2.9411,2.8875,2.964,1.2138000000000062,-3.212999999999991,4.426799999999997,0.10539999999999994,2015-05-29,281,193,57,False
2014-08-22,2015,2.9208,2.9057,2.8364,2.9181,0.6341999999999954,-3.4314000000000044,4.0656,0.0968,2015-05-29,280,192,58,False
2014-08-25,2015,2.9526,2.9206,2.8558,2.9360000000000004,1.3440000000000012,-3.3684000000000207,4.712400000000022,0.11220000000000052,2015-05-29,277,191,59,False
2014-08-26,2015,2.9316000000000004,2.8771,2.8110000000000004,2.8891000000000004,2.2890000000000184,-3.2802000000000024,5.569200000000021,0.1326000000000005,2015-05-29,276,190,60,False
2014-08-27,2015,2.9170999999999996,2.8731,2.8168,2.8949000000000003,1.847999999999983,-3.2802000000000024,5.128199999999985,0.12209999999999965,2015-05-29,275,189,61,False
2014-08-28,2015,2.9182,2.8654,2.8432,2.912,2.2175999999999982,-2.889599999999999,5.107199999999997,0.12159999999999993,2015-05-29,274,188,62,False
2014-08-29,2015,2.9101,2.8699,2.8457999999999997,2.9166000000000003,1.6884000000000006,-2.973600000000027,4.6620000000000275,0.11100000000000065,2015-05-29,273,187,63,False
2014-09-02,2015,2.9254000000000002,2.8808,2.8560000000000003,2.9368,1.8732000000000175,-3.3935999999999806,5.266799999999998,0.12539999999999996,2015-05-29,269,186,64,False
2014-09-03,2015,2.9241,2.8797,2.877,2.9530000000000003,1.8647999999999998,-3.1920000000000215,5.056800000000021,0.1204000000000005,2015-05-29,268,185,65,False
2014-09-04,2015,2.9126,2.8531999999999997,2.8241,2.8983999999999996,2.494800000000005,-3.1205999999999827,5.615399999999988,0.1336999999999997,2015-05-29,267,184,66,False
2014-09-05,2015,2.9686000000000003,2.8865,2.8714999999999997,2.9455,3.4482000000000212,-3.108000000000012,6.556200000000033,0.1561000000000008,2015-05-29,266,183,67,False
2014-09-08,2015,2.9379000000000004,2.8542,2.845,2.9217,3.515400000000014,-3.2213999999999903,6.736800000000004,0.1604000000000001,2015-05-29,263,182,68,False
2014-09-09,2015,2.9699,2.8750999999999998,2.8788,2.9486000000000003,3.981600000000009,-2.931600000000013,6.913200000000022,0.16460000000000052,2015-05-29,262,181,69,False
2014-09-10,2015,2.9669,2.8808999999999996,2.8754000000000004,2.9536000000000002,3.6120000000000125,-3.2843999999999927,6.896400000000005,0.16420000000000012,2015-05-29,261,180,70,False
2014-09-11,2015,3.0025,2.9213999999999998,2.9170999999999996,2.9928,3.406200000000007,-3.1794000000000135,6.585600000000021,0.1568000000000005,2015-05-29,260,179,71,False
2014-09-12,2015,3.0332999999999997,2.9574000000000003,2.9606,3.0411,3.1877999999999753,-3.38100000000001,6.568799999999985,0.15639999999999965,2015-05-29,259,178,72,False
2014-09-15,2015,2.9773,2.9189999999999996,2.9149000000000003,3.0018000000000002,2.4486000000000194,-3.649799999999999,6.0984000000000185,0.14520000000000044,2015-05-29,256,177,73,False
2014-09-16,2015,2.9564999999999997,2.8981,2.8838999999999997,2.968,2.452799999999991,-3.532200000000012,5.985000000000003,0.14250000000000007,2015-05-29,255,176,74,False
2014-09-17,2015,2.9539,2.9002,2.8789,2.966,2.2554000000000034,-3.6582000000000168,5.91360000000002,0.14080000000000048,2015-05-29,254,175,75,False
2014-09-18,2015,2.9373,2.8680000000000003,2.8411,2.9238999999999997,2.910599999999987,-3.47759999999999,6.388199999999977,0.15209999999999946,2015-05-29,253,174,76,False
2014-09-19,2015,2.9945999999999997,2.9054,2.8956999999999997,2.9726999999999997,3.746399999999979,-3.233999999999998,6.980399999999977,0.16619999999999946,2015-05-29,252,173,77,False
2014-09-22,2015,3.0181999999999998,2.9200999999999997,2.9323,3.0088,4.120200000000003,-3.212999999999991,7.333199999999994,0.17459999999999987,2015-05-29,249,172,78,False
2014-09-23,2015,3.0356,2.949,2.9606,3.0414,3.6372000000000098,-3.3935999999999993,7.030800000000009,0.16740000000000022,2015-05-29,248,171,79,False
2014-09-24,2015,2.9939,2.9263999999999997,2.9374000000000002,3.0180000000000002,2.835000000000014,-3.3852,6.220200000000014,0.14810000000000034,2015-05-29,247,170,80,False
2014-09-25,2015,2.9807,2.8966000000000003,2.9119,2.9979,3.5321999999999933,-3.611999999999994,7.144199999999987,0.1700999999999997,2015-05-29,246,169,81,False
2014-09-26,2015,2.9745999999999997,2.8810000000000002,2.8962,2.9814,3.9311999999999774,-3.5783999999999976,7.509599999999975,0.1787999999999994,2015-05-29,245,168,82,False
2014-09-29,2015,2.9751999999999996,2.8836,2.888,2.9703,3.8471999999999866,-3.4566000000000017,7.303799999999988,0.17389999999999972,2015-05-29,242,167,83,False
2014-09-30,2015,2.9635000000000002,2.8767,2.8942,2.9758999999999998,3.645600000000009,-3.431399999999986,7.076999999999995,0.16849999999999987,2015-05-29,241,166,84,False
2014-10-01,2015,2.9862,2.8889,2.8991000000000002,2.9772000000000003,4.086600000000007,-3.2802000000000024,7.366800000000009,0.17540000000000022,2015-05-29,240,165,85,False
2014-10-02,2015,2.9779,2.889,2.8975,2.9699,3.7338000000000084,-3.040800000000001,6.774600000000009,0.16130000000000022,2015-05-29,239,164,86,False
2014-10-03,2015,3.0041,2.9129,2.9309,2.9999000000000002,3.830400000000007,-2.8980000000000166,6.728400000000024,0.16020000000000056,2015-05-29,238,163,87,False
2014-10-06,2015,2.9966000000000004,2.9144,2.9164,2.985,3.4524000000000115,-2.8811999999999998,6.333600000000011,0.15080000000000027,2015-05-29,235,162,88,False
2014-10-07,2015,3.0458,2.9497000000000004,2.9703,3.0345999999999997,4.036199999999975,-2.7005999999999917,6.736799999999967,0.1603999999999992,2015-05-29,234,161,89,False
2014-10-08,2015,3.0854000000000004,2.9637000000000002,2.9795,3.0332,5.111400000000006,-2.2554000000000034,7.366800000000009,0.17540000000000022,2015-05-29,233,160,90,False
2014-10-09,2015,3.0277999999999996,2.927,2.9139999999999997,2.9786,4.233599999999981,-2.7132000000000183,6.9468,0.1654,2015-05-29,232,159,91,False
2014-10-10,2015,3.0227,2.9305000000000003,2.8958,2.9662,3.872399999999984,-2.95680000000001,6.829199999999994,0.16259999999999986,2015-05-29,231,158,92,False
2014-10-13,2015,3.0159,2.9227999999999996,2.9087,2.9886,3.9102000000000077,-3.355799999999994,7.266000000000002,0.17300000000000004,2015-05-29,228,157,93,False
2014-10-14,2015,3.0262000000000002,2.9144,2.9007,2.9706,4.695600000000005,-2.935800000000003,7.631400000000008,0.1817000000000002,2015-05-29,227,156,94,False
2014-10-15,2015,3.0347000000000004,2.9235,2.9126999999999996,2.9934,4.670400000000008,-3.389400000000009,8.059800000000017,0.1919000000000004,2015-05-29,226,155,95,False
2014-10-16,2015,3.0887000000000002,2.9791000000000003,2.9581999999999997,3.0351999999999997,4.603199999999997,-3.233999999999998,7.837199999999995,0.18659999999999988,2015-05-29,225,154,96,False
2014-10-17,2015,3.0707,2.9718999999999998,2.9386,3.0178,4.149600000000009,-3.326399999999988,7.475999999999997,0.17799999999999994,2015-05-29,224,153,97,False
2014-10-20,2015,3.0649,2.9555000000000002,2.9145999999999996,2.9922000000000004,4.5947999999999976,-3.2592000000000327,7.85400000000003,0.18700000000000072,2015-05-29,221,152,98,False
2014-10-21,2015,3.1088999999999998,2.9832,2.9457999999999998,3.0114,5.279399999999987,-2.7552000000000136,8.034600000000001,0.19130000000000003,2015-05-29,220,151,99,False
2014-10-22,2015,3.0787999999999998,2.9716000000000005,2.9261,2.9945999999999997,4.50239999999997,-2.876999999999991,7.379399999999961,0.17569999999999908,2015-05-29,219,150,100,False
2014-10-23,2015,3.0978,2.9843,2.9358,3.0044,4.766999999999988,-2.8811999999999998,7.648199999999988,0.1820999999999997,2015-05-29,218,149,101,False
2014-10-24,2015,3.1108,2.9872,2.9267000000000003,2.9857,5.191199999999988,-2.477999999999988,7.669199999999976,0.18259999999999943,2015-05-29,217,148,102,False
2014-10-27,2015,3.1155,2.9914,2.9414,2.9962999999999997,5.212199999999995,-2.305799999999998,7.517999999999993,0.17899999999999983,2015-05-29,214,147,103,False
2014-10-28,2015,3.1039,2.9682,2.9299,2.9783999999999997,5.699399999999997,-2.03699999999999,7.736399999999987,0.1841999999999997,2015-05-29,213,146,104,False
2014-10-29,2015,3.1014,2.9805,2.9352,2.9906,5.077799999999991,-2.326800000000005,7.404599999999996,0.1762999999999999,2015-05-29,212,145,105,False
2014-10-30,2015,3.1308999999999996,3.0167,2.9779,3.0304,4.796399999999975,-2.205000000000009,7.001399999999984,0.16669999999999963,2015-05-29,211,144,106,False
2014-10-31,2015,3.108,2.9955000000000003,2.9320999999999997,2.9932,4.7249999999999925,-2.5662000000000065,7.291199999999999,0.17359999999999998,2015-05-29,210,143,107,False
2014-11-03,2015,3.1049,2.9897000000000005,2.9737999999999998,3.0316,4.838399999999989,-2.4276000000000124,7.266000000000002,0.17300000000000004,2015-05-29,207,142,108,False
2014-11-04,2015,3.1145,3.0162,2.9985000000000004,3.0655,4.128600000000002,-2.8139999999999885,6.942599999999991,0.16529999999999978,2015-05-29,206,141,109,False
2014-11-05,2015,3.063,2.9817,2.9501999999999997,3.0192,3.4146000000000063,-2.8980000000000166,6.312600000000023,0.15030000000000054,2015-05-29,205,140,110,False
2014-11-06,2015,3.0575,2.9781999999999997,2.9337999999999997,2.9958,3.3306000000000155,-2.6040000000000116,5.934600000000027,0.14130000000000065,2015-05-29,204,139,111,False
2014-11-07,2015,3.0317000000000003,2.9328,2.8837,2.9377999999999997,4.153800000000018,-2.272199999999983,6.426000000000001,0.15300000000000002,2015-05-29,203,138,112,False
2014-11-10,2015,3.002,2.9244,2.8723,2.9281,3.2591999999999954,-2.343600000000003,5.6027999999999984,0.13339999999999996,2015-05-29,200,137,113,False
2014-11-11,2015,3.033,2.9576,2.9137,2.9735,3.1668000000000056,-2.511600000000003,5.678400000000009,0.1352000000000002,2015-05-29,199,136,114,False
2014-11-12,2015,3.0688,2.9789,2.9337,2.989,3.775800000000004,-2.322599999999996,6.0984,0.1452,2015-05-29,198,135,115,False
2014-11-13,2015,3.0189,2.9394,2.9158,2.965,3.338999999999996,-2.0663999999999962,5.405399999999992,0.12869999999999981,2015-05-29,197,134,116,False
2014-11-14,2015,2.9914,2.9120999999999997,2.8974,2.9447,3.3306000000000155,-1.9865999999999957,5.317200000000011,0.12660000000000027,2015-05-29,196,133,117,False
2014-11-17,2015,3.0170999999999997,2.9479,2.9337,2.9835000000000003,2.9063999999999783,-2.091600000000012,4.9979999999999905,0.11899999999999977,2015-05-29,193,132,118,False
2014-11-18,2015,3.0535,3.0004000000000004,2.9686000000000003,3.0164,2.2301999999999875,-2.007599999999984,4.237799999999972,0.10089999999999932,2015-05-29,192,131,119,False
2014-11-19,2015,3.01,2.9709,2.9329,2.9866,1.6421999999999963,-2.2554000000000034,3.8975999999999997,0.0928,2015-05-29,191,130,120,False
2014-11-20,2015,2.9671,2.9520999999999997,2.8939,2.9542,0.6300000000000052,-2.53260000000001,3.1626000000000154,0.07530000000000037,2015-05-29,190,129,121,False
2014-11-21,2015,2.9766000000000004,2.9558999999999997,2.9093,2.9642,0.8694000000000255,-2.305799999999998,3.1752000000000233,0.07560000000000056,2015-05-29,189,128,122,False
2014-11-24,2015,2.918,2.9285,2.8843,2.9368,-0.44099999999999806,-2.2049999999999903,1.7639999999999922,0.041999999999999815,2015-05-29,186,127,123,False
2014-11-25,2015,2.8986,2.9183,2.8688,2.9183999999999997,-0.8273999999999928,-2.0831999999999944,1.2558000000000016,0.029900000000000038,2015-05-29,185,126,124,False
2014-11-26,2015,2.8704,2.8945999999999996,2.8335000000000004,2.8796,-1.0163999999999813,-1.9361999999999826,0.9198000000000013,0.02190000000000003,2015-05-29,184,125,125,False
2014-11-28,2015,2.923,2.9348,2.8711,2.911,-0.4956000000000014,-1.6757999999999926,1.1801999999999913,0.028099999999999792,2015-05-29,182,124,126,False
2014-12-01,2015,2.8926,2.9114999999999998,2.8487999999999998,2.8889,-0.7937999999999965,-1.6842000000000104,0.8904000000000138,0.02120000000000033,2015-05-29,179,123,127,False
2014-12-02,2015,2.8270999999999997,2.8810000000000002,2.7944,2.8467000000000002,-2.263800000000021,-2.19660000000001,-0.06720000000001125,-0.0016000000000002679,2015-05-29,178,122,128,False
2014-12-03,2015,2.8846,2.9114999999999998,2.8358999999999996,2.8775999999999997,-1.1297999999999968,-1.751400000000003,0.6216000000000061,0.014800000000000146,2015-05-29,177,121,129,False
2014-12-04,2015,2.8505000000000003,2.888,2.8145,2.8647000000000005,-1.574999999999985,-2.108400000000029,0.5334000000000438,0.012700000000001044,2015-05-29,176,120,130,False
2014-12-05,2015,2.8659,2.9036,2.8480000000000003,2.8966000000000003,-1.5834000000000028,-2.041199999999999,0.4577999999999962,0.01089999999999991,2015-05-29,175,119,131,False
2014-12-08,2015,2.8857,2.8988,2.859,2.8964,-0.5502000000000047,-1.5707999999999949,1.0205999999999902,0.024299999999999766,2015-05-29,172,118,132,False
2014-12-09,2015,2.8661000000000003,2.9005,2.8741000000000003,2.9093,-1.44479999999999,-1.4783999999999864,0.0335999999999963,0.0007999999999999119,2015-05-29,171,117,133,False
2014-12-10,2015,2.9082,2.9408,2.9356999999999998,2.9641,-1.3691999999999984,-1.1928000000000178,-0.17639999999998057,-0.0041999999999995374,2015-05-29,170,116,134,False
2014-12-11,2015,2.9418,2.96,2.9556999999999998,2.9755000000000003,-0.7643999999999904,-0.8316000000000203,0.0672000000000299,0.001600000000000712,2015-05-29,169,115,135,False
2014-12-12,2015,2.9555000000000002,2.9768,2.9783,2.9991000000000003,-0.8945999999999854,-0.8736000000000157,-0.02099999999996971,-0.0004999999999992788,2015-05-29,168,114,136,False
2014-12-15,2015,2.9442000000000004,2.9741000000000004,2.9991000000000003,3.0199000000000003,-1.2558000000000016,-0.873599999999997,-0.38220000000000454,-0.009100000000000108,2015-05-29,165,113,137,False
2014-12-16,2015,2.9314999999999998,2.9536000000000002,2.9715,2.9943,-0.928200000000019,-0.9576000000000064,0.029399999999987436,0.0006999999999997009,2015-05-29,164,112,138,False
2014-12-17,2015,2.9638,2.9983,3.0329,3.0502,-1.448999999999999,-0.7265999999999853,-0.7224000000000137,-0.017200000000000326,2015-05-29,163,111,139,False
2014-12-18,2015,2.9368,2.9858999999999996,3.0354,3.0597000000000003,-2.0621999999999874,-1.0206000000000088,-1.0415999999999785,-0.02479999999999949,2015-05-29,162,110,140,False
2014-12-19,2015,2.9573,2.9995999999999996,3.0645,3.0864,-1.7765999999999815,-0.9198000000000013,-0.8567999999999802,-0.02039999999999953,2015-05-29,161,109,141,False
2014-12-22,2015,2.9681,3.0244999999999997,3.0816000000000003,3.116,-2.3687999999999816,-1.44479999999999,-0.9239999999999915,-0.021999999999999797,2015-05-29,158,108,142,False
2014-12-23,2015,2.984,3.0655,3.1019,3.1401,-3.4230000000000054,-1.6043999999999912,-1.8186000000000142,-0.04330000000000034,2015-05-29,157,107,143,False
2014-12-24,2015,2.977,3.0441000000000003,3.083,3.1211,-2.818200000000016,-1.600200000000001,-1.218000000000015,-0.02900000000000036,2015-05-29,156,106,144,False
2014-12-26,2015,2.9681,3.0260000000000002,3.0694999999999997,3.1045,-2.4318000000000026,-1.470000000000006,-0.9617999999999967,-0.02289999999999992,2015-05-29,154,105,145,False
2014-12-29,2015,2.8964,2.9655,3.0012,3.0458999999999996,-2.9022000000000068,-1.877399999999989,-1.0248000000000177,-0.02440000000000042,2015-05-29,151,104,146,False
2014-12-30,2015,2.8899,2.978,2.9920999999999998,3.0458,-3.700200000000012,-2.2554000000000034,-1.4448000000000087,-0.03440000000000021,2015-05-29,150,103,147,False
2014-12-31,2015,2.8608,2.9701,2.9818000000000002,3.0388,-4.590600000000007,-2.3939999999999975,-2.19660000000001,-0.052300000000000235,2015-05-29,149,102,148,False
2015-01-02,2015,2.8748,2.9541000000000004,2.958,3.011,-3.3306000000000155,-2.2259999999999973,-1.1046000000000182,-0.026300000000000434,2015-05-29,147,101,149,False
2015-01-05,2015,2.9027,2.9756,2.9858,3.0437,-3.061800000000008,-2.4318000000000026,-0.6300000000000052,-0.015000000000000124,2015-05-29,144,100,150,False
2015-01-06,2015,2.8933,2.9694,2.9842,3.04,-3.196199999999993,-2.343600000000003,-0.85259999999999,-0.020299999999999763,2015-05-29,143,99,151,False
2015-01-07,2015,2.9257999999999997,3.0000999999999998,3.0125,3.0732,-3.1206000000000014,-2.5493999999999897,-0.5712000000000117,-0.013600000000000279,2015-05-29,142,98,152,False
2015-01-08,2015,2.9395,3.0287,3.0664,3.1239,-3.7464000000000164,-2.4150000000000045,-1.331400000000012,-0.031700000000000284,2015-05-29,141,97,153,False
2015-01-09,2015,2.9328,3.0145999999999997,3.0675,3.1247000000000003,-3.4355999999999947,-2.402400000000015,-1.0331999999999795,-0.02459999999999951,2015-05-29,140,96,154,False
2015-01-12,2015,2.9133999999999998,2.9907999999999997,3.0547000000000004,3.1178,-3.2507999999999964,-2.6501999999999786,-0.6006000000000178,-0.014300000000000423,2015-05-29,137,95,155,False
2015-01-13,2015,2.9262,3.0199000000000003,3.0751,3.1411000000000002,-3.935400000000005,-2.772000000000012,-1.163399999999993,-0.027699999999999836,2015-05-29,136,94,156,False
2015-01-14,2015,2.9484,3.0581,3.1156,3.1852,-4.6074000000000055,-2.923199999999995,-1.6842000000000104,-0.04010000000000025,2015-05-29,135,93,157,False
2015-01-15,2015,2.972,3.0727999999999995,3.1382999999999996,3.2064,-4.233599999999981,-2.8602000000000114,-1.37339999999997,-0.032699999999999285,2015-05-29,134,92,158,False
2015-01-16,2015,2.9879000000000002,3.0869999999999997,3.1464999999999996,3.2138999999999998,-4.16219999999998,-2.8308000000000053,-1.3313999999999746,-0.031699999999999395,2015-05-29,133,91,159,False
2015-01-20,2015,2.9781999999999997,3.0734,3.1475999999999997,3.2085000000000004,-3.9984000000000073,-2.557800000000026,-1.4405999999999812,-0.03429999999999955,2015-05-29,129,90,160,False
2015-01-21,2015,2.9714,3.0801999999999996,3.1430000000000002,3.2055000000000002,-4.569599999999982,-2.625,-1.9445999999999817,-0.046299999999999564,2015-05-29,128,89,161,False
2015-01-22,2015,2.9410000000000003,3.0614999999999997,3.1093,3.1771,-5.060999999999974,-2.847599999999985,-2.2133999999999894,-0.05269999999999975,2015-05-29,127,88,162,False
2015-01-23,2015,2.9530000000000003,3.0825,3.1351,3.2032,-5.4389999999999885,-2.8601999999999927,-2.5787999999999958,-0.0613999999999999,2015-05-29,126,87,163,False
2015-01-26,2015,2.9006,3.0412,3.0820999999999996,3.1529000000000003,-5.9052000000000024,-2.973600000000027,-2.9315999999999756,-0.06979999999999942,2015-05-29,123,86,164,False
2015-01-27,2015,2.9187,3.0633999999999997,3.1067,3.1773000000000002,-6.077399999999993,-2.965200000000009,-3.1121999999999836,-0.07409999999999961,2015-05-29,122,85,165,False
2015-01-28,2015,2.9649,3.1189,3.1807999999999996,3.2486,-6.467999999999996,-2.847600000000022,-3.6203999999999743,-0.08619999999999939,2015-05-29,121,84,166,False
2015-01-29,2015,2.9867000000000004,3.1334,3.1828,3.2568,-6.161399999999984,-3.108000000000012,-3.0533999999999715,-0.07269999999999932,2015-05-29,120,83,167,False
2015-01-30,2015,2.9432,3.0850999999999997,3.1292,3.2083,-5.959799999999987,-3.322199999999998,-2.6375999999999893,-0.06279999999999974,2015-05-29,119,82,168,False
2015-02-02,2015,2.9252,3.0650999999999997,3.11,3.1889999999999996,-5.875799999999996,-3.317999999999989,-2.5578000000000074,-0.060900000000000176,2015-05-29,116,81,169,False
2015-02-03,2015,2.9324,3.0543,3.0814,3.1584,-5.119800000000005,-3.233999999999998,-1.8858000000000068,-0.04490000000000016,2015-05-29,115,80,170,False
2015-02-04,2015,2.9241,3.0491,3.0978,3.1719,-5.25,-3.1122000000000023,-2.1377999999999977,-0.050899999999999945,2015-05-29,114,79,171,False
2015-02-05,2015,2.9391000000000003,3.0745999999999998,3.1194,3.1957999999999998,-5.690999999999979,-3.2087999999999823,-2.482199999999997,-0.05909999999999993,2015-05-29,113,78,172,False
2015-02-06,2015,2.9291,3.0569,3.0987,3.1702,-5.367600000000006,-3.0029999999999957,-2.36460000000001,-0.05630000000000024,2015-05-29,112,77,173,False
2015-02-09,2015,2.964,3.0754,3.1468000000000003,3.2068,-4.678800000000007,-2.5199999999999836,-2.1588000000000234,-0.051400000000000556,2015-05-29,109,76,174,False
2015-02-10,2015,2.9370999999999996,3.0563,3.1205000000000003,3.1788,-5.006400000000008,-2.448599999999982,-2.557800000000026,-0.06090000000000062,2015-05-29,108,75,175,False
2015-02-11,2015,2.9251,3.0471,3.1117000000000004,3.1648,-5.123999999999995,-2.2301999999999875,-2.8938000000000077,-0.06890000000000018,2015-05-29,107,74,176,False
2015-02-12,2015,2.8894,3.0181999999999998,3.103,3.1506,-5.409599999999982,-1.999199999999985,-3.4103999999999974,-0.08119999999999994,2015-05-29,106,73,177,False
2015-02-13,2015,2.8520999999999996,2.9939999999999998,3.0779,3.1236,-5.959800000000006,-1.919400000000003,-4.040400000000003,-0.09620000000000006,2015-05-29,105,72,178,False
2015-02-17,2015,2.8821,3.0386,3.1164,3.1667,-6.573000000000013,-2.1126000000000005,-4.460400000000012,-0.1062000000000003,2015-05-29,101,71,179,False
2015-02-18,2015,2.8884,3.0181999999999998,3.0858,3.1395,-5.4515999999999964,-2.2554000000000034,-3.196199999999993,-0.07609999999999983,2015-05-29,100,70,180,False
2015-02-19,2015,2.8942,3.0357,3.0793,3.1308999999999996,-5.942999999999989,-2.167199999999985,-3.775800000000004,-0.08990000000000009,2015-05-29,99,69,181,False
2015-02-20,2015,2.9193000000000002,3.0417,3.0814,3.1272,-5.140799999999993,-1.923600000000012,-3.2171999999999814,-0.07659999999999956,2015-05-29,98,68,182,False
2015-02-23,2015,2.9703,3.0866000000000002,3.1167000000000002,3.1603,-4.884600000000012,-1.8311999999999848,-3.0534000000000274,-0.07270000000000065,2015-05-29,95,67,183,False
2015-02-24,2015,2.9261,3.0408999999999997,3.0711,3.1096,-4.821599999999991,-1.616999999999999,-3.204599999999992,-0.07629999999999981,2015-05-29,94,66,184,False
2015-02-25,2015,2.9024,3.0274,3.0438,3.0908999999999995,-5.25,-1.978199999999978,-3.271800000000022,-0.07790000000000052,2015-05-29,93,65,185,False
2015-02-26,2015,2.8695999999999997,3.0088999999999997,3.0227999999999997,3.0712,-5.850599999999999,-2.0328000000000186,-3.8177999999999805,-0.09089999999999954,2015-05-29,92,64,186,False
2015-02-27,2015,2.875,3.0155000000000003,3.0335,3.0872,-5.901000000000012,-2.2554000000000034,-3.645600000000009,-0.08680000000000021,2015-05-29,91,63,187,False
2015-03-02,2015,2.8791,3.0112,3.0429000000000004,3.0932999999999997,-5.548199999999995,-2.116799999999972,-3.431400000000023,-0.08170000000000055,2015-05-29,88,62,188,False
2015-03-03,2015,2.8723,3.0151,3.0505,3.1033,-5.997599999999992,-2.2175999999999982,-3.779999999999994,-0.08999999999999986,2015-05-29,87,61,189,False
2015-03-04,2015,2.9361,3.0487,3.0812,3.1188,-4.729200000000001,-1.579199999999994,-3.1500000000000075,-0.07500000000000018,2015-05-29,86,60,190,False
2015-03-05,2015,2.9155,3.0260000000000002,3.0702,3.0989999999999998,-4.641000000000002,-1.2095999999999973,-3.4314000000000044,-0.0817000000000001,2015-05-29,85,59,191,False
2015-03-06,2015,2.877,2.9800999999999997,3.0173,3.0465,-4.330199999999999,-1.2263999999999955,-3.1038000000000032,-0.07390000000000008,2015-05-29,84,58,192,False
2015-03-09,2015,2.8617000000000004,2.9608999999999996,3.0025999999999997,3.0309,-4.16639999999997,-1.188600000000009,-2.977799999999961,-0.07089999999999907,2015-05-29,81,57,193,False
2015-03-10,2015,2.8719,2.9652999999999996,3.0125,3.0319,-3.9227999999999783,-0.8147999999999849,-3.1079999999999934,-0.07399999999999984,2015-05-29,80,56,194,False
2015-03-11,2015,2.9017,2.9781999999999997,3.0432,3.0527999999999995,-3.212999999999991,-0.40319999999997425,-2.809800000000017,-0.0669000000000004,2015-05-29,79,55,195,False
2015-03-12,2015,2.9027,2.9711000000000003,3.0056,3.0139,-2.8728000000000193,-0.34860000000000824,-2.524200000000011,-0.060100000000000264,2015-05-29,78,54,196,False
2015-03-13,2015,2.8920999999999997,2.9655,3.0055,3.0106,-3.082800000000015,-0.2142000000000044,-2.8686000000000105,-0.06830000000000025,2015-05-29,77,53,197,False
2015-03-16,2015,2.8979000000000004,2.967,3.0017,3.0074,-2.902199999999988,-0.2394000000000016,-2.6627999999999865,-0.06339999999999968,2015-05-29,74,52,198,False
2015-03-17,2015,2.9078,2.9633,2.9912,2.9945,-2.330999999999995,-0.13859999999999406,-2.192400000000001,-0.052200000000000024,2015-05-29,73,51,199,False
2015-03-18,2015,2.9112,2.9442000000000004,2.9647,2.9685,-1.3860000000000152,-0.15960000000000107,-1.2264000000000141,-0.029200000000000337,2015-05-29,72,50,200,False
2015-03-19,2015,2.9019999999999997,2.9372000000000003,2.9657999999999998,2.9652999999999996,-1.4784000000000237,0.021000000000007013,-1.4994000000000307,-0.03570000000000073,2015-05-29,71,49,201,False
2015-03-20,2015,2.8743,2.89,2.9345999999999997,2.9377,-0.6594000000000113,-0.13020000000001364,-0.5291999999999977,-0.012599999999999945,2015-05-29,70,48,202,False
2015-03-23,2015,2.885,2.8987,2.9436,2.9568,-0.5754000000000019,-0.5543999999999949,-0.021000000000007013,-0.000500000000000167,2015-05-29,67,47,203,False
2015-03-24,2015,2.906,2.9341000000000004,2.9641,2.9945,-1.18020000000001,-1.27679999999999,0.09659999999998004,0.0022999999999995246,2015-05-29,66,46,204,False
2015-03-25,2015,2.8797,2.9242000000000004,2.9286000000000003,2.9665,-1.8690000000000087,-1.5917999999999832,-0.2772000000000254,-0.006600000000000605,2015-05-29,65,45,205,False
2015-03-26,2015,2.8538,2.8987,2.9202,2.9592,-1.8857999999999882,-1.6380000000000061,-0.24779999999998203,-0.005899999999999572,2015-05-29,64,44,206,False
2015-03-27,2015,2.8827999999999996,2.9116000000000004,2.9366000000000003,2.975,-1.2096000000000346,-1.6127999999999902,0.4031999999999556,0.009599999999998943,2015-05-29,63,43,207,False
2015-03-30,2015,2.8859,2.9289,2.9576,2.9944,-1.8060000000000063,-1.5456000000000163,-0.26039999999999,-0.006199999999999761,2015-05-29,60,42,208,False
2015-03-31,2015,2.9116000000000004,2.9399,2.9514,2.9915,-1.1885999999999903,-1.6841999999999917,0.4956000000000014,0.011800000000000033,2015-05-29,59,41,209,False
2015-04-01,2015,2.9126999999999996,2.9492000000000003,2.9337999999999997,2.9879000000000002,-1.533000000000027,-2.27220000000002,0.7391999999999932,0.017599999999999838,2015-05-29,58,40,210,False
2015-04-02,2015,2.9208999999999996,2.9585000000000004,2.9564999999999997,3.0082999999999998,-1.5792000000000312,-2.175600000000003,0.5963999999999716,0.014199999999999324,2015-05-29,57,39,211,False
2015-04-06,2015,2.904,2.9537999999999998,2.9566000000000003,3.0106,-2.0915999999999935,-2.2679999999999927,0.17639999999999922,0.0041999999999999815,2015-05-29,53,38,212,False
2015-04-07,2015,2.8964,2.9405,2.9383999999999997,2.9897000000000005,-1.8522000000000105,-2.154600000000033,0.30240000000002265,0.007200000000000539,2015-05-29,52,37,213,False
2015-04-08,2015,2.8813999999999997,2.9095999999999997,2.9054,2.9561,-1.1844000000000001,-2.1293999999999986,0.9449999999999985,0.022499999999999964,2015-05-29,51,36,214,False
2015-04-09,2015,2.9301,2.9591000000000003,2.9503,3.0013,-1.218000000000015,-2.1420000000000066,0.9239999999999915,0.021999999999999797,2015-05-29,50,35,215,False
2015-04-10,2015,2.9781999999999997,3.0033,2.9789999999999996,3.0339,-1.0542000000000051,-2.3058000000000165,1.2516000000000114,0.02980000000000027,2015-05-29,49,34,216,False
2015-04-13,2015,2.97,3.0014999999999996,2.9360000000000004,2.9926999999999997,-1.3229999999999755,-2.381399999999971,1.0583999999999953,0.02519999999999989,2015-05-29,46,33,217,False
2015-04-14,2015,2.9817,3.0002999999999997,2.9441,3.0035000000000003,-0.7811999999999886,-2.494800000000005,1.7136000000000164,0.04080000000000039,2015-05-29,45,32,218,False
2015-04-15,2015,2.9344,2.9648000000000003,2.9095999999999997,2.9688999999999997,-1.2768000000000086,-2.490599999999996,1.2137999999999876,0.028899999999999704,2015-05-29,44,31,219,False
2015-04-16,2015,2.9065,2.9349000000000003,2.9074,2.9625,-1.1928000000000178,-2.314199999999997,1.121399999999979,0.026699999999999502,2015-05-29,43,30,220,False
2015-04-17,2015,2.9383,2.9666,2.9638999999999998,3.0205,-1.188600000000009,-2.377200000000018,1.188600000000009,0.028300000000000214,2015-05-29,42,29,221,False
2015-04-20,2015,2.8894,2.9067000000000003,2.907,2.9661,-0.7266000000000039,-2.482199999999997,1.7555999999999932,0.04179999999999984,2015-05-29,39,28,222,False
2015-04-21,2015,2.9057,2.9155,2.9029000000000003,2.9663,-0.4116000000000106,-2.6627999999999865,2.251199999999976,0.053599999999999426,2015-05-29,38,27,223,False
2015-04-22,2015,2.8856,2.8998000000000004,2.8824,2.9528,-0.5964000000000089,-2.9567999999999914,2.3603999999999825,0.056199999999999584,2015-05-29,37,26,224,False
2015-04-23,2015,2.9288,2.9498,2.9227999999999996,2.9992,-0.8820000000000148,-3.2088000000000196,2.326800000000005,0.055400000000000116,2015-05-29,36,25,225,False
2015-04-24,2015,2.9389,2.9745999999999997,2.9454000000000002,3.0286,-1.4993999999999934,-3.494399999999988,1.9949999999999948,0.047499999999999876,2015-05-29,35,24,226,False
2015-04-27,2015,2.948,2.9832,2.9495,3.0276,-1.478400000000005,-3.2802000000000024,1.8017999999999974,0.04289999999999994,2015-05-29,32,23,227,False
2015-04-28,2015,2.9006,2.9482999999999997,2.9235,3.0060000000000002,-2.003399999999994,-3.4650000000000007,1.461600000000007,0.034800000000000164,2015-05-29,31,22,228,False
2015-04-29,2015,2.9019,2.935,2.9137,2.9913,-1.3902000000000054,-3.2591999999999954,1.86899999999999,0.04449999999999976,2015-05-29,30,21,229,False
2015-04-30,2015,2.9085,2.9265,2.8885,2.9692000000000003,-0.7559999999999913,-3.389400000000009,2.6334000000000177,0.06270000000000042,2015-05-29,29,20,230,False
2015-05-01,2015,2.9932,2.9831,2.9587,3.0261,0.4241999999999999,-2.8308000000000053,3.2550000000000052,0.07750000000000012,2015-05-29,28,19,231,False
2015-05-04,2015,2.9968,2.9912,2.9387,3.016,0.23519999999999275,-3.246600000000006,3.481799999999999,0.08289999999999997,2015-05-29,25,18,232,False
2015-05-05,2015,2.9920999999999998,2.9714,2.9255,3.0029000000000003,0.8693999999999882,-3.250800000000015,4.120200000000003,0.09810000000000008,2015-05-29,24,17,233,False
2015-05-06,2015,3.0136000000000003,2.9939999999999998,2.9452999999999996,3.0269999999999997,0.8232000000000212,-3.4314000000000044,4.254600000000026,0.10130000000000061,2015-05-29,23,16,234,False
2015-05-07,2015,2.9577999999999998,2.9314,2.8924000000000003,2.9626,1.1087999999999898,-2.9483999999999924,4.057199999999982,0.09659999999999958,2015-05-29,22,15,235,False
2015-05-08,2015,2.9032999999999998,2.8769,2.8333,2.9063999999999997,1.1087999999999898,-3.0701999999999883,4.178999999999978,0.09949999999999948,2015-05-29,21,14,236,False
2015-05-11,2015,2.853,2.8306999999999998,2.7724,2.8531,0.9366000000000181,-3.3893999999999904,4.3260000000000085,0.1030000000000002,2015-05-29,18,13,237,False
2015-05-12,2015,2.8404000000000003,2.8417000000000003,2.7733999999999996,2.8592,-0.05460000000000331,-3.6036000000000135,3.54900000000001,0.08450000000000024,2015-05-29,17,12,238,False
2015-05-13,2015,2.8244,2.841,2.758,2.8402999999999996,-0.6972000000000165,-3.456599999999983,2.7593999999999665,0.0656999999999992,2015-05-29,16,11,239,False
2015-05-14,2015,2.8550999999999997,2.8644,2.7752,2.8608,-0.3906000000000036,-3.5951999999999957,3.204599999999992,0.07629999999999981,2015-05-29,15,10,240,False
2015-05-15,2015,2.8072000000000004,2.7944,2.7149,2.802,0.5376000000000154,-3.658199999999998,4.1958000000000135,0.09990000000000032,2015-05-29,14,9,241,False
2015-05-18,2015,2.7981,2.7932,2.7286,2.8143000000000002,0.20579999999998666,-3.5994000000000046,3.8051999999999913,0.09059999999999979,2015-05-29,11,8,242,False
2015-05-19,2015,2.7879,2.7858,2.7157999999999998,2.8059,0.08819999999999961,-3.784200000000003,3.8724000000000025,0.09220000000000006,2015-05-29,10,7,243,False
2015-05-20,2015,2.7920999999999996,2.7698,2.708,2.7835,0.9365999999999808,-3.170999999999996,4.107599999999977,0.09779999999999944,2015-05-29,9,6,244,False
2015-05-21,2015,2.772,2.7412,2.693,2.7644,1.293599999999988,-2.9988000000000055,4.2923999999999936,0.10219999999999985,2015-05-29,8,5,245,False
2015-05-22,2015,2.7325,2.7226999999999997,2.6663,2.7467,0.4116000000000106,-3.376800000000001,3.7884000000000118,0.09020000000000028,2015-05-29,7,4,246,False
2015-05-26,2015,2.7182,2.7351,2.6608,2.7513,-0.7098000000000058,-3.801000000000001,3.0911999999999953,0.07359999999999989,2015-05-29,3,3,247,False
2015-05-27,2015,2.7708999999999997,2.7758,2.7024,2.79,-0.2058000000000053,-3.679200000000005,3.4734,0.0827,2015-05-29,2,2,248,False
2015-05-28,2015,2.7991,2.7962000000000002,2.7247000000000003,2.8070999999999997,0.12179999999999591,-3.4607999999999732,3.582599999999969,0.08529999999999927,2015-05-29,1,1,249,False
2015-05-29,2015,2.8041,2.8031,2.7507,2.8262,0.041999999999995374,-3.170999999999996,3.212999999999991,0.07649999999999979,2015-05-29,0,0,250,False
2015-06-01,2016,2.8823000000000003,2.8539,2.6599,2.9082999999999997,1.1928000000000178,-10.43279999999999,11.625600000000007,0.27680000000000016,2016-05-31,365,251,0,False
2015-06-02,2016,2.8472000000000004,2.8202999999999996,2.6238,2.8707,1.129800000000034,-10.369799999999987,11.499600000000022,0.27380000000000054,2016-05-31,364,250,1,False
2015-06-03,2016,2.863,2.8441,2.6660000000000004,2.923,0.7937999999999965,-10.793999999999986,11.587799999999984,0.2758999999999996,2016-05-31,363,249,2,False
2015-06-04,2016,2.8870999999999998,2.8666,2.6683,2.9341000000000004,0.8609999999999891,-11.16360000000002,12.02460000000001,0.2863000000000002,2016-05-31,362,248,3,False
2015-06-05,2016,2.8456,2.8254,2.636,2.9044,0.8483999999999998,-11.27279999999999,12.12119999999999,0.28859999999999975,2016-05-31,361,247,4,False
2015-06-08,2016,2.8164999999999996,2.8371,2.6212999999999997,2.9044,-0.8652000000000166,-11.890200000000005,11.024999999999988,0.26249999999999973,2016-05-31,358,246,5,False
2015-06-09,2016,2.812,2.8308,2.5787,2.8617000000000004,-0.7896000000000063,-11.886000000000015,11.09640000000001,0.2642000000000002,2016-05-31,357,245,6,False
2015-06-10,2016,2.7544,2.7837,2.537,2.8173000000000004,-1.2306000000000044,-11.772600000000018,10.542000000000014,0.25100000000000033,2016-05-31,356,244,7,False
2015-06-11,2016,2.7557,2.7847000000000004,2.5162,2.7936,-1.218000000000015,-11.650800000000004,10.43279999999999,0.24839999999999976,2016-05-31,355,243,8,False
2015-06-12,2016,2.7162,2.7469,2.4736000000000002,2.7552,-1.2893999999999979,-11.827199999999984,10.537799999999987,0.2508999999999997,2016-05-31,354,242,9,False
2015-06-15,2016,2.7327,2.7497000000000003,2.4877000000000002,2.7617000000000003,-0.7140000000000146,-11.508000000000001,10.793999999999986,0.2569999999999997,2016-05-31,351,241,10,False
2015-06-16,2016,2.7156000000000002,2.7212,2.459,2.7226,-0.23519999999999275,-11.071199999999994,10.836000000000002,0.25800000000000006,2016-05-31,350,240,11,False
2015-06-17,2016,2.7445,2.7638,2.4819999999999998,2.7502999999999997,-0.8105999999999947,-11.2686,10.458000000000006,0.24900000000000014,2016-05-31,349,239,12,False
2015-06-18,2016,2.7739,2.7872000000000003,2.5219,2.7809,-0.5586000000000224,-10.877999999999997,10.319399999999973,0.24569999999999936,2016-05-31,348,238,13,False
2015-06-19,2016,2.7963,2.8149,2.5503,2.8094,-0.7812000000000072,-10.882200000000005,10.100999999999997,0.24049999999999994,2016-05-31,347,237,14,False
2015-06-22,2016,2.7554000000000003,2.7758,2.5157,2.7678,-0.8567999999999802,-10.5882,9.73140000000002,0.2317000000000005,2016-05-31,344,236,15,False
2015-06-23,2016,2.7220999999999997,2.7391,2.4565,2.7089,-0.7140000000000146,-10.600799999999989,9.886799999999974,0.2353999999999994,2016-05-31,343,235,16,False
2015-06-24,2016,2.6847000000000003,2.7043,2.4153000000000002,2.6718,-0.823199999999984,-10.772999999999998,9.949800000000014,0.23690000000000033,2016-05-31,342,234,17,False
2015-06-25,2016,2.6817,2.7015,2.4162,2.6612,-0.831599999999983,-10.290000000000004,9.458400000000022,0.22520000000000054,2016-05-31,341,233,18,False
2015-06-26,2016,2.6522,2.6812,2.3754,2.6222000000000003,-1.2179999999999964,-10.365600000000015,9.147600000000018,0.21780000000000044,2016-05-31,340,232,19,False
2015-06-29,2016,2.6424000000000003,2.6756,2.3506,2.6052,-1.3943999999999956,-10.693199999999997,9.298800000000002,0.22140000000000004,2016-05-31,337,231,20,False
2015-06-30,2016,2.6214,2.6686,2.3527,2.5995999999999997,-1.9824000000000055,-10.369799999999987,8.387399999999982,0.19969999999999957,2016-05-31,336,230,21,False
2015-07-01,2016,2.6146,2.6743,2.3596,2.615,-2.507400000000013,-10.726800000000011,8.219399999999998,0.19569999999999996,2016-05-31,335,229,22,False
2015-07-02,2016,2.6014,2.6616000000000004,2.3266999999999998,2.5811,-2.52840000000002,-10.684800000000017,8.156399999999998,0.19419999999999996,2016-05-31,334,228,23,False
2015-07-06,2016,2.5987999999999998,2.6597000000000004,2.334,2.5831,-2.557800000000026,-10.462199999999996,7.90439999999997,0.18819999999999928,2016-05-31,330,227,24,False
2015-07-07,2016,2.5839,2.6492,2.3121,2.5579,-2.7426000000000057,-10.3236,7.580999999999995,0.18049999999999988,2016-05-31,329,226,25,False
2015-07-08,2016,2.6162,2.6765,2.3409999999999997,2.5782,-2.5325999999999915,-9.962400000000002,7.429800000000011,0.17690000000000025,2016-05-31,328,225,26,False
2015-07-09,2016,2.653,2.6910000000000003,2.3718,2.6081,-1.5960000000000107,-9.924599999999998,8.328599999999987,0.1982999999999997,2016-05-31,327,224,27,False
2015-07-10,2016,2.6343,2.6683999999999997,2.3442,2.5721,-1.4321999999999822,-9.5718,8.139600000000017,0.19380000000000042,2016-05-31,326,223,28,False
2015-07-13,2016,2.6393,2.6803,2.3733,2.5970999999999997,-1.7219999999999969,-9.39959999999999,7.677599999999994,0.18279999999999985,2016-05-31,323,222,29,False
2015-07-14,2016,2.6512000000000002,2.6938999999999997,2.3782,2.5975,-1.7933999999999797,-9.210600000000003,7.417200000000023,0.17660000000000056,2016-05-31,322,221,30,False
2015-07-15,2016,2.6771,2.7105,2.3933,2.617,-1.4028000000000134,-9.3954,7.992599999999987,0.1902999999999997,2016-05-31,321,220,31,False
2015-07-16,2016,2.6837,2.7127,2.3936,2.6192,-1.2179999999999964,-9.475200000000001,8.257200000000005,0.1966000000000001,2016-05-31,320,219,32,False
2015-07-17,2016,2.6963,2.7322,2.3929,2.637,-1.5078000000000111,-10.252199999999998,8.744399999999988,0.20819999999999972,2016-05-31,319,218,33,False
2015-07-20,2016,2.6661,2.6874000000000002,2.3615,2.5991000000000004,-0.8946000000000041,-9.97920000000002,9.084600000000016,0.21630000000000038,2016-05-31,316,217,34,False
2015-07-21,2016,2.7220999999999997,2.7081999999999997,2.3842,2.6166,0.583800000000001,-9.760800000000007,10.344600000000007,0.24630000000000016,2016-05-31,315,216,35,False
2015-07-22,2016,2.7510000000000003,2.7385,2.4078,2.6445999999999996,0.5250000000000075,-9.945599999999986,10.470599999999994,0.24929999999999986,2016-05-31,314,215,36,False
2015-07-23,2016,2.7368,2.7365,2.394,2.638,0.012600000000007938,-10.24799999999999,10.260599999999998,0.24429999999999996,2016-05-31,313,214,37,False
2015-07-24,2016,2.6485000000000003,2.6617,2.3278,2.577,-0.5543999999999949,-10.466400000000004,9.91200000000001,0.23600000000000024,2016-05-31,312,213,38,False
2015-07-27,2016,2.6598,2.6702999999999997,2.3425,2.5839999999999996,-0.4409999999999794,-10.142999999999994,9.702000000000014,0.23100000000000034,2016-05-31,309,212,39,False
2015-07-28,2016,2.7331,2.714,2.3928,2.6185,0.8021999999999956,-9.479400000000009,10.281600000000005,0.2448000000000001,2016-05-31,308,211,40,False
2015-07-29,2016,2.7541,2.742,2.4066,2.6397000000000004,0.5082000000000093,-9.790200000000013,10.298400000000022,0.24520000000000053,2016-05-31,307,210,41,False
2015-07-30,2016,2.7531,2.7445999999999997,2.4183000000000003,2.6519,0.3570000000000073,-9.811199999999982,10.168199999999988,0.2420999999999997,2016-05-31,306,209,42,False
2015-07-31,2016,2.7657,2.7612,2.4532,2.6751,0.1889999999999885,-9.319800000000008,9.508799999999997,0.22639999999999993,2016-05-31,305,208,43,False
2015-08-03,2016,2.7277,2.7432999999999996,2.4228,2.6456999999999997,-0.6551999999999838,-9.361799999999985,8.706600000000002,0.20730000000000004,2016-05-31,302,207,44,False
2015-08-04,2016,2.7325,2.7331,2.4147,2.6296,-0.025199999999997225,-9.025800000000004,9.000600000000006,0.21430000000000013,2016-05-31,301,206,45,False
2015-08-05,2016,2.6905,2.7114,2.3746,2.5981,-0.8777999999999873,-9.387,8.509200000000014,0.20260000000000034,2016-05-31,300,205,46,False
2015-08-06,2016,2.6789,2.6917,2.3736,2.5911,-0.5375999999999967,-9.134999999999991,8.597399999999993,0.20469999999999983,2016-05-31,299,204,47,False
2015-08-07,2016,2.6987,2.7182,2.3989,2.6244,-0.8189999999999937,-9.47100000000001,8.652000000000017,0.2060000000000004,2016-05-31,298,203,48,False
2015-08-10,2016,2.6938999999999997,2.7176,2.3902,2.6212,-0.9954000000000116,-9.701999999999995,8.706599999999984,0.20729999999999962,2016-05-31,295,202,49,False
2015-08-11,2016,2.737,2.7552999999999996,2.4251,2.6599,-0.7685999999999806,-9.861599999999996,9.093000000000014,0.21650000000000033,2016-05-31,294,201,50,False
2015-08-12,2016,2.7142,2.7462,2.4155,2.6562,-1.3440000000000012,-10.109399999999997,8.765399999999996,0.2086999999999999,2016-05-31,293,200,51,False
2015-08-13,2016,2.7302999999999997,2.7569999999999997,2.4344,2.6667,-1.1213999999999977,-9.756599999999999,8.635200000000001,0.20560000000000003,2016-05-31,292,199,52,False
2015-08-14,2016,2.7629,2.7813999999999997,2.4566,2.69,-0.7769999999999797,-9.802800000000001,9.025800000000022,0.2149000000000005,2016-05-31,291,198,53,False
2015-08-17,2016,2.7308999999999997,2.7367000000000004,2.4254,2.6589,-0.24360000000002913,-9.807000000000011,9.563399999999982,0.22769999999999957,2016-05-31,288,197,54,False
2015-08-18,2016,2.7344999999999997,2.7256,2.4155,2.6449000000000003,0.3737999999999868,-9.634800000000002,10.008599999999989,0.23829999999999973,2016-05-31,287,196,55,False
2015-08-19,2016,2.7676,2.7543,2.4431,2.6762,0.5585999999999851,-9.790200000000013,10.348799999999997,0.24639999999999992,2016-05-31,286,195,56,False
2015-08-20,2016,2.7781000000000002,2.7651,2.4433000000000002,2.6766,0.5460000000000145,-9.798599999999993,10.344600000000007,0.24630000000000016,2016-05-31,285,194,57,False
2015-08-21,2016,2.7992000000000004,2.7777,2.4912,2.7152,0.9030000000000218,-9.40799999999999,10.311000000000012,0.2455000000000003,2016-05-31,284,193,58,False
2015-08-24,2016,2.7774,2.7628,2.4795,2.7125,0.6132000000000071,-9.786000000000005,10.399200000000011,0.24760000000000026,2016-05-31,281,192,59,False
2015-08-25,2016,2.8148,2.7922000000000002,2.522,2.7527,0.9491999999999887,-9.689400000000006,10.638599999999995,0.25329999999999986,2016-05-31,280,191,60,False
2015-08-26,2016,2.7854,2.7643,2.5051,2.7384,0.886200000000005,-9.798599999999993,10.6848,0.25439999999999996,2016-05-31,279,190,61,False
2015-08-27,2016,2.84,2.8125999999999998,2.5534,2.7876999999999996,1.1508000000000038,-9.840599999999988,10.991399999999992,0.2616999999999998,2016-05-31,278,189,62,False
2015-08-28,2016,2.8893,2.8531,2.6005000000000003,2.8391,1.5204000000000004,-10.021199999999997,11.541599999999997,0.27479999999999993,2016-05-31,277,188,63,False
2015-08-31,2016,2.8588,2.8435,2.5913999999999997,2.8364,0.6425999999999945,-10.290000000000004,10.932599999999999,0.2603,2016-05-31,274,187,64,False
2015-09-01,2016,2.8294,2.8149,2.5591999999999997,2.8072000000000004,0.6089999999999982,-10.416000000000029,11.025000000000027,0.2625000000000006,2016-05-31,273,186,65,False
2015-09-02,2016,2.8182,2.8075,2.5509,2.7952,0.44939999999999714,-10.260599999999998,10.709999999999996,0.2549999999999999,2016-05-31,272,185,66,False
2015-09-03,2016,2.8135000000000003,2.7768,2.5286,2.7581,1.5414000000000074,-9.63900000000001,11.180400000000017,0.2662000000000004,2016-05-31,271,184,67,False
2015-09-04,2016,2.8318,2.803,2.5497,2.7818,1.2095999999999973,-9.748199999999999,10.957799999999995,0.2608999999999999,2016-05-31,270,183,68,False
2015-09-08,2016,2.7727,2.7624,2.5027,2.7336,0.432599999999999,-9.697800000000004,10.130400000000003,0.24120000000000008,2016-05-31,266,182,69,False
2015-09-09,2016,2.7729000000000004,2.7451,2.4844999999999997,2.7148000000000003,1.1676000000000206,-9.672600000000026,10.840200000000046,0.2581000000000011,2016-05-31,265,181,70,False
2015-09-10,2016,2.7885000000000004,2.7574,2.5091,2.7424,1.3062000000000147,-9.798599999999993,11.104800000000008,0.2644000000000002,2016-05-31,264,180,71,False
2015-09-11,2016,2.8451999999999997,2.7883999999999998,2.549,2.78,2.3855999999999984,-9.701999999999995,12.087599999999993,0.28779999999999983,2016-05-31,263,179,72,False
2015-09-14,2016,2.8341000000000003,2.7786,2.5322,2.7613,2.3310000000000137,-9.622199999999994,11.953200000000008,0.2846000000000002,2016-05-31,260,178,73,False
2015-09-15,2016,2.8327999999999998,2.7683,2.5295,2.7476,2.7089999999999907,-9.160199999999989,11.86919999999998,0.2825999999999995,2016-05-31,259,177,74,False
2015-09-16,2016,2.8221,2.7614,2.5380000000000003,2.7569,2.5493999999999897,-9.193799999999985,11.743199999999975,0.2795999999999994,2016-05-31,258,176,75,False
2015-09-17,2016,2.8097000000000003,2.7522,2.5456,2.7492,2.4150000000000045,-8.551200000000009,10.966200000000013,0.26110000000000033,2016-05-31,257,175,76,False
2015-09-18,2016,2.81,2.7552999999999996,2.5313,2.7366,2.2974000000000174,-8.622600000000011,10.920000000000028,0.2600000000000007,2016-05-31,256,174,77,False
2015-09-21,2016,2.8592,2.7756,2.5718,2.7638,3.511200000000005,-8.06399999999999,11.575199999999995,0.2755999999999999,2016-05-31,253,173,78,False
2015-09-22,2016,2.8468,2.7544,2.5487,2.7453,3.8808000000000016,-8.257199999999987,12.137999999999987,0.2889999999999997,2016-05-31,252,172,79,False
2015-09-23,2016,2.8794,2.7806,2.5636,2.7584,4.149599999999991,-8.181599999999994,12.331199999999985,0.29359999999999964,2016-05-31,251,171,80,False
2015-09-24,2016,2.8689,2.7843,2.5477000000000003,2.7519,3.5532000000000004,-8.576399999999989,12.12959999999999,0.2887999999999997,2016-05-31,250,170,81,False
2015-09-25,2016,2.8735000000000004,2.7746,2.5332,2.7306,4.153800000000018,-8.2908,12.444600000000019,0.29630000000000045,2016-05-31,249,169,82,False
2015-09-28,2016,2.8827999999999996,2.795,2.5428,2.7449,3.6875999999999856,-8.488199999999988,12.175799999999974,0.2898999999999994,2016-05-31,246,168,83,False
2015-09-29,2016,2.9036,2.8197,2.5685000000000002,2.7773000000000003,3.5237999999999943,-8.769600000000004,12.293399999999998,0.29269999999999996,2016-05-31,245,167,84,False
2015-09-30,2016,2.8468,2.7708,2.5188,2.7220999999999997,3.192000000000003,-8.538599999999983,11.730599999999985,0.27929999999999966,2016-05-31,244,166,85,False
2015-10-01,2016,2.7961,2.7287,2.4697,2.6713999999999998,2.8308000000000053,-8.47139999999999,11.302199999999996,0.2690999999999999,2016-05-31,243,165,86,False
2015-10-02,2016,2.7843,2.7260000000000004,2.464,2.6737,2.448599999999982,-8.807400000000008,11.25599999999999,0.26799999999999974,2016-05-31,242,164,87,False
2015-10-05,2016,2.793,2.7193,2.439,2.6467,3.095400000000004,-8.7234,11.818800000000003,0.2814000000000001,2016-05-31,239,163,88,False
2015-10-06,2016,2.8473,2.7489999999999997,2.4844999999999997,2.678,4.128600000000021,-8.12700000000001,12.25560000000003,0.2918000000000007,2016-05-31,238,162,89,False
2015-10-07,2016,2.8166,2.7445999999999997,2.474,2.6722,3.0240000000000213,-8.324399999999997,11.34840000000002,0.27020000000000044,2016-05-31,237,161,90,False
2015-10-08,2016,2.8629000000000002,2.7883,2.5162999999999998,2.716,3.1332000000000093,-8.387400000000017,11.520600000000027,0.27430000000000065,2016-05-31,236,160,91,False
2015-10-09,2016,2.8703,2.7829,2.5212,2.7175,3.6707999999999874,-8.244599999999997,11.915399999999984,0.2836999999999996,2016-05-31,235,159,92,False
2015-10-12,2016,2.8782,2.7811000000000003,2.5561000000000003,2.736,4.078199999999989,-7.555799999999998,11.633999999999986,0.2769999999999997,2016-05-31,232,158,93,False
2015-10-13,2016,2.8528,2.7399,2.5151,2.6943,4.741799999999991,-7.52640000000001,12.2682,0.2921,2016-05-31,231,157,94,False
2015-10-14,2016,2.8445,2.7439,2.5276,2.7077999999999998,4.225200000000001,-7.568399999999987,11.793599999999987,0.2807999999999997,2016-05-31,230,156,95,False
2015-10-15,2016,2.8498,2.75,2.5413,2.7242,4.191600000000005,-7.681800000000003,11.873400000000007,0.2827000000000002,2016-05-31,229,155,96,False
2015-10-16,2016,2.8758999999999997,2.7698,2.573,2.7588999999999997,4.456199999999985,-7.807799999999989,12.263999999999974,0.29199999999999937,2016-05-31,228,154,97,False
2015-10-19,2016,2.8617000000000004,2.7464,2.5468,2.7356,4.842600000000017,-7.929599999999985,12.772200000000002,0.30410000000000004,2016-05-31,225,153,98,False
2015-10-20,2016,2.8327999999999998,2.7037999999999998,2.5147999999999997,2.7034,5.418,-7.921200000000004,13.339200000000005,0.3176000000000001,2016-05-31,224,152,99,False
2015-10-21,2016,2.8209,2.6955,2.4988,2.6799,5.266799999999998,-7.606199999999992,12.87299999999999,0.3064999999999998,2016-05-31,223,151,100,False
2015-10-22,2016,2.8303,2.7142,2.5209,2.6969,4.8761999999999945,-7.391999999999988,12.268199999999982,0.2920999999999996,2016-05-31,222,150,101,False
2015-10-23,2016,2.8398000000000003,2.7177,2.5179,2.6961,5.128200000000023,-7.484399999999996,12.612600000000018,0.30030000000000046,2016-05-31,221,149,102,False
2015-10-26,2016,2.8637,2.7616,2.5837,2.7615,4.288200000000003,-7.467599999999998,11.7558,0.27990000000000004,2016-05-31,218,148,103,False
2015-10-27,2016,2.7912,2.7035,2.515,2.6971,3.6833999999999953,-7.648199999999988,11.331599999999984,0.2697999999999996,2016-05-31,217,147,104,False
2015-10-28,2016,2.7451999999999996,2.681,2.483,2.6742000000000004,2.696399999999983,-8.03040000000001,10.726799999999994,0.25539999999999985,2016-05-31,216,146,105,False
2015-10-29,2016,2.7876,2.7157999999999998,2.5014,2.696,3.0156000000000036,-8.173200000000014,11.188800000000018,0.2664000000000004,2016-05-31,215,145,106,False
2015-10-30,2016,2.8051,2.7405,2.5375,2.7285000000000004,2.7131999999999996,-8.022000000000013,10.735200000000013,0.2556000000000003,2016-05-31,214,144,107,False
2015-11-02,2016,2.8191,2.7486,2.532,2.7218999999999998,2.9610000000000003,-7.975799999999989,10.93679999999999,0.26039999999999974,2016-05-31,211,143,108,False
2015-11-03,2016,2.8266000000000004,2.7302999999999997,2.5173,2.7014,4.04460000000003,-7.732199999999997,11.776800000000026,0.28040000000000065,2016-05-31,210,142,109,False
2015-11-04,2016,2.82,2.7258999999999998,2.5279,2.7018,3.952200000000003,-7.303800000000007,11.25600000000001,0.26800000000000024,2016-05-31,209,141,110,False
2015-11-05,2016,2.827,2.7377999999999996,2.5450999999999997,2.7116000000000002,3.7464000000000164,-6.9930000000000225,10.739400000000039,0.2557000000000009,2016-05-31,208,140,111,False
2015-11-06,2016,2.8181,2.7237999999999998,2.5251,2.6879000000000004,3.960600000000002,-6.837600000000012,10.798200000000014,0.25710000000000033,2016-05-31,207,139,112,False
2015-11-09,2016,2.8118,2.713,2.4886,2.6586000000000003,4.149599999999991,-7.140000000000016,11.289600000000007,0.26880000000000015,2016-05-31,204,138,113,False
2015-11-10,2016,2.7931,2.6947,2.4727,2.64,4.1327999999999925,-7.0266,11.159399999999993,0.2656999999999998,2016-05-31,203,137,114,False
2015-11-11,2016,2.8632999999999997,2.7554000000000003,2.5215,2.6898,4.5317999999999765,-7.0685999999999956,11.600399999999972,0.27619999999999933,2016-05-31,202,136,115,False
2015-11-12,2016,2.8983,2.7769,2.5366,2.7102,5.098799999999998,-7.291199999999999,12.389999999999997,0.29499999999999993,2016-05-31,201,135,116,False
2015-11-13,2016,2.9227999999999996,2.8035,2.5476,2.7247000000000003,5.01059999999998,-7.438200000000011,12.448799999999991,0.2963999999999998,2016-05-31,200,134,117,False
2015-11-16,2016,2.9010000000000002,2.7724,2.5345,2.7048,5.401200000000002,-7.152600000000005,12.553800000000006,0.29890000000000017,2016-05-31,197,133,118,False
2015-11-17,2016,2.8977999999999997,2.7725999999999997,2.5286,2.6995999999999998,5.258399999999999,-7.181999999999992,12.440399999999991,0.2961999999999998,2016-05-31,196,132,119,False
2015-11-18,2016,2.9249,2.8146,2.5718,2.7385,4.632600000000003,-7.001400000000003,11.634000000000006,0.27700000000000014,2016-05-31,195,131,120,False
2015-11-19,2016,2.935,2.8216,2.5506,2.7262,4.762799999999998,-7.37519999999999,12.137999999999987,0.2889999999999997,2016-05-31,194,130,121,False
2015-11-20,2016,2.8988,2.8092,2.5408,2.7225,3.763199999999996,-7.631400000000008,11.394600000000004,0.2713000000000001,2016-05-31,193,129,122,False
2015-11-23,2016,2.8649,2.7714999999999996,2.5187,2.7064,3.9228000000000156,-7.883399999999999,11.806200000000015,0.28110000000000035,2016-05-31,190,128,123,False
2015-11-24,2016,2.8641,2.7527,2.5075,2.6902,4.678800000000007,-7.6734000000000036,12.35220000000001,0.29410000000000025,2016-05-31,189,127,124,False
2015-11-25,2016,2.8631,2.7595,2.5269999999999997,2.7123000000000004,4.351200000000006,-7.782600000000029,12.133800000000035,0.2889000000000008,2016-05-31,188,126,125,False
2015-11-27,2016,2.8886000000000003,2.7761,2.5555000000000003,2.7398000000000002,4.725000000000011,-7.740599999999996,12.465600000000007,0.2968000000000002,2016-05-31,186,125,126,False
2015-11-30,2016,2.8918,2.7758,2.5707,2.7420999999999998,4.872000000000004,-7.1987999999999905,12.070799999999995,0.2873999999999999,2016-05-31,183,124,127,False
2015-12-01,2016,2.8657999999999997,2.772,2.5456,2.7233,3.939599999999995,-7.463400000000008,11.403000000000002,0.2715000000000001,2016-05-31,182,123,128,False
2015-12-02,2016,2.8941000000000003,2.8139999999999996,2.5887000000000002,2.765,3.3642000000000305,-7.404599999999996,10.768800000000027,0.2564000000000006,2016-05-31,181,122,129,False
2015-12-03,2016,2.9363,2.8373000000000004,2.6035000000000004,2.7825,4.15799999999999,-7.517999999999993,11.675999999999982,0.2779999999999996,2016-05-31,180,121,130,False
2015-12-04,2016,2.8851,2.8018,2.5512,2.7411000000000003,3.498599999999997,-7.9758000000000076,11.474400000000005,0.2732000000000001,2016-05-31,179,120,131,False
2015-12-07,2016,2.9370999999999996,2.8464,2.6315,2.8193,3.8093999999999815,-7.887600000000008,11.696999999999989,0.27849999999999975,2016-05-31,176,119,132,False
2015-12-08,2016,2.9764999999999997,2.8889,2.6660000000000004,2.8525,3.6791999999999865,-7.832999999999986,11.512199999999972,0.27409999999999934,2016-05-31,175,118,133,False
2015-12-09,2016,3.0488,2.9555000000000002,2.7472000000000003,2.9257,3.918599999999988,-7.496999999999986,11.415599999999973,0.2717999999999994,2016-05-31,174,117,134,False
2015-12-10,2016,2.9665,2.883,2.6706,2.8583,3.506999999999996,-7.883399999999999,11.390399999999996,0.2711999999999999,2016-05-31,173,116,135,False
2015-12-11,2016,2.9832,2.8988,2.7096,2.8939999999999997,3.5448000000000013,-7.744799999999986,11.289599999999988,0.2687999999999997,2016-05-31,172,115,136,False
2015-12-14,2016,2.9286000000000003,2.8608,2.6874000000000002,2.8708,2.847600000000022,-7.702799999999991,10.550400000000014,0.2512000000000003,2016-05-31,169,114,137,False
2015-12-15,2016,2.9133,2.8213999999999997,2.6364,2.8139999999999996,3.859800000000013,-7.4591999999999805,11.318999999999994,0.26949999999999985,2016-05-31,168,113,138,False
2015-12-16,2016,2.855,2.7798000000000003,2.5907999999999998,2.7681,3.158399999999988,-7.44660000000001,10.604999999999997,0.25249999999999995,2016-05-31,167,112,139,False
2015-12-17,2016,2.8051,2.7508999999999997,2.5478,2.7381,2.2764000000000104,-7.992600000000006,10.269000000000016,0.24450000000000038,2016-05-31,166,111,140,False
2015-12-18,2016,2.8269,2.7595,2.5561000000000003,2.7443,2.8308000000000053,-7.904399999999987,10.735199999999992,0.2555999999999998,2016-05-31,165,110,141,False
2015-12-21,2016,2.8166,2.7697000000000003,2.5631,2.7601,1.9697999999999976,-8.274000000000003,10.2438,0.2439,2016-05-31,162,109,142,False
2015-12-22,2016,2.8622,2.7898,2.5989,2.7845999999999997,3.040800000000001,-7.79939999999999,10.84019999999999,0.2580999999999998,2016-05-31,161,108,143,False
2015-12-23,2016,2.8698,2.8095,2.6096,2.7933999999999997,2.53260000000001,-7.719599999999989,10.252199999999998,0.24409999999999996,2016-05-31,160,107,144,False
2015-12-24,2016,2.8824,2.804,2.6113999999999997,2.786,3.2928000000000104,-7.333200000000013,10.626000000000023,0.25300000000000056,2016-05-31,159,106,145,False
2015-12-28,2016,2.8939999999999997,2.7998000000000003,2.6235000000000004,2.7942,3.9563999999999746,-7.1693999999999845,11.125799999999959,0.264899999999999,2016-05-31,155,105,146,False
2015-12-29,2016,2.9089,2.8044,2.597,2.7721,4.389000000000011,-7.354200000000001,11.743200000000012,0.2796000000000003,2016-05-31,154,104,147,False
2015-12-30,2016,2.8401,2.7384,2.5141,2.6919999999999997,4.271400000000005,-7.4717999999999885,11.743199999999995,0.27959999999999985,2016-05-31,153,103,148,False
2015-12-31,2016,2.8743,2.7661000000000002,2.5443000000000002,2.7293000000000003,4.5443999999999845,-7.770000000000002,12.314399999999987,0.2931999999999997,2016-05-31,152,102,149,False
2016-01-04,2016,2.8822,2.7584,2.5477000000000003,2.7224,5.1996000000000056,-7.337399999999985,12.53699999999999,0.29849999999999977,2016-05-31,148,101,150,False
2016-01-05,2016,2.8344,2.7034,2.4987,2.6763,5.5020000000000095,-7.459199999999999,12.961200000000009,0.3086000000000002,2016-05-31,147,100,151,False
2016-01-06,2016,2.8070999999999997,2.6722,2.4581,2.6416000000000004,5.665799999999982,-7.7070000000000185,13.372800000000002,0.3184,2016-05-31,146,99,152,False
2016-01-07,2016,2.7825,2.6489999999999996,2.4295,2.6166,5.607000000000026,-7.858200000000002,13.465200000000028,0.32060000000000066,2016-05-31,145,98,153,False
2016-01-08,2016,2.7607999999999997,2.6442,2.4267,2.6199,4.897199999999983,-8.114400000000002,13.011599999999984,0.30979999999999963,2016-05-31,144,97,154,False
2016-01-11,2016,2.7744999999999997,2.6315,2.412,2.5976999999999997,6.005999999999991,-7.79939999999999,13.805399999999981,0.32869999999999955,2016-05-31,141,96,155,False
2016-01-12,2016,2.8486000000000002,2.7034,2.4711000000000003,2.6711,6.0984000000000185,-8.399999999999988,14.498400000000007,0.3452000000000002,2016-05-31,140,95,156,False
2016-01-13,2016,2.8185000000000002,2.6969,2.4441,2.6492,5.107200000000016,-8.614199999999993,13.72140000000001,0.3267000000000002,2016-05-31,139,94,157,False
2016-01-14,2016,2.8354000000000004,2.7281,2.4928,2.7006,4.506600000000017,-8.72760000000001,13.234200000000026,0.3151000000000006,2016-05-31,138,93,158,False
2016-01-15,2016,2.8262,2.7321,2.5129,2.7105,3.952200000000003,-8.299199999999999,12.251400000000002,0.29170000000000007,2016-05-31,137,92,159,False
2016-01-19,2016,2.7733,2.6892,2.4707,2.6704000000000003,3.5321999999999933,-8.387400000000017,11.91960000000001,0.2838000000000002,2016-05-31,133,91,160,False
2016-01-20,2016,2.7498,2.6712000000000002,2.4487,2.6464999999999996,3.301199999999991,-8.30759999999998,11.60879999999997,0.2763999999999993,2016-05-31,132,90,161,False
2016-01-21,2016,2.7069,2.6571,2.4361,2.64,2.091600000000012,-8.563799999999999,10.65540000000001,0.25370000000000026,2016-05-31,131,89,162,False
2016-01-22,2016,2.6997000000000004,2.6438,2.4374000000000002,2.642,2.347800000000012,-8.593199999999985,10.940999999999997,0.26049999999999995,2016-05-31,130,88,163,False
2016-01-25,2016,2.7289999999999996,2.6719999999999997,2.4581,2.6655,2.3939999999999975,-8.71080000000001,11.104800000000008,0.2644000000000002,2016-05-31,127,87,164,False
2016-01-26,2016,2.7258999999999998,2.675,2.4659999999999997,2.6713,2.1377999999999977,-8.622600000000011,10.760400000000008,0.2562000000000002,2016-05-31,126,86,165,False
2016-01-27,2016,2.7349,2.6900999999999997,2.4525,2.67,1.8816000000000166,-9.134999999999991,11.016600000000007,0.2623000000000002,2016-05-31,125,85,166,False
2016-01-28,2016,2.7247000000000003,2.6751,2.4388,2.6572000000000005,2.083200000000013,-9.172800000000016,11.256000000000029,0.2680000000000007,2016-05-31,124,84,167,False
2016-01-29,2016,2.6779,2.6395,2.3936,2.6156,1.612800000000009,-9.323999999999998,10.936800000000007,0.2604000000000002,2016-05-31,123,83,168,False
2016-02-01,2016,2.6812,2.6408,2.4044,2.6327,1.6967999999999996,-9.588599999999998,11.285399999999997,0.26869999999999994,2016-05-31,120,82,169,False
2016-02-02,2016,2.6814,2.6364,2.4062,2.6351999999999998,1.889999999999997,-9.617999999999984,11.507999999999981,0.2739999999999996,2016-05-31,119,81,170,False
2016-02-03,2016,2.6538999999999997,2.6224000000000003,2.3939,2.6235000000000004,1.3229999999999755,-9.64320000000002,10.966199999999995,0.2610999999999999,2016-05-31,118,80,171,False
2016-02-04,2016,2.6455,2.603,2.3785,2.5968,1.7849999999999993,-9.168600000000007,10.953600000000005,0.26080000000000014,2016-05-31,117,79,172,False
2016-02-05,2016,2.5944,2.5585,2.3324000000000003,2.5457,1.5077999999999925,-8.958599999999993,10.466399999999986,0.24919999999999967,2016-05-31,116,78,173,False
2016-02-08,2016,2.5860000000000003,2.553,2.3303,2.5484999999999998,1.3860000000000152,-9.164399999999997,10.550400000000012,0.2512000000000003,2016-05-31,113,77,174,False
2016-02-09,2016,2.6061,2.5586,2.3385,2.5585,1.9949999999999948,-9.240000000000009,11.235000000000003,0.26750000000000007,2016-05-31,112,76,175,False
2016-02-10,2016,2.5396,2.5221,2.2933000000000003,2.5199000000000003,0.735000000000003,-9.517199999999995,10.252199999999998,0.24409999999999996,2016-05-31,111,75,176,False
2016-02-11,2016,2.4932,2.4927,2.2713,2.5006,0.02099999999998836,-9.630599999999994,9.651599999999982,0.2297999999999996,2016-05-31,110,74,177,False
2016-02-12,2016,2.5115,2.5309,2.309,2.5469999999999997,-0.8148000000000035,-9.995999999999981,9.181199999999977,0.21859999999999946,2016-05-31,109,73,178,False
2016-02-16,2016,2.5484,2.5663,2.3312,2.5727999999999995,-0.7518000000000011,-10.147199999999984,9.395399999999983,0.2236999999999996,2016-05-31,105,72,179,False
2016-02-17,2016,2.5236,2.5469999999999997,2.3045,2.5540000000000003,-0.982799999999985,-10.479000000000012,9.496200000000027,0.22610000000000063,2016-05-31,104,71,180,False
2016-02-18,2016,2.5084999999999997,2.5231,2.2704,2.5078,-0.6132000000000071,-9.970800000000002,9.357599999999994,0.22279999999999986,2016-05-31,103,70,181,False
2016-02-19,2016,2.556,2.5724,2.3322,2.5555000000000003,-0.6887999999999987,-9.37860000000002,8.689800000000021,0.2069000000000005,2016-05-31,102,69,182,False
2016-02-22,2016,2.5354,2.5377,2.2925999999999997,2.5111000000000003,-0.09659999999999869,-9.177000000000024,9.080400000000026,0.21620000000000061,2016-05-31,99,68,183,False
2016-02-23,2016,2.5397,2.5284,2.2837,2.5015,0.47459999999999436,-9.1476,9.622199999999996,0.22909999999999991,2016-05-31,98,67,184,False
2016-02-24,2016,2.596,2.5731,2.3350999999999997,2.5484999999999998,0.9617999999999967,-8.962800000000001,9.924599999999998,0.23629999999999995,2016-05-31,97,66,185,False
2016-02-25,2016,2.6363,2.5973,2.3588,2.5745999999999998,1.6379999999999875,-9.06359999999999,10.701599999999978,0.25479999999999947,2016-05-31,96,65,186,False
2016-02-26,2016,2.6554,2.5935,2.3613,2.574,2.5998000000000028,-8.933399999999995,11.533199999999997,0.27459999999999996,2016-05-31,95,64,187,False
2016-02-29,2016,2.6618,2.5978,2.3733,2.5857,2.6880000000000024,-8.920800000000007,11.60880000000001,0.2764000000000002,2016-05-31,92,63,188,False
2016-03-01,2016,2.6548000000000003,2.5937,2.3494,2.5694,2.5662000000000065,-9.23999999999999,11.806199999999997,0.2810999999999999,2016-05-31,91,62,189,False
2016-03-02,2016,2.6606,2.5848,2.3103,2.524,3.1836000000000038,-8.97540000000001,12.159000000000013,0.2895000000000003,2016-05-31,90,61,190,False
2016-03-03,2016,2.6411000000000002,2.5652999999999997,2.2913,2.5088999999999997,3.1836000000000224,-9.139199999999981,12.322800000000004,0.2934000000000001,2016-05-31,89,60,191,False
2016-03-04,2016,2.6782999999999997,2.5982,2.3511,2.5604,3.364199999999993,-8.790599999999992,12.154799999999986,0.28939999999999966,2016-05-31,88,59,192,False
2016-03-07,2016,2.6725,2.5882,2.3424,2.5587999999999997,3.5405999999999924,-9.088799999999988,12.62939999999998,0.3006999999999995,2016-05-31,85,58,193,False
2016-03-08,2016,2.64,2.5554,2.3026,2.5135,3.5532000000000004,-8.857800000000005,12.411000000000005,0.2955000000000001,2016-05-31,84,57,194,False
2016-03-09,2016,2.6587,2.5838,2.3299000000000003,2.5403000000000002,3.1457999999999986,-8.836799999999997,11.982599999999994,0.2852999999999999,2016-05-31,83,56,195,False
2016-03-10,2016,2.6830000000000003,2.6075999999999997,2.3531999999999997,2.571,3.1668000000000243,-9.147600000000018,12.314400000000042,0.293200000000001,2016-05-31,82,55,196,False
2016-03-11,2016,2.6897,2.628,2.3693,2.593,2.5914000000000037,-9.3954,11.986800000000004,0.2854000000000001,2016-05-31,81,54,197,False
2016-03-14,2016,2.6862,2.6343,2.3519,2.5847,2.179799999999993,-9.777600000000005,11.957399999999998,0.28469999999999995,2016-05-31,78,53,198,False
2016-03-15,2016,2.6897,2.6277999999999997,2.3513,2.5846,2.5998000000000214,-9.798599999999993,12.398400000000015,0.29520000000000035,2016-05-31,77,52,199,False
2016-03-16,2016,2.6438,2.5799000000000003,2.315,2.5499,2.6837999999999935,-9.865800000000004,12.549599999999998,0.29879999999999995,2016-05-31,76,51,200,False
2016-03-18,2016,2.6998,2.6207,2.3502,2.5650999999999997,3.3222000000000165,-9.025799999999986,12.348000000000003,0.29400000000000004,2016-05-31,74,50,201,False
2016-03-21,2016,2.7302999999999997,2.6526,2.3758,2.5899,3.2633999999999856,-8.992200000000008,12.255599999999994,0.29179999999999984,2016-05-31,71,49,202,False
2016-03-22,2016,2.7555,2.6652,2.3752,2.5937,3.792600000000002,-9.177000000000007,12.969600000000009,0.3088000000000002,2016-05-31,70,48,203,False
2016-03-23,2016,2.7805,2.6925,2.3805,2.5936000000000003,3.6960000000000033,-8.950200000000013,12.646200000000016,0.30110000000000037,2016-05-31,69,47,204,False
2016-03-24,2016,2.7832999999999997,2.6866000000000003,2.3775,2.5825,4.061399999999972,-8.610000000000003,12.671399999999975,0.3016999999999994,2016-05-31,68,46,205,False
2016-03-28,2016,2.7592000000000003,2.6854,2.3878,2.6054000000000004,3.099600000000013,-9.13920000000002,12.238800000000033,0.29140000000000077,2016-05-31,64,45,206,False
2016-03-29,2016,2.7782999999999998,2.6918,2.3889,2.6008,3.6329999999999822,-8.899799999999999,12.53279999999998,0.29839999999999955,2016-05-31,63,44,207,False
2016-03-30,2016,2.7708999999999997,2.7024,2.407,2.6308,2.876999999999991,-9.39959999999999,12.27659999999998,0.29229999999999956,2016-05-31,62,43,208,False
2016-03-31,2016,2.7368,2.6668000000000003,2.3801,2.6069999999999998,2.9399999999999933,-9.529799999999986,12.469799999999978,0.2968999999999995,2016-05-31,61,42,209,False
2016-04-01,2016,2.7483,2.6557,2.3834999999999997,2.602,3.8892000000000007,-9.177000000000007,13.066200000000007,0.31110000000000015,2016-05-31,60,41,210,False
2016-04-04,2016,2.7632,2.6555,2.3951,2.6061,4.523399999999996,-8.862000000000013,13.385400000000008,0.3187000000000002,2016-05-31,57,40,211,False
2016-04-05,2016,2.701,2.6071,2.3566,2.5652999999999997,3.943800000000004,-8.765399999999996,12.7092,0.3026,2016-05-31,56,39,212,False
2016-04-06,2016,2.722,2.6483,2.3731999999999998,2.5915,3.095400000000004,-9.168600000000007,12.26400000000001,0.29200000000000026,2016-05-31,55,38,213,False
2016-04-07,2016,2.6974,2.6419,2.3629,2.5763,2.330999999999995,-8.962800000000001,11.293799999999997,0.2688999999999999,2016-05-31,54,37,214,False
2016-04-08,2016,2.6792000000000002,2.6321,2.3557,2.5709,1.9782000000000153,-9.038399999999992,11.016600000000007,0.2623000000000002,2016-05-31,53,36,215,False
2016-04-11,2016,2.6075999999999997,2.5776,2.3,2.5165,1.2599999999999918,-9.093000000000014,10.353000000000005,0.2465000000000001,2016-05-31,50,35,216,False
2016-04-12,2016,2.5995999999999997,2.5657,2.3034,2.5195,1.423799999999983,-9.076199999999998,10.499999999999982,0.24999999999999958,2016-05-31,49,34,217,False
2016-04-13,2016,2.5827,2.5496,2.2782,2.4898,1.3902000000000054,-8.887199999999991,10.277399999999997,0.24469999999999992,2016-05-31,48,33,218,False
2016-04-14,2016,2.6187,2.5625,2.3076,2.5139,2.360400000000001,-8.664600000000007,11.02500000000001,0.26250000000000023,2016-05-31,47,32,219,False
2016-04-15,2016,2.6113,2.5624000000000002,2.3128,2.5074,2.0537999999999883,-8.173199999999994,10.226999999999983,0.24349999999999958,2016-05-31,46,31,220,False
2016-04-18,2016,2.6341,2.5761000000000003,2.3542,2.5417,2.435999999999993,-7.875,10.310999999999993,0.24549999999999983,2016-05-31,43,30,221,False
2016-04-19,2016,2.582,2.5366999999999997,2.3291,2.5178,1.902600000000005,-7.9253999999999944,9.828,0.23399999999999999,2016-05-31,42,29,222,False
2016-04-20,2016,2.53,2.4825,2.2813999999999997,2.4656000000000002,1.9949999999999948,-7.736400000000025,9.731400000000018,0.23170000000000043,2016-05-31,41,28,223,False
2016-04-21,2016,2.5229,2.4813,2.2656,2.4519,1.747199999999994,-7.8246000000000056,9.5718,0.2279,2016-05-31,40,27,224,False
2016-04-22,2016,2.4798,2.4591,2.2383,2.4308,0.8694000000000068,-8.084999999999996,8.954400000000003,0.21320000000000008,2016-05-31,39,26,225,False
2016-04-25,2016,2.4384,2.4282,2.1936,2.3967,0.4284000000000088,-8.530200000000002,8.958600000000011,0.21330000000000027,2016-05-31,36,25,226,False
2016-04-26,2016,2.4276,2.415,2.1694999999999998,2.3743,0.5291999999999977,-8.601600000000005,9.130800000000002,0.21740000000000007,2016-05-31,35,24,227,False
2016-04-27,2016,2.4374000000000002,2.4169,2.17,2.3699,0.8610000000000078,-8.395799999999998,9.256800000000005,0.22040000000000012,2016-05-31,34,23,228,False
2016-04-28,2016,2.405,2.3973,2.15,2.3519,0.32339999999999236,-8.479800000000008,8.8032,0.2096,2016-05-31,33,22,229,False
2016-04-29,2016,2.3361,2.3611,2.1084,2.3179,-1.0499999999999963,-8.798999999999992,7.748999999999996,0.18449999999999991,2016-05-31,32,21,230,False
2016-05-02,2016,2.3516,2.386,2.1591,2.366,-1.4448000000000087,-8.689800000000004,7.244999999999995,0.17249999999999988,2016-05-31,29,20,231,False
2016-05-03,2016,2.3252,2.354,2.1294999999999997,2.3372,-1.2095999999999973,-8.72340000000002,7.513800000000022,0.17890000000000053,2016-05-31,28,19,232,False
2016-05-04,2016,2.3185,2.336,2.1208,2.3261000000000003,-0.735000000000003,-8.622600000000011,7.887600000000008,0.1878000000000002,2016-05-31,27,18,233,False
2016-05-05,2016,2.2896,2.3262,2.0934,2.3082,-1.5371999999999986,-9.021599999999996,7.484399999999997,0.17819999999999994,2016-05-31,26,17,234,False
2016-05-06,2016,2.3369999999999997,2.3472999999999997,2.1430000000000002,2.3405,-0.432599999999999,-8.294999999999991,7.862399999999992,0.1871999999999998,2016-05-31,25,16,235,False
2016-05-09,2016,2.3212,2.3394999999999997,2.141,2.3369,-0.7685999999999806,-8.227799999999998,7.459200000000018,0.17760000000000042,2016-05-31,22,15,236,False
2016-05-10,2016,2.3541,2.3323,2.1345,2.3164,0.9155999999999924,-7.639799999999989,8.555399999999981,0.20369999999999955,2016-05-31,21,14,237,False
2016-05-11,2016,2.351,2.3106,2.1180000000000003,2.2969999999999997,1.6967999999999996,-7.517999999999974,9.214799999999974,0.21939999999999937,2016-05-31,20,13,238,False
2016-05-12,2016,2.3680000000000003,2.3041,2.0968,2.2739,2.683800000000012,-7.438199999999992,10.122000000000003,0.24100000000000008,2016-05-31,19,12,239,False
2016-05-13,2016,2.3931999999999998,2.3418,2.1272,2.3091,2.158799999999986,-7.639799999999989,9.798599999999976,0.23329999999999942,2016-05-31,18,11,240,False
2016-05-16,2016,2.4373,2.3805,2.1715,2.3531999999999997,2.3855999999999984,-7.6313999999999895,10.016999999999989,0.23849999999999974,2016-05-31,15,10,241,False
2016-05-17,2016,2.4136,2.37,2.1611000000000002,2.3363,1.8312000000000035,-7.358399999999992,9.189599999999995,0.21879999999999988,2016-05-31,14,9,242,False
2016-05-18,2016,2.3802000000000003,2.3304,2.1385,2.3058,2.091600000000012,-7.0266,9.118200000000012,0.2171000000000003,2016-05-31,13,8,243,False
2016-05-19,2016,2.3934,2.3472,2.1462,2.3148,1.9404000000000101,-7.0812000000000035,9.021600000000014,0.21480000000000032,2016-05-31,12,7,244,False
2016-05-20,2016,2.3733,2.3534,2.1378,2.3091999999999997,0.8357999999999919,-7.1987999999999905,8.034599999999983,0.1912999999999996,2016-05-31,11,6,245,False
2016-05-23,2016,2.3669,2.3632,2.1631,2.3382,0.1553999999999922,-7.354200000000001,7.509599999999994,0.17879999999999985,2016-05-31,8,5,246,False
2016-05-24,2016,2.4130000000000003,2.4078,2.2072,2.3911000000000002,0.21840000000001325,-7.723800000000017,7.94220000000003,0.1891000000000007,2016-05-31,7,4,247,False
2016-05-25,2016,2.3959,2.3845,2.1649000000000003,2.3557,0.4788000000000032,-8.013599999999993,8.492399999999996,0.2021999999999999,2016-05-31,6,3,248,False
2016-05-26,2016,2.439,2.3912,2.1758,2.3744,2.0076000000000027,-8.341199999999995,10.348799999999997,0.24639999999999992,2016-05-31,5,2,249,False
2016-05-27,2016,2.43,2.3959,2.1883,2.3807,1.4322000000000008,-8.080800000000005,9.513000000000005,0.22650000000000012,2016-05-31,4,1,250,False
2016-05-31,2016,2.4386,2.4125,2.2048,2.4004,1.0962000000000005,-8.21519999999999,9.311399999999992,0.22169999999999981,2016-05-31,0,0,251,False
2016-06-01,2017,2.3987,2.3084000000000002,2.1709,2.3552,3.7925999999999833,-7.740599999999996,11.53319999999998,0.2745999999999995,2017-05-31,364,251,0,False
2016-06-02,2017,2.3418,2.2481999999999998,2.0888,2.2774,3.9312000000000147,-7.921200000000004,11.852400000000019,0.28220000000000045,2017-05-31,363,250,1,False
2016-06-03,2017,2.3117,2.2441999999999998,2.1134,2.2984999999999998,2.835000000000014,-7.7741999999999924,10.609200000000007,0.25260000000000016,2017-05-31,362,249,2,False
2016-06-06,2017,2.2799,2.2209,2.0876,2.2691,2.478000000000007,-7.6229999999999905,10.100999999999997,0.24049999999999994,2017-05-31,359,248,3,False
2016-06-07,2017,2.3308,2.2562,2.1212,2.3022,3.1331999999999907,-7.602000000000002,10.735199999999992,0.2555999999999998,2017-05-31,358,247,4,False
2016-06-08,2017,2.3996,2.2995,2.1754,2.3565,4.204199999999994,-7.606200000000011,11.810400000000005,0.2812000000000001,2017-05-31,357,246,5,False
2016-06-09,2017,2.3544,2.2368,2.103,2.2781000000000002,4.939199999999997,-7.354200000000001,12.293399999999998,0.29269999999999996,2017-05-31,356,245,6,False
2016-06-10,2017,2.3245,2.2107,2.0747999999999998,2.2476,4.779599999999996,-7.257600000000003,12.037199999999999,0.28659999999999997,2017-05-31,355,244,7,False
2016-06-13,2017,2.2908,2.1867,2.0450999999999997,2.2203999999999997,4.372199999999994,-7.3626000000000005,11.734799999999995,0.27939999999999987,2017-05-31,352,243,8,False
2016-06-14,2017,2.3316,2.2259,2.0909,2.2725,4.439399999999987,-7.627199999999999,12.066599999999987,0.28729999999999967,2017-05-31,351,242,9,False
2016-06-15,2017,2.3231,2.2015000000000002,2.0801,2.2542,5.107199999999997,-7.312200000000006,12.419400000000003,0.2957000000000001,2017-05-31,350,241,10,False
2016-06-16,2017,2.3139,2.1965,2.0644,2.2493,4.930799999999998,-7.765799999999993,12.696599999999991,0.3022999999999998,2017-05-31,349,240,11,False
2016-06-17,2017,2.267,2.1577,2.0259,2.2127,4.590599999999989,-7.845599999999994,12.436199999999982,0.2960999999999996,2017-05-31,348,239,12,False
2016-06-20,2017,2.2775,2.1713999999999998,2.0354,2.2141,4.4562000000000035,-7.505400000000003,11.961600000000008,0.28480000000000016,2017-05-31,345,238,13,False
2016-06-21,2017,2.2619,2.1776,2.0357,2.2243,3.5405999999999924,-7.921200000000004,11.461799999999997,0.2728999999999999,2017-05-31,344,237,14,False
2016-06-22,2017,2.2802000000000002,2.1805000000000003,2.0476,2.2273,4.187399999999996,-7.547399999999999,11.734799999999995,0.27939999999999987,2017-05-31,343,236,15,False
2016-06-23,2017,2.2329,2.1116,1.9679,2.1390000000000002,5.094599999999989,-7.18620000000001,12.2808,0.2924,2017-05-31,342,235,16,False
2016-06-24,2017,2.2644,2.1283000000000003,1.9806,2.1449000000000003,5.716199999999995,-6.900600000000014,12.616800000000008,0.3004000000000002,2017-05-31,341,234,17,False
2016-06-27,2017,2.2632,2.1346000000000003,1.9875999999999998,2.1577,5.401199999999983,-7.144200000000016,12.545399999999999,0.29869999999999997,2017-05-31,338,233,18,False
2016-06-28,2017,2.2852,2.1517,1.9945,2.1687,5.607000000000007,-7.316399999999996,12.923400000000004,0.3077000000000001,2017-05-31,337,232,19,False
2016-06-29,2017,2.2338999999999998,2.1075,1.9358000000000002,2.1125,5.3087999999999935,-7.421399999999984,12.730199999999979,0.3030999999999995,2017-05-31,336,231,20,False
2016-06-30,2017,2.2257,2.1052,1.9338,2.1064,5.060999999999993,-7.249199999999995,12.310199999999988,0.2930999999999997,2017-05-31,335,230,21,False
2016-07-01,2017,2.2188,2.0964,1.9237,2.0906000000000002,5.140799999999993,-7.009800000000011,12.150600000000004,0.2893000000000001,2017-05-31,334,229,22,False
2016-07-05,2017,2.2273,2.1277,1.9582,2.1282,4.183200000000006,-7.140000000000006,11.32320000000001,0.26960000000000023,2017-05-31,330,228,23,False
2016-07-06,2017,2.2374,2.1364,1.9766,2.1468000000000003,4.241999999999999,-7.148400000000015,11.390400000000014,0.27120000000000033,2017-05-31,329,227,24,False
2016-07-07,2017,2.2394,2.1483000000000003,1.9891999999999999,2.1572999999999998,3.8261999999999796,-7.0601999999999965,10.886399999999977,0.25919999999999943,2017-05-31,328,226,25,False
2016-07-08,2017,2.2877,2.1759,2.0326,2.2009,4.695600000000005,-7.0685999999999956,11.7642,0.2801,2017-05-31,327,225,26,False
2016-07-11,2017,2.2174,2.1039,1.9463,2.1064,4.767000000000007,-6.724199999999996,11.491200000000003,0.27360000000000007,2017-05-31,324,224,27,False
2016-07-12,2017,2.1828,2.0791999999999997,1.9308,2.0925,4.351200000000006,-6.791399999999989,11.142599999999995,0.26529999999999987,2017-05-31,323,223,28,False
2016-07-13,2017,2.1733000000000002,2.0872,1.9428999999999998,2.1061,3.6162000000000027,-6.85440000000001,10.470600000000012,0.24930000000000027,2017-05-31,322,222,29,False
2016-07-14,2017,2.1721,2.0855,1.9319,2.1,3.637199999999991,-7.060200000000005,10.697399999999996,0.2546999999999999,2017-05-31,321,221,30,False
2016-07-15,2017,2.1465,2.0675,1.8975,2.0718,3.3180000000000076,-7.320600000000005,10.638600000000013,0.2533000000000003,2017-05-31,320,220,31,False
2016-07-18,2017,2.1253,2.0434,1.9088999999999998,2.0731,3.4398000000000035,-6.896400000000014,10.336200000000018,0.24610000000000043,2017-05-31,317,219,32,False
2016-07-19,2017,2.1181,2.0405,1.9113,2.0774,3.2591999999999954,-6.976199999999997,10.235399999999991,0.2436999999999998,2017-05-31,316,218,33,False
2016-07-20,2017,2.1274,2.0388,1.9041,2.0673,3.7212000000000005,-6.8544,10.575600000000001,0.2518,2017-05-31,315,217,34,False
2016-07-21,2017,2.1333,2.0181,1.8866999999999998,2.0546,4.838400000000008,-7.051800000000016,11.890200000000025,0.2831000000000006,2017-05-31,314,216,35,False
2016-07-22,2017,2.0876,1.9823,1.8508000000000002,2.0205,4.422600000000007,-7.127399999999998,11.550000000000004,0.2750000000000001,2017-05-31,313,215,36,False
2016-07-25,2017,2.0934,1.9768999999999999,1.8406,2.0147999999999997,4.8930000000000025,-7.316399999999987,12.20939999999999,0.29069999999999974,2017-05-31,310,214,37,False
2016-07-26,2017,2.1093,1.9702000000000002,1.8356999999999999,2.0081,5.8422,-7.240800000000014,13.083000000000014,0.31150000000000033,2017-05-31,309,213,38,False
2016-07-27,2017,2.0825,1.9469,1.7988,1.9697,5.695199999999998,-7.177800000000002,12.873000000000001,0.30650000000000005,2017-05-31,308,212,39,False
2016-07-28,2017,2.0801,1.9550999999999998,1.8004,1.9815,5.25,-7.606200000000001,12.856200000000001,0.30610000000000004,2017-05-31,307,211,40,False
2016-07-29,2017,2.0295,1.9011000000000002,1.7453999999999998,1.9233000000000002,5.392799999999994,-7.471800000000016,12.86460000000001,0.30630000000000024,2017-05-31,306,210,41,False
2016-08-01,2017,2.093,1.9522,1.7955,1.9745,5.9136000000000015,-7.517999999999993,13.431599999999994,0.31979999999999986,2017-05-31,303,209,42,False
2016-08-02,2017,2.0965000000000003,1.9638999999999998,1.7909,1.9677,5.569200000000021,-7.425600000000003,12.994800000000023,0.30940000000000056,2017-05-31,302,208,43,False
2016-08-03,2017,2.0955,1.9396,1.7649000000000001,1.9399000000000002,6.547799999999997,-7.350000000000001,13.897799999999998,0.33089999999999997,2017-05-31,301,207,44,False
2016-08-04,2017,2.0665999999999998,1.9121000000000001,1.7344,1.9074,6.488999999999985,-7.266000000000002,13.754999999999987,0.3274999999999997,2017-05-31,300,206,45,False
2016-08-05,2017,2.1023,1.9349,1.745,1.9162000000000001,7.030799999999999,-7.1904,14.2212,0.3386,2017-05-31,299,205,46,False
2016-08-08,2017,2.1085,1.9295,1.7419,1.9088,7.517999999999993,-7.009800000000002,14.527799999999996,0.3458999999999999,2017-05-31,296,204,47,False
2016-08-09,2017,2.0894,1.9305,1.7219,1.8996000000000002,6.673799999999993,-7.463400000000008,14.1372,0.3366,2017-05-31,295,203,48,False
2016-08-10,2017,2.1008,1.9477000000000002,1.7331,1.9147,6.430199999999991,-7.627199999999999,14.05739999999999,0.3346999999999998,2017-05-31,294,202,49,False
2016-08-11,2017,2.0781,1.9275,1.7149,1.8981000000000001,6.325200000000002,-7.694400000000002,14.019600000000004,0.3338000000000001,2017-05-31,293,201,50,False
2016-08-12,2017,2.1172,1.9469999999999998,1.7409999999999999,1.9168,7.148400000000006,-7.3836000000000075,14.532000000000014,0.34600000000000036,2017-05-31,292,200,51,False
2016-08-15,2017,2.1366,1.9623,1.7792,1.9433,7.320600000000005,-6.892200000000006,14.212800000000012,0.3384000000000003,2017-05-31,289,199,52,False
2016-08-16,2017,2.1824,2.0039,1.8302,1.9896,7.497000000000004,-6.694799999999999,14.191800000000004,0.3379000000000001,2017-05-31,288,198,53,False
2016-08-17,2017,2.1862,2.0057,1.8233000000000001,1.9984,7.580999999999995,-7.354199999999992,14.935199999999988,0.3555999999999997,2017-05-31,287,197,54,False
2016-08-18,2017,2.1285,1.9434,1.7853,1.9547999999999999,7.7741999999999924,-7.11899999999999,14.893199999999982,0.3545999999999996,2017-05-31,286,196,55,False
2016-08-19,2017,2.1182,1.964,1.7993999999999999,1.9768000000000001,6.4763999999999955,-7.45080000000001,13.927200000000006,0.3316000000000002,2017-05-31,285,195,56,False
2016-08-22,2017,2.105,1.9657,1.8099,1.9780000000000002,5.850599999999999,-7.060200000000005,12.910800000000005,0.3074000000000001,2017-05-31,282,194,57,False
2016-08-23,2017,2.113,1.9703,1.8027000000000002,1.9671,5.993400000000002,-6.9047999999999945,12.898199999999996,0.3070999999999999,2017-05-31,281,193,58,False
2016-08-24,2017,2.1147,1.9779,1.8256999999999999,1.9846000000000001,5.745600000000001,-6.673800000000011,12.419400000000012,0.2957000000000003,2017-05-31,280,192,59,False
2016-08-25,2017,2.0966,1.9686000000000001,1.8086000000000002,1.9709999999999999,5.375999999999996,-6.820799999999986,12.196799999999982,0.29039999999999955,2017-05-31,279,191,60,False
2016-08-26,2017,2.1021,1.9721000000000002,1.8237999999999999,1.976,5.4599999999999955,-6.392400000000005,11.8524,0.2822,2017-05-31,278,190,61,False
2016-08-29,2017,2.1002,1.9644,1.808,1.9628999999999999,5.703600000000006,-6.505799999999992,12.209399999999999,0.29069999999999996,2017-05-31,275,189,62,False
2016-08-30,2017,2.1028000000000002,1.9919,1.831,1.9957,4.657800000000009,-6.917400000000002,11.575200000000011,0.2756000000000003,2017-05-31,274,188,63,False
2016-08-31,2017,2.0787999999999998,1.9713999999999998,1.7933000000000001,1.9635,4.510799999999998,-7.148399999999996,11.659199999999995,0.2775999999999999,2017-05-31,273,187,64,False
2016-09-01,2017,2.0698,1.9682,1.7884,1.9625,4.267199999999996,-7.312199999999997,11.579399999999993,0.27569999999999983,2017-05-31,272,186,65,False
2016-09-02,2017,2.0766,1.9691,1.7747,1.9455,4.514999999999997,-7.173600000000002,11.6886,0.2783,2017-05-31,271,185,66,False
2016-09-06,2017,2.1407,2.0178,1.8221,1.9950999999999999,5.1618,-7.265999999999993,12.427799999999994,0.2958999999999999,2017-05-31,267,184,67,False
2016-09-07,2017,2.1119,2.0087,1.7996,1.9912999999999998,4.334399999999989,-8.05139999999999,12.385799999999978,0.2948999999999995,2017-05-31,266,183,68,False
2016-09-08,2017,2.14,2.0316,1.8244999999999998,2.0181,4.552800000000002,-8.131200000000009,12.684000000000012,0.30200000000000027,2017-05-31,265,182,69,False
2016-09-09,2017,2.1386000000000003,2.0297,1.8109,2.0029,4.573800000000009,-8.063999999999998,12.637800000000007,0.30090000000000017,2017-05-31,264,181,70,False
2016-09-12,2017,2.1092,1.9904,1.7480000000000002,1.9449,4.989600000000001,-8.269799999999993,13.259399999999994,0.31569999999999987,2017-05-31,261,180,71,False
2016-09-13,2017,2.1158,1.9938999999999998,1.7448,1.943,5.119800000000014,-8.324400000000006,13.44420000000002,0.3201000000000005,2017-05-31,260,179,72,False
2016-09-14,2017,2.1721,2.0436,1.7925,1.9901,5.396999999999993,-8.299199999999999,13.696199999999992,0.32609999999999983,2017-05-31,259,178,73,False
2016-09-15,2017,2.1055,1.9925,1.751,1.9506000000000001,4.746000000000009,-8.38320000000001,13.129200000000019,0.31260000000000043,2017-05-31,258,177,74,False
2016-09-16,2017,2.1383,2.0168,1.7933000000000001,1.986,5.103000000000007,-8.093399999999995,13.196400000000002,0.31420000000000003,2017-05-31,257,176,75,False
2016-09-19,2017,2.1285,2.0166999999999997,1.788,1.9774,4.695600000000005,-7.9548000000000005,12.650400000000005,0.30120000000000013,2017-05-31,254,175,76,False
2016-09-20,2017,2.1195,1.996,1.7831000000000001,1.9680000000000002,5.186999999999998,-7.765800000000002,12.9528,0.3084,2017-05-31,253,174,77,False
2016-09-21,2017,2.1611000000000002,2.0298,1.8030000000000002,1.9943,5.5146000000000175,-8.034599999999992,13.54920000000001,0.3226000000000002,2017-05-31,252,173,78,False
2016-09-22,2017,2.1747,2.0317,1.7949000000000002,1.9833,6.00600000000001,-7.912799999999995,13.918800000000005,0.3314000000000001,2017-05-31,251,172,79,False
2016-09-23,2017,2.1793,2.0338,1.8067,1.9923,6.111000000000008,-7.7951999999999995,13.906200000000007,0.33110000000000017,2017-05-31,250,171,80,False
2016-09-26,2017,2.1822,2.043,1.8359999999999999,2.0249,5.84639999999999,-7.933800000000012,13.780200000000002,0.32810000000000006,2017-05-31,247,170,81,False
2016-09-27,2017,2.1181,2.0151,1.8018,2.0038,4.3260000000000085,-8.483999999999998,12.810000000000006,0.30500000000000016,2017-05-31,246,169,82,False
2016-09-28,2017,2.1048,1.9834,1.7819999999999998,1.9768999999999999,5.098799999999998,-8.185800000000004,13.284600000000001,0.3163,2017-05-31,245,168,83,False
2016-09-29,2017,2.1015,1.9927000000000001,1.7931,1.9979,4.5696,-8.601600000000005,13.171200000000006,0.31360000000000016,2017-05-31,244,167,84,False
2016-09-30,2017,2.0951,1.9809999999999999,1.7597999999999998,1.9665000000000001,4.792200000000004,-8.681400000000014,13.473600000000019,0.3208000000000005,2017-05-31,243,166,85,False
2016-10-03,2017,2.1243,2.0095,1.8024,2.0129,4.821599999999991,-8.841000000000005,13.662599999999996,0.3252999999999999,2017-05-31,240,165,86,False
2016-10-04,2017,2.1634,2.0419,1.8138999999999998,2.023,5.103000000000007,-8.782200000000012,13.885200000000019,0.33060000000000045,2017-05-31,239,164,87,False
2016-10-05,2017,2.1977,2.0662000000000003,1.8321,2.0373,5.522999999999998,-8.618400000000001,14.141399999999999,0.3367,2017-05-31,238,163,88,False
2016-10-06,2017,2.1627,2.053,1.7969,2.0105,4.6074000000000055,-8.9712,13.578600000000005,0.32330000000000014,2017-05-31,237,162,89,False
2016-10-07,2017,2.198,2.0769,1.8124,2.0322,5.08619999999999,-9.2316,14.317799999999991,0.3408999999999998,2017-05-31,236,161,90,False
2016-10-10,2017,2.1348,2.0321000000000002,1.7584,1.9837,4.313399999999982,-9.462600000000002,13.775999999999984,0.3279999999999996,2017-05-31,233,160,91,False
2016-10-11,2017,2.0894,2.0018000000000002,1.7066,1.9476,3.6791999999999865,-10.122000000000003,13.80119999999999,0.3285999999999998,2017-05-31,232,159,92,False
2016-10-12,2017,2.1069999999999998,2.0296000000000003,1.7418,1.9853999999999998,3.2507999999999777,-10.231199999999992,13.481999999999971,0.3209999999999993,2017-05-31,231,158,93,False
2016-10-13,2017,2.1275,2.0428,1.7537,1.9959,3.5573999999999906,-10.1724,13.72979999999999,0.32689999999999975,2017-05-31,230,157,94,False
2016-10-14,2017,2.194,2.0833,1.8033000000000001,2.0465999999999998,4.649400000000001,-10.218599999999984,14.867999999999984,0.35399999999999965,2017-05-31,229,156,95,False
2016-10-17,2017,2.2406,2.1244,1.8386000000000002,2.0828,4.880400000000003,-10.2564,15.136800000000003,0.36040000000000005,2017-05-31,226,155,96,False
2016-10-18,2017,2.2108000000000003,2.1037,1.8322999999999998,2.0756,4.4982000000000175,-10.218600000000013,14.716800000000031,0.35040000000000077,2017-05-31,225,154,97,False
2016-10-19,2017,2.2519,2.1578,1.8803999999999998,2.133,3.952200000000003,-10.609200000000007,14.56140000000001,0.34670000000000023,2017-05-31,224,153,98,False
2016-10-20,2017,2.2734,2.1629,1.9087,2.157,4.641000000000002,-10.4286,15.069600000000001,0.3588,2017-05-31,223,152,99,False
2016-10-21,2017,2.2546,2.1515,1.9002000000000001,2.1506,4.330199999999999,-10.51679999999999,14.846999999999987,0.3534999999999997,2017-05-31,222,151,100,False
2016-10-24,2017,2.2821000000000002,2.1797999999999997,1.9269,2.1733000000000002,4.296600000000021,-10.348800000000008,14.645400000000029,0.3487000000000007,2017-05-31,219,150,101,False
2016-10-25,2017,2.2676,2.1669,1.9188999999999998,2.1647,4.229399999999991,-10.3236,14.552999999999992,0.3464999999999998,2017-05-31,218,149,102,False
2016-10-26,2017,2.2839,2.1873,1.9638,2.2014,4.057200000000001,-9.979200000000002,14.036400000000004,0.3342000000000001,2017-05-31,217,148,103,False
2016-10-27,2017,2.3235,2.2337000000000002,2.0092,2.2458,3.771599999999995,-9.937200000000006,13.7088,0.3264,2017-05-31,216,147,104,False
2016-10-28,2017,2.3052,2.2168,1.9766,2.2174,3.7128000000000014,-10.113600000000005,13.826400000000007,0.32920000000000016,2017-05-31,215,146,105,False
2016-10-31,2017,2.3213,2.2269,1.9956,2.2344,3.9647999999999923,-10.029599999999995,13.994399999999988,0.3331999999999997,2017-05-31,212,145,106,False
2016-11-01,2017,2.3257,2.2346,1.9928,2.2284,3.8261999999999983,-9.89520000000001,13.721400000000008,0.3267000000000002,2017-05-31,211,144,107,False
2016-11-02,2017,2.3201,2.2354,1.9780000000000002,2.2161,3.557400000000009,-10.000199999999989,13.557599999999997,0.3227999999999999,2017-05-31,210,143,108,False
2016-11-03,2017,2.351,2.2647999999999997,2.0084999999999997,2.2367,3.6204000000000116,-9.584400000000008,13.20480000000002,0.31440000000000046,2017-05-31,209,142,109,False
2016-11-04,2017,2.3533,2.2531,1.9999,2.2215000000000003,4.208400000000003,-9.30720000000001,13.515600000000013,0.3218000000000003,2017-05-31,208,141,110,False
2016-11-07,2017,2.4,2.3138,2.0545,2.2788,3.620399999999993,-9.420599999999997,13.04099999999999,0.3104999999999998,2017-05-31,205,140,111,False
2016-11-08,2017,2.3686000000000003,2.2806,2.0391999999999997,2.252,3.6960000000000033,-8.937600000000003,12.633600000000007,0.3008000000000002,2017-05-31,204,139,112,False
2016-11-09,2017,2.3668,2.2934,2.044,2.2617,3.082799999999996,-9.14339999999999,12.226199999999988,0.2910999999999997,2017-05-31,203,138,113,False
2016-11-10,2017,2.3261000000000003,2.2699000000000003,2.0276,2.2489,2.360400000000001,-9.294599999999992,11.654999999999994,0.27749999999999986,2017-05-31,202,137,114,False
2016-11-11,2017,2.269,2.227,1.9993,2.2239,1.764000000000011,-9.433199999999996,11.197200000000006,0.2666000000000001,2017-05-31,201,136,115,False
2016-11-14,2017,2.3006,2.2318000000000002,1.9911,2.2172,2.889599999999999,-9.496199999999998,12.385799999999996,0.2948999999999999,2017-05-31,198,135,116,False
2016-11-15,2017,2.3101,2.2379,2.0092,2.2386,3.0324000000000018,-9.634800000000002,12.667200000000005,0.3016000000000001,2017-05-31,197,134,117,False
2016-11-16,2017,2.3503,2.2698,2.0247,2.2535,3.3809999999999913,-9.609599999999986,12.990599999999977,0.30929999999999946,2017-05-31,196,133,118,False
2016-11-17,2017,2.3172,2.244,1.9933,2.2245,3.074399999999997,-9.710399999999993,12.78479999999999,0.3043999999999998,2017-05-31,195,132,119,False
2016-11-18,2017,2.3047999999999997,2.2319999999999998,1.9916,2.2146,3.057599999999999,-9.365999999999994,12.423599999999993,0.29579999999999984,2017-05-31,194,131,120,False
2016-11-21,2017,2.2988,2.2388999999999997,2.0088999999999997,2.2348,2.515800000000012,-9.487800000000009,12.00360000000002,0.2858000000000005,2017-05-31,191,130,121,False
2016-11-22,2017,2.3177000000000003,2.2422999999999997,2.0249,2.2446,3.1668000000000243,-9.2274,12.394200000000023,0.29510000000000053,2017-05-31,190,129,122,False
2016-11-23,2017,2.2953,2.2343,2.0306,2.2473,2.5619999999999976,-9.101399999999995,11.663399999999992,0.27769999999999984,2017-05-31,189,128,123,False
2016-11-25,2017,2.2194,2.1633,1.9601,2.1752000000000002,2.3561999999999923,-9.034200000000013,11.390400000000005,0.2712000000000001,2017-05-31,187,127,124,False
2016-11-28,2017,2.1941,2.1505,1.9615,2.1758,1.8312000000000035,-9.000600000000006,10.831800000000008,0.2579000000000002,2017-05-31,184,126,125,False
2016-11-29,2017,2.2028,2.1357,1.9213,2.1255,2.8181999999999974,-8.576400000000007,11.394600000000004,0.2713000000000001,2017-05-31,183,125,126,False
2016-11-30,2017,2.1909,2.1367,1.9327,2.1326,2.2764000000000104,-8.395799999999998,10.672200000000007,0.25410000000000016,2017-05-31,182,124,127,False
2016-12-01,2017,2.1806,2.1286,1.9069,2.1066,2.184000000000002,-8.38739999999999,10.571399999999993,0.25169999999999987,2017-05-31,181,123,128,False
2016-12-02,2017,2.1915999999999998,2.146,1.9134,2.1196,1.9151999999999942,-8.660400000000006,10.575600000000001,0.2518,2017-05-31,180,122,129,False
2016-12-05,2017,2.1593999999999998,2.1072,1.8719999999999999,2.0707,2.1923999999999824,-8.345400000000005,10.537799999999987,0.2508999999999997,2017-05-31,177,121,130,False
2016-12-06,2017,2.0967,2.0473,1.8054,2.0029,2.0747999999999953,-8.295,10.369799999999994,0.24689999999999987,2017-05-31,176,120,131,False
2016-12-07,2017,2.1138999999999997,2.0463999999999998,1.8125,1.9975999999999998,2.8349999999999955,-7.7741999999999924,10.609199999999987,0.2525999999999997,2017-05-31,175,119,132,False
2016-12-08,2017,2.1201,2.049,1.8421,2.0347,2.9861999999999975,-8.089199999999995,11.075399999999991,0.26369999999999977,2017-05-31,174,118,133,False
2016-12-09,2017,2.1506,2.0763,1.8817,2.0723,3.1206000000000014,-8.005199999999995,11.125799999999996,0.2648999999999999,2017-05-31,173,117,134,False
2016-12-12,2017,2.1572,2.0849,1.8666999999999998,2.0634,3.036599999999992,-8.261400000000013,11.298000000000005,0.26900000000000013,2017-05-31,170,116,135,False
2016-12-13,2017,2.1906,2.1086,1.8908,2.0791999999999997,3.4439999999999937,-7.9127999999999865,11.35679999999998,0.27039999999999953,2017-05-31,169,115,136,False
2016-12-14,2017,2.1761,2.0995,1.8712,2.0597,3.2172,-7.916999999999995,11.134199999999996,0.2650999999999999,2017-05-31,168,114,137,False
2016-12-15,2017,2.1353999999999997,2.0672,1.8312,2.0242,2.864399999999983,-8.106000000000002,10.970399999999984,0.2611999999999996,2017-05-31,167,113,138,False
2016-12-16,2017,2.1311,2.0549,1.828,2.0187,3.200400000000002,-8.009399999999994,11.209799999999996,0.2668999999999999,2017-05-31,166,112,139,False
2016-12-19,2017,2.185,2.0981,1.864,2.0516,3.649799999999999,-7.879199999999999,11.528999999999998,0.27449999999999997,2017-05-31,163,111,140,False
2016-12-20,2017,2.1887,2.124,1.8896000000000002,2.0815,2.71739999999999,-8.0598,10.77719999999999,0.2565999999999998,2017-05-31,162,110,141,False
2016-12-21,2017,2.1958,2.141,1.9239,2.1184,2.3016000000000076,-8.168999999999995,10.470600000000003,0.24930000000000008,2017-05-31,161,109,142,False
2016-12-22,2017,2.2366,2.1941,1.9875,2.1841999999999997,1.7849999999999993,-8.261399999999986,10.046399999999984,0.23919999999999964,2017-05-31,160,108,143,False
2016-12-23,2017,2.2087,2.176,1.959,2.1578999999999997,1.3733999999999886,-8.353799999999985,9.727199999999975,0.23159999999999942,2017-05-31,159,107,144,False
2016-12-27,2017,2.2034000000000002,2.1905,1.9845,2.1795,0.5418000000000056,-8.190000000000003,8.731800000000009,0.2079000000000002,2017-05-31,155,106,145,False
2016-12-28,2017,2.1956,2.1967,1.9762,2.1778999999999997,-0.046199999999985586,-8.47139999999999,8.425200000000004,0.20060000000000008,2017-05-31,154,105,146,False
2016-12-29,2017,2.2352000000000003,2.2288,2.0057,2.2096999999999998,0.2688000000000077,-8.567999999999989,8.836799999999997,0.21039999999999992,2017-05-31,153,104,147,False
2016-12-30,2017,2.2601,2.2425,2.0303,2.2351,0.7391999999999932,-8.601600000000005,9.340799999999998,0.22239999999999996,2017-05-31,152,103,148,False
2017-01-03,2017,2.2333000000000003,2.2011000000000003,2.0128,2.2026,1.3524000000000003,-7.971599999999999,9.323999999999998,0.22199999999999995,2017-05-31,148,102,149,False
2017-01-04,2017,2.2213,2.2011000000000003,2.0057,2.1963999999999997,0.8483999999999812,-8.009399999999985,8.857799999999965,0.21089999999999917,2017-05-31,147,101,150,False
2017-01-05,2017,2.1788,2.1588,1.9634,2.1593,0.8400000000000007,-8.227799999999998,9.067799999999998,0.21589999999999995,2017-05-31,146,100,151,False
2017-01-06,2017,2.1435,2.1294999999999997,1.9169999999999998,2.1245,0.5880000000000098,-8.715,9.30300000000001,0.22150000000000022,2017-05-31,145,99,152,False
2017-01-09,2017,2.1581,2.134,1.9197,2.1321,1.0122000000000098,-8.920799999999996,9.933000000000007,0.23650000000000015,2017-05-31,142,98,153,False
2017-01-10,2017,2.1909,2.1623,1.9645,2.17,1.2011999999999983,-8.631,9.832199999999998,0.23409999999999997,2017-05-31,141,97,154,False
2017-01-11,2017,2.1958,2.1412999999999998,1.9703,2.1656999999999997,2.2890000000000184,-8.20679999999999,10.49580000000001,0.24990000000000023,2017-05-31,140,96,155,False
2017-01-12,2017,2.1929,2.1612999999999998,1.9916999999999998,2.1874000000000002,1.327200000000003,-8.219400000000018,9.546600000000021,0.2273000000000005,2017-05-31,139,95,156,False
2017-01-13,2017,2.2066,2.1683000000000003,2.0079,2.2049000000000003,1.6085999999999814,-8.274000000000022,9.882600000000004,0.2353000000000001,2017-05-31,138,94,157,False
2017-01-17,2017,2.2273,2.1915999999999998,2.0378,2.2359,1.499400000000012,-8.320200000000007,9.819600000000019,0.23380000000000045,2017-05-31,134,93,158,False
2017-01-18,2017,2.2436000000000003,2.2105,2.0868,2.2847999999999997,1.3902000000000054,-8.31599999999998,9.706199999999985,0.23109999999999964,2017-05-31,133,92,159,False
2017-01-19,2017,2.237,2.2128,2.0859,2.2849,1.0164,-8.357999999999993,9.374399999999994,0.22319999999999987,2017-05-31,132,91,160,False
2017-01-20,2017,2.2418,2.2349,2.0953,2.2941,0.28979999999999606,-8.349599999999995,8.639399999999991,0.2056999999999998,2017-05-31,131,90,161,False
2017-01-23,2017,2.2321,2.2407,2.1188,2.3122,-0.3611999999999975,-8.122800000000002,7.761600000000004,0.1848000000000001,2017-05-31,128,89,162,False
2017-01-24,2017,2.2246,2.231,2.0961000000000003,2.2841,-0.26879999999998905,-7.895999999999988,7.627199999999999,0.18159999999999998,2017-05-31,127,88,163,False
2017-01-25,2017,2.2207,2.2272,2.093,2.2783,-0.2729999999999979,-7.78260000000001,7.509600000000012,0.1788000000000003,2017-05-31,126,87,164,False
2017-01-26,2017,2.2348,2.2358000000000002,2.0962,2.2868,-0.042000000000014026,-8.005199999999995,7.963199999999981,0.18959999999999955,2017-05-31,125,86,165,False
2017-01-27,2017,2.2498,2.2415000000000003,2.0909,2.2912,0.3485999999999896,-8.412599999999998,8.761199999999988,0.20859999999999973,2017-05-31,124,85,166,False
2017-01-30,2017,2.266,2.2572,2.105,2.3118,0.3695999999999966,-8.685599999999994,9.05519999999999,0.21559999999999976,2017-05-31,121,84,167,False
2017-01-31,2017,2.2403,2.2419,2.1039,2.3096,-0.0671999999999926,-8.639400000000009,8.572200000000016,0.2041000000000004,2017-05-31,120,83,168,False
2017-02-01,2017,2.2466999999999997,2.2652,2.1284,2.3238,-0.777000000000017,-8.20679999999999,7.4297999999999735,0.17689999999999936,2017-05-31,119,82,169,False
2017-02-02,2017,2.319,2.3336,2.2162,2.406,-0.6132000000000071,-7.971599999999999,7.358399999999992,0.1751999999999998,2017-05-31,118,81,170,False
2017-02-03,2017,2.3301,2.3411,2.2216,2.412,-0.4620000000000051,-7.996799999999996,7.534799999999991,0.17939999999999978,2017-05-31,117,80,171,False
2017-02-06,2017,2.3384,2.3338,2.2184,2.4067,0.19319999999999737,-7.908599999999996,8.101799999999994,0.19289999999999985,2017-05-31,114,79,172,False
2017-02-07,2017,2.3689,2.3525,2.2196000000000002,2.4055,0.6887999999999987,-7.807799999999989,8.496599999999987,0.20229999999999967,2017-05-31,113,78,173,False
2017-02-08,2017,2.3529,2.3287999999999998,2.2222,2.4069,1.0122000000000098,-7.757399999999994,8.769600000000004,0.2088000000000001,2017-05-31,112,77,174,False
2017-02-09,2017,2.4026,2.3581,2.2673,2.4497999999999998,1.8690000000000087,-7.664999999999986,9.533999999999995,0.2269999999999999,2017-05-31,111,76,175,False
2017-02-10,2017,2.3853,2.3416,2.2566,2.4314,1.8353999999999937,-7.3415999999999935,9.176999999999987,0.2184999999999997,2017-05-31,110,75,176,False
2017-02-13,2017,2.3326,2.3065,2.2159999999999997,2.4023,1.0961999999999819,-7.8246000000000056,8.920799999999987,0.2123999999999997,2017-05-31,107,74,177,False
2017-02-14,2017,2.3346,2.3096,2.2002,2.3982,1.0499999999999963,-8.315999999999999,9.365999999999996,0.22299999999999992,2017-05-31,106,73,178,False
2017-02-15,2017,2.3409,2.335,2.2439,2.4478999999999997,0.2478000000000007,-8.567999999999989,8.815799999999989,0.20989999999999973,2017-05-31,105,72,179,False
2017-02-16,2017,2.3605,2.3609999999999998,2.274,2.484,-0.02099999999998836,-8.819999999999999,8.79900000000001,0.20950000000000024,2017-05-31,104,71,180,False
2017-02-17,2017,2.3441,2.3441,2.2461,2.4489,0.0,-8.517599999999995,8.517599999999995,0.20279999999999987,2017-05-31,103,70,181,False
2017-02-21,2017,2.3715,2.3484,2.2584,2.4568,0.9702000000000144,-8.332799999999995,9.30300000000001,0.22150000000000022,2017-05-31,99,69,182,False
2017-02-22,2017,2.3672,2.3413999999999997,2.2534,2.4535,1.0836000000000112,-8.404199999999998,9.487800000000009,0.2259000000000002,2017-05-31,98,68,183,False
2017-02-23,2017,2.3157,2.32,2.2059,2.4065,-0.18059999999998944,-8.425199999999986,8.244599999999997,0.19629999999999992,2017-05-31,97,67,184,False
2017-02-24,2017,2.3379,2.3337,2.2122,2.4202,0.17639999999999922,-8.73599999999999,8.91239999999999,0.21219999999999975,2017-05-31,96,66,185,False
2017-02-27,2017,2.3238,2.335,2.2144,2.4248,-0.47040000000000415,-8.836799999999997,8.366399999999992,0.1991999999999998,2017-05-31,93,65,186,False
2017-02-28,2017,2.3369999999999997,2.3486000000000002,2.2123,2.4301,-0.48720000000002095,-9.1476,8.66039999999998,0.20619999999999952,2017-05-31,92,64,187,False
2017-03-01,2017,2.333,2.3398,2.2087,2.4212000000000002,-0.2855999999999872,-8.925000000000015,8.639400000000027,0.20570000000000063,2017-05-31,91,63,188,False
2017-03-02,2017,2.3742,2.3894,2.2261,2.4375,-0.6384000000000043,-8.878799999999991,8.240399999999987,0.19619999999999968,2017-05-31,90,62,189,False
2017-03-03,2017,2.3503,2.3733,2.2171000000000003,2.4318,-0.9660000000000055,-9.017399999999986,8.05139999999998,0.1916999999999995,2017-05-31,89,61,190,False
2017-03-06,2017,2.3498,2.3667,2.2108000000000003,2.4198,-0.7097999999999871,-8.777999999999984,8.068199999999997,0.19209999999999994,2017-05-31,86,60,191,False
2017-03-07,2017,2.3053,2.3419,2.2044,2.417,-1.5371999999999986,-8.929199999999987,7.391999999999989,0.17599999999999974,2017-05-31,85,59,192,False
2017-03-08,2017,2.2944,2.3255,2.1942,2.4086000000000003,-1.306199999999996,-9.004800000000015,7.698600000000019,0.18330000000000046,2017-05-31,84,58,193,False
2017-03-09,2017,2.2942,2.3301,2.198,2.4116,-1.5077999999999925,-8.9712,7.463400000000007,0.17770000000000016,2017-05-31,83,57,194,False
2017-03-10,2017,2.3082,2.3274,2.2126,2.4192,-0.8064000000000044,-8.677199999999996,7.870799999999991,0.1873999999999998,2017-05-31,82,56,195,False
2017-03-13,2017,2.2774,2.3013999999999997,2.1868,2.3941999999999997,-1.0079999999999822,-8.710799999999992,7.70280000000001,0.18340000000000023,2017-05-31,79,55,196,False
2017-03-14,2017,2.3196,2.3558000000000003,2.2384,2.4495,-1.520400000000019,-8.866200000000003,7.345799999999984,0.1748999999999996,2017-05-31,78,54,197,False
2017-03-15,2017,2.2853,2.3259,2.213,2.4175,-1.7051999999999987,-8.588999999999995,6.883799999999996,0.1638999999999999,2017-05-31,77,53,198,False
2017-03-16,2017,2.3177000000000003,2.3558000000000003,2.2324,2.4395,-1.600200000000001,-8.698199999999984,7.097999999999983,0.1689999999999996,2017-05-31,76,52,199,False
2017-03-17,2017,2.3359,2.3727,2.2244,2.4289,-1.5455999999999976,-8.588999999999995,7.043399999999997,0.16769999999999993,2017-05-31,75,51,200,False
2017-03-20,2017,2.3027,2.3447,2.1974,2.4078999999999997,-1.7639999999999922,-8.840999999999987,7.076999999999995,0.16849999999999987,2017-05-31,72,50,201,False
2017-03-21,2017,2.3355,2.3872999999999998,2.2358000000000002,2.4507,-2.175599999999984,-9.025799999999986,6.850200000000002,0.16310000000000005,2017-05-31,71,49,202,False
2017-03-22,2017,2.3593,2.3908,2.2225,2.4369,-1.3229999999999942,-9.004799999999996,7.681800000000002,0.18290000000000003,2017-05-31,70,48,203,False
2017-03-23,2017,2.3741,2.4033,2.2338,2.4591,-1.2264000000000141,-9.462599999999993,8.236199999999979,0.1960999999999995,2017-05-31,69,47,204,False
2017-03-24,2017,2.3948,2.4344,2.2509,2.477,-1.6632000000000033,-9.49619999999999,7.832999999999986,0.18649999999999967,2017-05-31,68,46,205,False
2017-03-27,2017,2.3575999999999997,2.4124,2.2291,2.4506,-2.3016000000000076,-9.303000000000011,7.001400000000004,0.1667000000000001,2017-05-31,65,45,206,False
2017-03-28,2017,2.3846000000000003,2.4255,2.2569999999999997,2.4702,-1.717799999999988,-8.954400000000021,7.236600000000033,0.17230000000000079,2017-05-31,64,44,207,False
2017-03-29,2017,2.3815,2.4139,2.2324,2.4456,-1.3607999999999993,-8.954400000000003,7.593600000000004,0.1808000000000001,2017-05-31,63,43,208,False
2017-03-30,2017,2.3977,2.4186,2.242,2.4561,-0.8778000000000059,-8.992200000000008,8.114400000000002,0.19320000000000004,2017-05-31,62,42,209,False
2017-03-31,2017,2.4213,2.4353,2.2535,2.4656000000000002,-0.5879999999999912,-8.908200000000017,8.320200000000025,0.19810000000000058,2017-05-31,61,41,210,False
2017-04-03,2017,2.4511000000000003,2.4528,2.262,2.4708,-0.07139999999998281,-8.769600000000004,8.698200000000021,0.2071000000000005,2017-05-31,58,40,211,False
2017-04-04,2017,2.4263999999999997,2.4241,2.2504,2.4491,0.09659999999998004,-8.345400000000005,8.441999999999986,0.20099999999999968,2017-05-31,57,39,212,False
2017-04-05,2017,2.4327,2.4302,2.2292,2.4337,0.10499999999999776,-8.588999999999995,8.693999999999992,0.2069999999999998,2017-05-31,56,38,213,False
2017-04-06,2017,2.4707,2.4561,2.2542,2.4531,0.6131999999999884,-8.353800000000003,8.966999999999992,0.2134999999999998,2017-05-31,55,37,214,False
2017-04-07,2017,2.4352,2.415,2.205,2.4033,0.8483999999999998,-8.328600000000005,9.177000000000005,0.2185000000000001,2017-05-31,54,36,215,False
2017-04-10,2017,2.4411,2.415,2.2133000000000003,2.4065,1.0962000000000005,-8.114399999999982,9.210599999999982,0.21929999999999955,2017-05-31,51,35,216,False
2017-04-11,2017,2.425,2.416,2.1957,2.3941,0.3779999999999957,-8.332799999999995,8.710799999999992,0.2073999999999998,2017-05-31,50,34,217,False
2017-04-12,2017,2.4147,2.4036,2.1791,2.3790999999999998,0.4661999999999953,-8.399999999999988,8.866199999999983,0.2110999999999996,2017-05-31,49,33,218,False
2017-04-13,2017,2.4649,2.4431,2.2155,2.4138,0.9156000000000111,-8.328600000000005,9.244200000000017,0.2201000000000004,2017-05-31,48,32,219,False
2017-04-17,2017,2.4869,2.4729,2.2438,2.4555000000000002,0.5879999999999912,-8.891400000000019,9.479400000000009,0.2257000000000002,2017-05-31,44,31,220,False
2017-04-18,2017,2.428,2.4257,2.2144999999999997,2.4282,0.09659999999999869,-8.97540000000001,9.072000000000008,0.2160000000000002,2017-05-31,43,30,221,False
2017-04-19,2017,2.387,2.4038999999999997,2.2075,2.4259,-0.7097999999999871,-9.172799999999997,8.46300000000001,0.20150000000000023,2017-05-31,42,29,222,False
2017-04-20,2017,2.3697999999999997,2.4007,2.187,2.4012000000000002,-1.2978000000000156,-8.996400000000015,7.6986,0.1833,2017-05-31,41,28,223,False
2017-04-21,2017,2.3209999999999997,2.3881,2.1675999999999997,2.3939,-2.818200000000016,-9.504600000000007,6.686399999999991,0.1591999999999998,2017-05-31,40,27,224,False
2017-04-24,2017,2.364,2.4077,2.1696,2.3896,-1.8354000000000124,-9.240000000000009,7.404599999999997,0.17629999999999993,2017-05-31,37,26,225,False
2017-04-25,2017,2.3834999999999997,2.4215999999999998,2.1629,2.3838999999999997,-1.600200000000001,-9.281999999999986,7.681799999999985,0.18289999999999965,2017-05-31,36,25,226,False
2017-04-26,2017,2.4074,2.4463,2.2155,2.4337,-1.6337999999999973,-9.164399999999997,7.5306,0.1793,2017-05-31,35,24,227,False
2017-04-27,2017,2.3672,2.3981,2.1774,2.394,-1.297799999999997,-9.097200000000004,7.799400000000007,0.18570000000000017,2017-05-31,34,23,228,False
2017-04-28,2017,2.3133,2.3712999999999997,2.1424000000000003,2.3664,-2.435999999999993,-9.40799999999999,6.971999999999998,0.16599999999999995,2017-05-31,33,22,229,False
2017-05-01,2017,2.3302,2.3794999999999997,2.1424000000000003,2.3609,-2.0705999999999865,-9.176999999999987,7.106400000000001,0.16920000000000002,2017-05-31,30,21,230,False
2017-05-02,2017,2.3569999999999998,2.4016,2.1461,2.3677,-1.8732000000000175,-9.307200000000002,7.433999999999984,0.17699999999999963,2017-05-31,29,20,231,False
2017-05-03,2017,2.3680000000000003,2.4265,2.1441999999999997,2.3624,-2.456999999999981,-9.164400000000017,6.707400000000035,0.15970000000000084,2017-05-31,28,19,232,False
2017-05-04,2017,2.3768000000000002,2.4294,2.1593999999999998,2.3759,-2.2091999999999805,-9.093000000000014,6.883800000000034,0.1639000000000008,2017-05-31,27,18,233,False
2017-05-05,2017,2.3708,2.4191,2.1397,2.3525,-2.028599999999991,-8.937600000000003,6.909000000000012,0.16450000000000028,2017-05-31,26,17,234,False
2017-05-08,2017,2.29,2.3558000000000003,2.0749,2.2913,-2.7636000000000127,-9.088800000000006,6.3251999999999935,0.15059999999999985,2017-05-31,23,16,235,False
2017-05-09,2017,2.2657,2.3452,2.0707,2.29,-3.3390000000000146,-9.210600000000003,5.871599999999988,0.13979999999999973,2017-05-31,22,15,236,False
2017-05-10,2017,2.2714,2.3428,2.0827,2.2972,-2.9988000000000055,-9.009000000000006,6.0102,0.1431,2017-05-31,21,14,237,False
2017-05-11,2017,2.2908,2.3663,2.102,2.3142,-3.170999999999996,-8.912400000000007,5.741400000000011,0.13670000000000027,2017-05-31,20,13,238,False
2017-05-12,2017,2.2587,2.3355,2.0751,2.2853,-3.225599999999999,-8.828399999999998,5.602799999999999,0.1334,2017-05-31,19,12,239,False
2017-05-15,2017,2.2466999999999997,2.3279,2.0553,2.272,-3.410400000000016,-9.101399999999995,5.6909999999999785,0.13549999999999948,2017-05-31,16,11,240,False
2017-05-16,2017,2.2497,2.3413,2.0684,2.286,-3.8472000000000053,-9.1392,5.291999999999995,0.1259999999999999,2017-05-31,15,10,241,False
2017-05-17,2017,2.2506,2.3561,2.0772,2.2998,-4.431000000000006,-9.349199999999996,4.91819999999999,0.11709999999999976,2017-05-31,14,9,242,False
2017-05-18,2017,2.2721999999999998,2.3714,2.0791,2.3025,-4.166400000000007,-9.38280000000001,5.216400000000003,0.12420000000000006,2017-05-31,13,8,243,False
2017-05-19,2017,2.272,2.3808000000000002,2.0894999999999997,2.3163,-4.569600000000019,-9.525600000000015,4.955999999999996,0.11799999999999991,2017-05-31,12,7,244,False
2017-05-22,2017,2.298,2.3916999999999997,2.0961000000000003,2.323,-3.9353999999999862,-9.529799999999986,5.594399999999999,0.13319999999999999,2017-05-31,9,6,245,False
2017-05-23,2017,2.3287999999999998,2.4252000000000002,2.1287000000000003,2.3611,-4.04880000000002,-9.760799999999989,5.711999999999969,0.13599999999999926,2017-05-31,8,5,246,False
2017-05-24,2017,2.2872,2.3928,2.0943,2.3323,-4.4351999999999965,-9.995999999999999,5.560800000000002,0.13240000000000005,2017-05-31,7,4,247,False
2017-05-25,2017,2.2744999999999997,2.3808000000000002,2.0863,2.3194999999999997,-4.464600000000021,-9.794399999999985,5.329799999999964,0.12689999999999915,2017-05-31,6,3,248,False
2017-05-26,2017,2.2925,2.4,2.0909,2.3256,-4.514999999999997,-9.857400000000005,5.3424000000000085,0.1272000000000002,2017-05-31,5,2,249,False
2017-05-30,2017,2.3277,2.4189,2.1197999999999997,2.3432,-3.8303999999999885,-9.38280000000001,5.552400000000022,0.1322000000000005,2017-05-31,1,1,250,False
2017-05-31,2017,2.2903000000000002,2.386,2.1081,2.3331,-4.019399999999996,-9.450000000000003,5.430600000000007,0.12930000000000016,2017-05-31,0,0,251,False
2017-06-01,2018,2.194,2.2714,1.9821,2.187,-3.2507999999999964,-8.605799999999995,5.354999999999999,0.12749999999999997,2018-05-31,364,250,0,False
2017-06-02,2018,2.1458,2.2344,1.953,2.1601,-3.7212000000000005,-8.698199999999993,4.976999999999992,0.11849999999999981,2018-05-31,363,249,1,False
2017-06-05,2018,2.0916,2.1856999999999998,1.9011000000000002,2.1186000000000003,-3.9521999999999844,-9.135000000000002,5.182800000000017,0.12340000000000041,2018-05-31,360,248,2,False
2017-06-06,2018,2.1368,2.2206,1.9344999999999999,2.146,-3.519600000000004,-8.883000000000001,5.363399999999997,0.12769999999999992,2018-05-31,359,247,3,False
2017-06-07,2018,2.1633,2.254,1.9862,2.1924,-3.8094,-8.660400000000006,4.851000000000006,0.11550000000000014,2018-05-31,358,246,4,False
2017-06-08,2018,2.1883,2.2647999999999997,1.9889,2.1875,-3.212999999999991,-8.341200000000004,5.128200000000013,0.1221000000000003,2018-05-31,357,245,5,False
2017-06-09,2018,2.1938999999999997,2.2662,1.9856,2.1932,-3.0366000000000106,-8.7192,5.68259999999999,0.13529999999999975,2018-05-31,356,244,6,False
2017-06-12,2018,2.1372999999999998,2.2151,1.9317,2.146,-3.267600000000013,-9.000599999999997,5.732999999999984,0.13649999999999962,2018-05-31,353,243,7,False
2017-06-13,2018,2.1552000000000002,2.2349,1.9523,2.1558,-3.347399999999995,-8.54700000000001,5.199600000000014,0.12380000000000034,2018-05-31,352,242,8,False
2017-06-14,2018,2.1734,2.2558000000000002,1.9781,2.1864,-3.4608000000000105,-8.748599999999996,5.287799999999986,0.12589999999999965,2018-05-31,351,241,9,False
2017-06-15,2018,2.1199,2.2207,1.9504,2.1615,-4.2336,-8.866200000000012,4.632600000000012,0.11030000000000027,2018-05-31,350,240,10,False
2017-06-16,2018,2.1138999999999997,2.2128,1.9457,2.1563,-4.153800000000018,-8.845199999999995,4.691399999999977,0.11169999999999944,2018-05-31,349,239,11,False
2017-06-19,2018,2.1341,2.2237999999999998,1.9838,2.1908000000000003,-3.767399999999986,-8.694000000000013,4.926600000000027,0.11730000000000065,2018-05-31,346,238,12,False
2017-06-20,2018,2.1306,2.2195,1.9746000000000001,2.1859,-3.7338000000000084,-8.874600000000001,5.1407999999999925,0.12239999999999981,2018-05-31,345,237,13,False
2017-06-21,2018,2.1549,2.2300999999999997,1.9705000000000001,2.1766,-3.158399999999988,-8.656199999999998,5.4978000000000105,0.13090000000000024,2018-05-31,344,236,14,False
2017-06-22,2018,2.2076,2.2739,2.019,2.2243,-2.784600000000001,-8.622599999999991,5.83799999999999,0.13899999999999976,2018-05-31,343,235,15,False
2017-06-23,2018,2.2464,2.3251,2.0547,2.2614,-3.3053999999999997,-8.681400000000004,5.376000000000004,0.12800000000000009,2018-05-31,342,234,16,False
2017-06-26,2018,2.2524,2.3128,2.0375,2.2465,-2.5368000000000004,-8.778000000000002,6.241200000000002,0.14860000000000004,2018-05-31,339,233,17,False
2017-06-27,2018,2.2188999999999997,2.2782,2.0357,2.2393,-2.490600000000015,-8.551200000000009,6.060599999999994,0.14429999999999985,2018-05-31,338,232,18,False
2017-06-28,2018,2.1913,2.2495,1.9916,2.1989,-2.444399999999992,-8.706600000000002,6.26220000000001,0.14910000000000023,2018-05-31,337,231,19,False
2017-06-29,2018,2.1898,2.2415000000000003,1.9993,2.2088,-2.1714000000000127,-8.799000000000001,6.627599999999989,0.15779999999999972,2018-05-31,336,230,20,False
2017-06-30,2018,2.1262,2.1818,1.9308,2.1399,-2.335200000000004,-8.782199999999992,6.4469999999999885,0.15349999999999972,2018-05-31,335,229,21,False
2017-07-03,2018,2.1265,2.1752000000000002,1.922,2.1329,-2.045400000000008,-8.857799999999994,6.812399999999986,0.16219999999999968,2018-05-31,332,228,22,False
2017-07-05,2018,2.1146000000000003,2.1475999999999997,1.8936000000000002,2.1033,-1.385999999999978,-8.80739999999999,7.421400000000013,0.1767000000000003,2018-05-31,330,227,23,False
2017-07-06,2018,2.1282,2.1754,1.9140000000000001,2.1325,-1.9823999999999868,-9.176999999999987,7.1946,0.1713,2018-05-31,329,226,24,False
2017-07-07,2018,2.1136,2.1908000000000003,1.9391,2.1681,-3.242400000000016,-9.617999999999995,6.375599999999979,0.1517999999999995,2018-05-31,328,225,25,False
2017-07-10,2018,2.1147,2.1769,1.9274,2.1441,-2.612399999999992,-9.101399999999995,6.4890000000000025,0.15450000000000005,2018-05-31,325,224,26,False
2017-07-11,2018,2.1302000000000003,2.2142,1.9508,2.1664,-3.5279999999999845,-9.055199999999992,5.527200000000008,0.1316000000000002,2018-05-31,324,223,27,False
2017-07-12,2018,2.0957,2.171,1.911,2.1181,-3.1625999999999967,-8.698200000000003,5.535600000000007,0.13180000000000017,2018-05-31,323,222,28,False
2017-07-13,2018,2.1395,2.1953,1.9380000000000002,2.1422,-2.343600000000003,-8.576399999999989,6.232799999999986,0.14839999999999967,2018-05-31,322,221,29,False
2017-07-14,2018,2.1696,2.2275,1.9644,2.1719,-2.4318000000000026,-8.715,6.283199999999997,0.14959999999999993,2018-05-31,321,220,30,False
2017-07-17,2018,2.1988,2.2455000000000003,1.9733,2.1847,-1.9614000000000171,-8.878799999999991,6.917399999999974,0.16469999999999937,2018-05-31,318,219,31,False
2017-07-18,2018,2.2331,2.2640000000000002,1.9979,2.2093000000000003,-1.2978000000000156,-8.87880000000001,7.580999999999995,0.18049999999999988,2018-05-31,317,218,32,False
2017-07-19,2018,2.2542,2.2622,1.9942,2.2063,-0.3360000000000003,-8.908200000000008,8.572200000000008,0.20410000000000017,2018-05-31,316,217,33,False
2017-07-20,2018,2.2176,2.2381,1.9719,2.1894,-0.8610000000000078,-9.135000000000002,8.273999999999994,0.19699999999999984,2018-05-31,315,216,34,False
2017-07-21,2018,2.2382,2.2543,1.9975999999999998,2.2091,-0.6762000000000095,-8.883000000000001,8.20679999999999,0.19539999999999977,2018-05-31,314,215,35,False
2017-07-24,2018,2.2391,2.2721,2.0340000000000003,2.2543,-1.3859999999999966,-9.252599999999997,7.866600000000001,0.18730000000000002,2018-05-31,311,214,36,False
2017-07-25,2018,2.2702,2.3004,2.043,2.2706999999999997,-1.2683999999999909,-9.563399999999982,8.294999999999991,0.1974999999999998,2018-05-31,310,213,37,False
2017-07-26,2018,2.2376,2.2655000000000003,2.0196,2.2427,-1.1718000000000108,-9.370200000000004,8.198399999999992,0.19519999999999982,2018-05-31,309,212,38,False
2017-07-27,2018,2.2558000000000002,2.3006,2.0652,2.2915,-1.881599999999998,-9.504600000000007,7.623000000000009,0.18150000000000022,2018-05-31,308,211,39,False
2017-07-28,2018,2.2639,2.3023,2.0772999999999997,2.2938,-1.6127999999999902,-9.093000000000014,7.480200000000024,0.17810000000000056,2018-05-31,307,210,40,False
2017-07-31,2018,2.272,2.3211,2.0983,2.3124000000000002,-2.062200000000006,-8.992200000000008,6.9300000000000015,0.16500000000000004,2018-05-31,304,209,41,False
2017-08-01,2018,2.282,2.3377,2.1117,2.3255,-2.339399999999994,-8.9796,6.640200000000005,0.15810000000000013,2018-05-31,303,208,42,False
2017-08-02,2018,2.2309,2.3083,2.0653,2.2853,-3.2507999999999964,-9.23999999999999,5.989199999999993,0.14259999999999984,2018-05-31,302,207,43,False
2017-08-03,2018,2.2061,2.2821000000000002,2.0463,2.2686,-3.192000000000003,-9.336600000000008,6.144600000000005,0.14630000000000012,2018-05-31,301,206,44,False
2017-08-04,2018,2.1813,2.2477,2.0234,2.2377000000000002,-2.78880000000001,-9.000600000000006,6.211799999999996,0.1478999999999999,2018-05-31,300,205,45,False
2017-08-07,2018,2.1738999999999997,2.2468,2.01,2.224,-3.061800000000008,-8.988000000000017,5.9262000000000095,0.14110000000000023,2018-05-31,297,204,46,False
2017-08-08,2018,2.1796,2.2338,1.9887000000000001,2.1977,-2.2763999999999918,-8.778000000000002,6.5016000000000105,0.15480000000000024,2018-05-31,296,203,47,False
2017-08-09,2018,2.2237,2.2657,2.0217,2.2367,-1.7639999999999922,-9.029999999999994,7.266000000000002,0.17300000000000004,2018-05-31,295,202,48,False
2017-08-10,2018,2.2174,2.2454,2.0096000000000003,2.2153,-1.176000000000001,-8.639399999999991,7.46339999999999,0.17769999999999977,2018-05-31,294,201,49,False
2017-08-11,2018,2.2381,2.2647999999999997,2.0287,2.235,-1.121399999999979,-8.664599999999988,7.543200000000009,0.1796000000000002,2018-05-31,293,200,50,False
2017-08-14,2018,2.2226,2.2506,2.0284,2.2347,-1.176000000000001,-8.664600000000007,7.488600000000006,0.17830000000000015,2018-05-31,290,199,51,False
2017-08-15,2018,2.1588,2.1988,1.9837,2.1953,-1.6800000000000015,-8.8872,7.2071999999999985,0.17159999999999997,2018-05-31,289,198,52,False
2017-08-16,2018,2.1589,2.2007,1.99,2.2001,-1.7555999999999932,-8.824199999999998,7.068600000000004,0.16830000000000012,2018-05-31,288,197,53,False
2017-08-17,2018,2.1122,2.1728,1.946,2.1608,-2.5451999999999995,-9.021600000000005,6.476400000000005,0.15420000000000011,2018-05-31,287,196,54,False
2017-08-18,2018,2.0871,2.1290999999999998,1.8934,2.1037,-1.7639999999999922,-8.832599999999998,7.068600000000005,0.16830000000000012,2018-05-31,286,195,55,False
2017-08-21,2018,2.0399000000000003,2.088,1.8615000000000002,2.0669999999999997,-2.020199999999992,-8.630999999999982,6.6107999999999905,0.15739999999999976,2018-05-31,283,194,56,False
2017-08-22,2018,1.9961000000000002,2.0536000000000003,1.8205,2.0347999999999997,-2.4150000000000045,-9.000599999999988,6.5855999999999835,0.1567999999999996,2018-05-31,282,193,57,False
2017-08-23,2018,2.0266,2.0712,1.83,2.0380000000000003,-1.8731999999999989,-8.736000000000008,6.862800000000009,0.1634000000000002,2018-05-31,281,192,58,False
2017-08-24,2018,2.0291,2.0758,1.8303,2.0418000000000003,-1.9613999999999985,-8.88300000000001,6.921600000000011,0.16480000000000028,2018-05-31,280,191,59,False
2017-08-25,2018,2.0422,2.0751,1.8361,2.0425999999999997,-1.3818000000000064,-8.672999999999988,7.291199999999981,0.17359999999999956,2018-05-31,279,190,60,False
2017-08-28,2018,2.0986000000000002,2.1241,1.9058000000000002,2.1108000000000002,-1.0709999999999846,-8.610000000000003,7.539000000000018,0.17950000000000044,2018-05-31,276,189,61,False
2017-08-29,2018,2.0869999999999997,2.1218,1.8902,2.0909,-1.461600000000007,-8.429399999999994,6.967799999999987,0.1658999999999997,2018-05-31,275,188,62,False
2017-08-30,2018,2.056,2.0872,1.8474000000000002,2.0552,-1.310400000000005,-8.727599999999999,7.417199999999994,0.17659999999999987,2018-05-31,274,187,63,False
2017-08-31,2018,2.0606999999999998,2.094,1.8588,2.0638,-1.3986000000000045,-8.610000000000003,7.2113999999999985,0.17169999999999996,2018-05-31,273,186,64,False
2017-09-01,2018,2.1177,2.1355,1.9081000000000001,2.1085,-0.7475999999999923,-8.416799999999988,7.669199999999996,0.1825999999999999,2018-05-31,272,185,65,False
2017-09-05,2018,2.1536,2.1634,1.9372999999999998,2.1435,-0.4116000000000106,-8.660400000000006,8.248799999999996,0.1963999999999999,2018-05-31,268,184,66,False
2017-09-06,2018,2.1638,2.1683000000000003,1.9521000000000002,2.1606,-0.18900000000000716,-8.756999999999996,8.567999999999989,0.20399999999999974,2018-05-31,267,183,67,False
2017-09-07,2018,2.1630000000000003,2.1462,1.9172,2.1216999999999997,0.7056000000000155,-8.588999999999986,9.294600000000003,0.22130000000000005,2018-05-31,266,182,68,False
2017-09-08,2018,2.1511,2.1511,1.9147999999999998,2.1178,0.0,-8.526000000000003,8.526000000000003,0.20300000000000007,2018-05-31,265,181,69,False
2017-09-11,2018,2.1416999999999997,2.1498,1.9336000000000002,2.1333,-0.34020000000000916,-8.3874,8.04719999999999,0.19159999999999974,2018-05-31,262,180,70,False
2017-09-12,2018,2.1814,2.1919,1.9897,2.1938,-0.44099999999999806,-8.572199999999999,8.1312,0.1936,2018-05-31,261,179,71,False
2017-09-13,2018,2.1708000000000003,2.185,1.9848,2.1919999999999997,-0.5963999999999903,-8.702399999999994,8.106000000000003,0.1930000000000001,2018-05-31,260,178,72,False
2017-09-14,2018,2.1914,2.1961,2.0088,2.2136,-0.19740000000000624,-8.601600000000005,8.4042,0.2001,2018-05-31,259,177,73,False
2017-09-15,2018,2.1978,2.2007,2.0194,2.2239,-0.12179999999999591,-8.588999999999995,8.467199999999998,0.20159999999999995,2018-05-31,258,176,74,False
2017-09-18,2018,2.1756,2.1784,1.9845,2.1862,-0.11759999999998705,-8.4714,8.353800000000012,0.1989000000000003,2018-05-31,255,175,75,False
2017-09-19,2018,2.1502,2.165,1.9825,2.1834000000000002,-0.6216000000000061,-8.437800000000014,7.816200000000007,0.18610000000000018,2018-05-31,254,174,76,False
2017-09-20,2018,2.1323,2.1423,1.9369,2.136,-0.4200000000000097,-8.362200000000001,7.942199999999992,0.1890999999999998,2018-05-31,253,173,77,False
2017-09-21,2018,2.1699,2.1582,1.9586000000000001,2.1544,0.49140000000001116,-8.22359999999999,8.715000000000002,0.20750000000000005,2018-05-31,252,172,78,False
2017-09-22,2018,2.1529,2.1367,1.9417,2.1342,0.6803999999999997,-8.084999999999996,8.765399999999996,0.2086999999999999,2018-05-31,251,171,79,False
2017-09-25,2018,2.1182,2.1079,1.9062000000000001,2.1002,0.432599999999999,-8.147999999999998,8.580599999999997,0.20429999999999993,2018-05-31,248,170,80,False
2017-09-26,2018,2.1256,2.1096,1.8995,2.095,0.6720000000000006,-8.21100000000001,8.88300000000001,0.21150000000000024,2018-05-31,247,169,81,False
2017-09-27,2018,2.1507,2.1386000000000003,1.9140000000000001,2.1157,0.5081999999999907,-8.47139999999999,8.97959999999998,0.21379999999999952,2018-05-31,246,168,82,False
2017-09-28,2018,2.1561000000000003,2.1345,1.906,2.1048,0.907200000000012,-8.349600000000004,9.256800000000016,0.22040000000000037,2018-05-31,245,167,83,False
2017-09-29,2018,2.2084,2.1949,1.9584000000000001,2.1622,0.5670000000000028,-8.559599999999989,9.126599999999993,0.21729999999999983,2018-05-31,244,166,84,False
2017-10-02,2018,2.1471999999999998,2.1412,1.8976,2.0964,0.2519999999999909,-8.349600000000004,8.601599999999994,0.20479999999999987,2018-05-31,241,165,85,False
2017-10-03,2018,2.1477,2.1307,1.8852000000000002,2.0878,0.713999999999996,-8.509199999999996,9.223199999999991,0.2195999999999998,2018-05-31,240,164,86,False
2017-10-04,2018,2.1383,2.1279,1.9103999999999999,2.1106,0.43680000000000785,-8.408399999999997,8.845200000000006,0.21060000000000012,2018-05-31,239,163,87,False
2017-10-05,2018,2.1046,2.0938,1.8769999999999998,2.0837,0.453600000000006,-8.681400000000004,9.135000000000009,0.2175000000000002,2018-05-31,238,162,88,False
2017-10-06,2018,2.0791,2.0734,1.8702,2.0654,0.2394000000000016,-8.198399999999992,8.437799999999994,0.20089999999999986,2018-05-31,237,161,89,False
2017-10-09,2018,2.0762,2.0883000000000003,1.8566,2.0679,-0.5082000000000093,-8.874599999999992,8.366399999999983,0.1991999999999996,2018-05-31,234,160,90,False
2017-10-10,2018,2.0812,2.0725,1.8407,2.0462000000000002,0.3654000000000064,-8.63100000000001,8.996400000000017,0.21420000000000042,2018-05-31,233,159,91,False
2017-10-11,2018,2.0816999999999997,2.0789,1.8403999999999998,2.0491,0.11759999999998705,-8.765400000000014,8.883000000000001,0.21150000000000002,2018-05-31,232,158,92,False
2017-10-12,2018,2.0643000000000002,2.0672,1.8291,2.0456,-0.12179999999999591,-9.092999999999996,8.9712,0.21359999999999998,2018-05-31,231,157,93,False
2017-10-13,2018,2.0738,2.0964,1.8722,2.0953,-0.9492000000000074,-9.370199999999993,8.420999999999985,0.20049999999999965,2018-05-31,230,156,94,False
2017-10-16,2018,2.0501,2.0668,1.8484,2.0705,-0.7014000000000067,-9.328199999999999,8.626799999999992,0.2053999999999998,2018-05-31,227,155,95,False
2017-10-17,2018,2.0372,2.0391,1.8151,2.0389,-0.07980000000000054,-9.3996,9.319799999999999,0.2219,2018-05-31,226,154,96,False
2017-10-18,2018,1.9927000000000001,1.9918,1.7890000000000001,2.0098,0.03780000000000516,-9.273599999999986,9.311399999999992,0.22169999999999981,2018-05-31,225,153,97,False
2017-10-19,2018,2.0088999999999997,2.0166999999999997,1.8082,2.0266,-0.3276000000000012,-9.172800000000006,8.845200000000006,0.21060000000000012,2018-05-31,224,152,98,False
2017-10-20,2018,2.0286,2.0591,1.8359,2.0634,-1.2809999999999988,-9.555000000000001,8.274000000000003,0.19700000000000006,2018-05-31,223,151,99,False
2017-10-23,2018,2.0416,2.0669999999999997,1.8535,2.0791999999999997,-1.0667999999999944,-9.479399999999991,8.412599999999998,0.20029999999999995,2018-05-31,220,150,100,False
2017-10-24,2018,2.0286,2.0575,1.8369,2.0644,-1.2138000000000062,-9.555000000000001,8.341199999999995,0.1985999999999999,2018-05-31,219,149,101,False
2017-10-25,2018,1.9787000000000001,2.0152,1.7853999999999999,2.0087,-1.532999999999999,-9.378600000000011,7.845600000000012,0.18680000000000027,2018-05-31,218,148,102,False
2017-10-26,2018,2.0078,2.0378,1.8237,2.0419,-1.2599999999999918,-9.164399999999997,7.904400000000005,0.18820000000000012,2018-05-31,217,147,103,False
2017-10-27,2018,2.0244999999999997,2.0591,1.8422,2.0546,-1.4532000000000078,-8.920800000000007,7.467599999999999,0.17779999999999999,2018-05-31,216,146,104,False
2017-10-30,2018,1.9969999999999999,2.0403000000000002,1.8218,2.043,-1.8186000000000142,-9.290400000000002,7.471799999999988,0.1778999999999997,2018-05-31,213,145,105,False
2017-10-31,2018,1.9827000000000001,2.028,1.8182,2.0362,-1.9025999999999956,-9.155999999999999,7.253400000000003,0.17270000000000008,2018-05-31,212,144,106,False
2017-11-01,2018,1.9781,2.02,1.8207,2.0349,-1.759800000000002,-8.996399999999998,7.236599999999996,0.1722999999999999,2018-05-31,211,143,107,False
2017-11-02,2018,1.9642,2.0105,1.8169,2.0398,-1.9446000000000003,-9.361800000000004,7.417200000000004,0.1766000000000001,2018-05-31,210,142,108,False
2017-11-03,2018,1.9713,2.0103,1.8219,2.0494,-1.6379999999999968,-9.554999999999993,7.916999999999996,0.18849999999999992,2018-05-31,209,141,109,False
2017-11-06,2018,1.9501,1.9835,1.8094,2.0398,-1.402800000000004,-9.676800000000007,8.274000000000003,0.19700000000000006,2018-05-31,206,140,110,False
2017-11-07,2018,1.9528999999999999,1.9797,1.811,2.0373,-1.1256000000000066,-9.504600000000007,8.379000000000001,0.19950000000000004,2018-05-31,205,139,111,False
2017-11-08,2018,1.9913999999999998,2.0194,1.8591,2.0867,-1.1760000000000104,-9.5592,8.38319999999999,0.19959999999999975,2018-05-31,204,138,112,False
2017-11-09,2018,1.9844,1.9987000000000001,1.8474000000000002,2.0576,-0.6006000000000085,-8.828399999999988,8.227799999999979,0.1958999999999995,2018-05-31,203,137,113,False
2017-11-10,2018,1.9852,1.9963,1.8518000000000001,2.0657,-0.4661999999999953,-8.983799999999999,8.517600000000003,0.2028000000000001,2018-05-31,202,136,114,False
2017-11-13,2018,2.0271,1.9937,1.864,2.0650999999999997,1.4027999999999947,-8.446199999999983,9.848999999999979,0.2344999999999995,2018-05-31,199,135,115,False
2017-11-14,2018,2.0057,1.9719,1.8478,2.0427,1.4196000000000022,-8.185799999999993,9.605399999999996,0.2286999999999999,2018-05-31,198,134,116,False
2017-11-15,2018,1.9979,1.9728,1.8263,2.0277000000000003,1.0541999999999958,-8.45880000000001,9.513000000000007,0.22650000000000017,2018-05-31,197,133,117,False
2017-11-16,2018,2.0928,2.0632,1.9209,2.1205000000000003,1.2431999999999936,-8.38320000000001,9.626400000000004,0.2292000000000001,2018-05-31,196,132,118,False
2017-11-17,2018,2.1101,2.0765000000000002,1.9537,2.1532,1.4111999999999938,-8.379000000000001,9.790199999999995,0.2330999999999999,2018-05-31,195,131,119,False
2017-11-20,2018,2.1334999999999997,2.1031999999999997,1.9783000000000002,2.176,1.2725999999999997,-8.3034,9.576,0.228,2018-05-31,192,130,120,False
2017-11-21,2018,2.1307,2.0955,1.9485,2.1445,1.478400000000005,-8.231999999999998,9.710400000000003,0.23120000000000007,2018-05-31,191,129,121,False
2017-11-22,2018,2.1269,2.0903,1.9417,2.1338999999999997,1.5371999999999986,-8.072399999999988,9.609599999999986,0.22879999999999967,2018-05-31,190,128,122,False
2017-11-24,2018,2.0782,2.042,1.8891999999999998,2.0778,1.5204000000000004,-7.921200000000004,9.441600000000005,0.2248000000000001,2018-05-31,188,127,123,False
2017-11-27,2018,2.0981,2.0662000000000003,1.912,2.102,1.3397999999999923,-7.979999999999998,9.31979999999999,0.22189999999999976,2018-05-31,185,126,124,False
2017-11-28,2018,2.1567,2.1064,1.9406999999999999,2.1323,2.1126000000000005,-8.0472,10.1598,0.2419,2018-05-31,184,125,125,False
2017-11-29,2018,2.1926,2.1401,1.9981,2.1818,2.205000000000009,-7.715399999999999,9.920400000000008,0.2362000000000002,2018-05-31,183,124,126,False
2017-11-30,2018,2.1909,2.1466,2.0184,2.2033,1.8606000000000096,-7.765799999999993,9.626400000000004,0.2292000000000001,2018-05-31,182,123,127,False
2017-12-01,2018,2.1892,2.13,1.9852,2.1712000000000002,2.486400000000006,-7.8120000000000065,10.298400000000012,0.24520000000000028,2018-05-31,181,122,128,False
2017-12-04,2018,2.1625,2.1196,1.9585,2.1532,1.8017999999999974,-8.177400000000004,9.979200000000002,0.23760000000000006,2018-05-31,178,121,129,False
2017-12-05,2018,2.1986000000000003,2.1644,2.0088,2.1983,1.4364000000000097,-7.959000000000009,9.39540000000002,0.22370000000000048,2018-05-31,177,120,130,False
2017-12-06,2018,2.2003,2.1622,2.0154,2.2030000000000003,1.600200000000001,-7.879200000000009,9.479400000000009,0.2257000000000002,2018-05-31,176,119,131,False
2017-12-07,2018,2.2162,2.1929,2.0455,2.2303,0.9786000000000135,-7.761600000000003,8.740200000000016,0.20810000000000037,2018-05-31,175,118,132,False
2017-12-08,2018,2.2287,2.1848,2.0394,2.2163,1.8437999999999928,-7.429799999999993,9.273599999999986,0.22079999999999966,2018-05-31,174,117,133,False
2017-12-11,2018,2.1954,2.1575,2.0218000000000003,2.2026,1.5917999999999832,-7.593599999999984,9.185399999999968,0.21869999999999923,2018-05-31,171,116,134,False
2017-12-12,2018,2.1961,2.1652,2.0311000000000003,2.2105,1.297799999999997,-7.534799999999991,8.832599999999989,0.21029999999999974,2018-05-31,170,115,135,False
2017-12-13,2018,2.1635,2.1399,1.9966,2.18,0.9912000000000027,-7.70280000000001,8.694000000000013,0.20700000000000032,2018-05-31,169,114,136,False
2017-12-14,2018,2.2048,2.1758,2.0579,2.2378,1.2179999999999964,-7.555799999999998,8.773799999999994,0.20889999999999986,2018-05-31,168,113,137,False
2017-12-15,2018,2.226,2.1902,2.0865,2.2549,1.5036000000000023,-7.072800000000004,8.576400000000007,0.20420000000000016,2018-05-31,167,112,138,False
2017-12-18,2018,2.1831,2.177,2.0724,2.2525999999999997,0.25619999999999976,-7.568399999999987,7.824599999999987,0.1862999999999997,2018-05-31,164,111,139,False
2017-12-19,2018,2.2033,2.2019,2.1039,2.282,0.058799999999993524,-7.480200000000006,7.539,0.1795,2018-05-31,163,110,140,False
2017-12-20,2018,2.2006,2.1895,2.1245,2.2962000000000002,0.46620000000001394,-7.211400000000017,7.677600000000031,0.18280000000000074,2018-05-31,162,109,141,False
2017-12-21,2018,2.2065,2.1699,2.1075999999999997,2.2806,1.5371999999999986,-7.26600000000002,8.803200000000018,0.20960000000000042,2018-05-31,161,108,142,False
2017-12-22,2018,2.1849000000000003,2.1381,2.0653,2.2487,1.9656000000000073,-7.702799999999991,9.668399999999998,0.23019999999999996,2018-05-31,160,107,143,False
2017-12-26,2018,2.1734,2.1355,2.0491,2.2363,1.5918000000000019,-7.862399999999992,9.454199999999993,0.22509999999999983,2018-05-31,156,106,144,False
2017-12-27,2018,2.213,2.1949,2.1178,2.3017,0.7602000000000002,-7.723799999999998,8.483999999999998,0.20199999999999996,2018-05-31,155,105,145,False
2017-12-28,2018,2.1919,2.1786000000000003,2.1044,2.293,0.5585999999999851,-7.921200000000004,8.47979999999999,0.20189999999999977,2018-05-31,154,104,146,False
2017-12-29,2018,2.2084,2.1915,2.1106,2.2943000000000002,0.7098000000000058,-7.715400000000018,8.425200000000023,0.20060000000000056,2018-05-31,153,103,147,False
2018-01-02,2018,2.2500999999999998,2.2207,2.1261,2.311,1.2347999999999946,-7.765799999999993,9.000599999999988,0.2142999999999997,2018-05-31,149,102,148,False
2018-01-03,2018,2.2537000000000003,2.2227,2.1294,2.3129,1.3020000000000058,-7.707,9.009000000000006,0.21450000000000014,2018-05-31,148,101,149,False
2018-01-04,2018,2.3042,2.2628,2.1592,2.344,1.738799999999995,-7.761600000000003,9.500399999999999,0.22619999999999998,2018-05-31,147,100,150,False
2018-01-05,2018,2.2995,2.2466,2.1352,2.3213,2.221800000000007,-7.816199999999988,10.037999999999995,0.23899999999999988,2018-05-31,146,99,151,False
2018-01-08,2018,2.2886,2.2338,2.1181,2.2991,2.3016000000000076,-7.602000000000002,9.90360000000001,0.23580000000000023,2018-05-31,143,98,152,False
2018-01-09,2018,2.2662,2.221,2.1119,2.2891999999999997,1.898399999999996,-7.446599999999991,9.344999999999988,0.22249999999999973,2018-05-31,142,97,153,False
2018-01-10,2018,2.2801,2.2311,2.12,2.3039,2.057999999999997,-7.723799999999998,9.781799999999995,0.23289999999999988,2018-05-31,141,96,154,False
2018-01-11,2018,2.2897,2.2507,2.1466,2.3247999999999998,1.6379999999999875,-7.484399999999996,9.122399999999985,0.21719999999999964,2018-05-31,140,95,155,False
2018-01-12,2018,2.2840000000000003,2.2399,2.1369,2.3155,1.8522000000000105,-7.501200000000013,9.353400000000024,0.22270000000000056,2018-05-31,139,94,156,False
2018-01-16,2018,2.2565,2.2321,2.1216,2.3094,1.024799999999999,-7.887600000000008,8.912400000000007,0.21220000000000017,2018-05-31,135,93,157,False
2018-01-17,2018,2.2524,2.2227,2.1164,2.3032,1.2474000000000025,-7.845599999999994,9.092999999999996,0.21649999999999991,2018-05-31,134,92,158,False
2018-01-18,2018,2.2430000000000003,2.2114,2.0864,2.276,1.3272000000000217,-7.9632,9.290400000000021,0.2212000000000005,2018-05-31,133,91,159,False
2018-01-19,2018,2.2161,2.1942,2.0494,2.2431,0.9198000000000013,-8.135400000000008,9.05520000000001,0.21560000000000024,2018-05-31,132,90,160,False
2018-01-22,2018,2.2312,2.1933000000000002,2.0404,2.2312,1.5917999999999832,-8.013599999999993,9.605399999999976,0.22869999999999943,2018-05-31,129,89,161,False
2018-01-23,2018,2.2309,2.2045,2.0511,2.2514,1.1088000000000084,-8.412599999999998,9.521400000000007,0.22670000000000018,2018-05-31,128,88,162,False
2018-01-24,2018,2.1958,2.1783,2.0258000000000003,2.2235,0.735000000000003,-8.30339999999999,9.038399999999992,0.2151999999999998,2018-05-31,127,87,163,False
2018-01-25,2018,2.1936,2.1609,2.01,2.2009,1.3734000000000073,-8.017800000000003,9.39120000000001,0.22360000000000024,2018-05-31,126,86,164,False
2018-01-26,2018,2.2187,2.1741,2.0495,2.2306,1.8731999999999989,-7.606199999999992,9.479399999999991,0.2256999999999998,2018-05-31,125,85,165,False
2018-01-29,2018,2.1808,2.1345,2.0179,2.1931,1.9446000000000003,-7.358399999999992,9.302999999999992,0.2214999999999998,2018-05-31,122,84,166,False
2018-01-30,2018,2.1646,2.1215,1.9972,2.1797,1.8101999999999965,-7.664999999999996,9.475199999999992,0.2255999999999998,2018-05-31,121,83,167,False
2018-01-31,2018,2.16,2.1278,1.9758000000000002,2.1569,1.3524000000000003,-7.606199999999983,8.958599999999983,0.2132999999999996,2018-05-31,120,82,168,False
2018-02-01,2018,2.2013,2.1645,2.0127,2.1859,1.5455999999999976,-7.274400000000001,8.819999999999999,0.20999999999999996,2018-05-31,119,81,169,False
2018-02-02,2018,2.2077,2.1652,2.0066,2.1812,1.7849999999999993,-7.333199999999994,9.118199999999995,0.21709999999999988,2018-05-31,118,80,170,False
2018-02-05,2018,2.2016,2.1626,1.9936,2.1731,1.6380000000000061,-7.538999999999991,9.176999999999996,0.21849999999999992,2018-05-31,115,79,171,False
2018-02-06,2018,2.1673,2.1348,1.9722,2.1538999999999997,1.3650000000000082,-7.6313999999999895,8.996399999999998,0.21419999999999995,2018-05-31,114,78,172,False
2018-02-07,2018,2.1608,2.1118,1.9527,2.127,2.057999999999997,-7.3205999999999865,9.378599999999985,0.22329999999999964,2018-05-31,113,77,173,False
2018-02-08,2018,2.1713999999999998,2.1287000000000003,1.9596,2.1338999999999997,1.7933999999999797,-7.3205999999999865,9.113999999999965,0.21699999999999917,2018-05-31,112,76,174,False
2018-02-09,2018,2.1654,2.1237,1.975,2.1433,1.751400000000003,-7.0685999999999956,8.819999999999999,0.20999999999999996,2018-05-31,111,75,175,False
2018-02-12,2018,2.1641,2.1263,1.9719,2.1431,1.587599999999993,-7.1904,8.777999999999993,0.20899999999999985,2018-05-31,108,74,176,False
2018-02-13,2018,2.148,2.1019,1.9541,2.1205000000000003,1.9362000000000013,-6.988800000000014,8.925000000000015,0.21250000000000036,2018-05-31,107,73,177,False
2018-02-14,2018,2.0853,2.0357,1.8863999999999999,2.062,2.083200000000013,-7.3751999999999995,9.458400000000012,0.2252000000000003,2018-05-31,106,72,178,False
2018-02-15,2018,2.1003,2.0486,1.8929,2.0722,2.171399999999994,-7.530600000000001,9.701999999999995,0.23099999999999987,2018-05-31,105,71,179,False
2018-02-16,2018,2.0688999999999997,2.0461,1.847,2.033,0.9575999999999878,-7.811999999999998,8.769599999999986,0.20879999999999968,2018-05-31,104,70,180,False
2018-02-20,2018,2.0448,2.0236,1.8208000000000002,1.9990999999999999,0.8903999999999952,-7.488599999999987,8.378999999999982,0.19949999999999957,2018-05-31,100,69,181,False
2018-02-21,2018,2.05,2.0401,1.8116999999999999,2.0024,0.41580000000000084,-8.009400000000014,8.425200000000014,0.20060000000000033,2018-05-31,99,68,182,False
2018-02-22,2018,2.0405,2.033,1.8031,1.9865000000000002,0.31500000000001194,-7.70280000000001,8.017800000000022,0.19090000000000054,2018-05-31,98,67,183,False
2018-02-23,2018,2.0088,1.9802000000000002,1.7509000000000001,1.9243999999999999,1.201199999999989,-7.28699999999999,8.48819999999998,0.2020999999999995,2018-05-31,97,66,184,False
2018-02-26,2018,2.0385,2.0105,1.7965,1.9591999999999998,1.176000000000001,-6.833399999999994,8.009399999999996,0.1906999999999999,2018-05-31,94,65,185,False
2018-02-27,2018,2.0282,2.0103,1.7972,1.9679,0.7518000000000011,-7.169400000000003,7.921200000000004,0.1886000000000001,2018-05-31,93,64,186,False
2018-02-28,2018,2.0892,2.0532,1.8318,2.006,1.5120000000000013,-7.316399999999987,8.828399999999988,0.21019999999999972,2018-05-31,92,63,187,False
2018-03-01,2018,2.0802,2.0547,1.8618999999999999,2.0355000000000003,1.0710000000000033,-7.291200000000018,8.362200000000021,0.1991000000000005,2018-05-31,91,62,188,False
2018-03-02,2018,2.1434,2.0918,1.8998,2.0634,2.167200000000004,-6.871200000000008,9.038400000000012,0.21520000000000028,2018-05-31,90,61,189,False
2018-03-05,2018,2.213,2.1734999999999998,1.9665000000000001,2.1343,1.6590000000000131,-7.047599999999997,8.70660000000001,0.20730000000000026,2018-05-31,87,60,190,False
2018-03-06,2018,2.2005,2.1686,1.9516,2.1271,1.3397999999999923,-7.3709999999999996,8.710799999999992,0.2073999999999998,2018-05-31,86,59,191,False
2018-03-07,2018,2.1661,2.1196,1.9113,2.0835,1.9529999999999994,-7.232399999999997,9.185399999999996,0.2186999999999999,2018-05-31,85,58,192,False
2018-03-08,2018,2.1827,2.1418,1.9225999999999999,2.0965000000000003,1.7178000000000067,-7.303800000000017,9.021600000000024,0.21480000000000057,2018-05-31,84,57,193,False
2018-03-09,2018,2.1793,2.1405000000000003,1.9118000000000002,2.0868,1.6295999999999884,-7.350000000000001,8.97959999999999,0.21379999999999977,2018-05-31,83,56,194,False
2018-03-12,2018,2.1186000000000003,2.0873,1.8681,2.0415,1.3146000000000138,-7.2828,8.597400000000015,0.20470000000000035,2018-05-31,80,55,195,False
2018-03-13,2018,2.1121,2.0857,1.8432,2.0253,1.1087999999999898,-7.648200000000006,8.756999999999996,0.2084999999999999,2018-05-31,79,54,196,False
2018-03-14,2018,2.1416999999999997,2.1234,1.9009,2.0928,0.7685999999999806,-8.0598,8.82839999999998,0.21019999999999955,2018-05-31,78,53,197,False
2018-03-15,2018,2.1975,2.1584,1.9458000000000002,2.1294,1.6421999999999963,-7.71119999999999,9.353399999999986,0.22269999999999968,2018-05-31,77,52,198,False
2018-03-16,2018,2.1889,2.1351,1.9428999999999998,2.1141,2.2595999999999936,-7.19040000000001,9.450000000000003,0.22500000000000006,2018-05-31,76,51,199,False
2018-03-19,2018,2.2036000000000002,2.156,1.965,2.1323,1.9992000000000036,-7.026599999999991,9.025799999999995,0.21489999999999987,2018-05-31,73,50,200,False
2018-03-20,2018,2.1811000000000003,2.1376,1.9383000000000001,2.1068000000000002,1.8270000000000133,-7.0770000000000035,8.904000000000018,0.2120000000000004,2018-05-31,72,49,201,False
2018-03-21,2018,2.2135,2.169,1.9647,2.1329,1.86899999999999,-7.064399999999996,8.933399999999985,0.21269999999999964,2018-05-31,71,48,202,False
2018-03-22,2018,2.2546,2.205,2.0241,2.1837,2.0831999999999944,-6.703200000000008,8.786400000000002,0.20920000000000005,2018-05-31,70,47,203,False
2018-03-23,2018,2.2402,2.1825,2.0044,2.1590000000000003,2.4234000000000036,-6.493200000000012,8.916600000000017,0.2123000000000004,2018-05-31,69,46,204,False
2018-03-26,2018,2.2674000000000003,2.2085,2.0224,2.166,2.4738000000000167,-6.031199999999989,8.505000000000006,0.20250000000000015,2018-05-31,66,45,205,False
2018-03-27,2018,2.2763,2.2115,2.0218000000000003,2.1653000000000002,2.7215999999999987,-6.026999999999998,8.748599999999996,0.2082999999999999,2018-05-31,65,44,206,False
2018-03-28,2018,2.3485,2.2925,2.0955,2.2447,2.352000000000002,-6.2664,8.618400000000001,0.20520000000000002,2018-05-31,64,43,207,False
2018-03-29,2018,2.3487,2.2934,2.1029,2.2521,2.322599999999996,-6.2664,8.588999999999995,0.20449999999999988,2018-05-31,63,42,208,False
2018-04-02,2018,2.3319,2.2878,2.1031999999999997,2.2543,1.8522000000000105,-6.346200000000019,8.19840000000003,0.1952000000000007,2018-05-31,59,41,209,False
2018-04-03,2018,2.3295,2.2978,2.0953,2.2427,1.3313999999999933,-6.190800000000008,7.5222000000000016,0.17910000000000004,2018-05-31,58,40,210,False
2018-04-04,2018,2.3948,2.3415,2.1557,2.2968,2.2386000000000053,-5.9262000000000095,8.164800000000014,0.19440000000000032,2018-05-31,57,39,211,False
2018-04-05,2018,2.3679,2.3165999999999998,2.144,2.2801,2.1546000000000145,-5.716199999999995,7.87080000000001,0.18740000000000023,2018-05-31,56,38,212,False
2018-04-06,2018,2.3372,2.3037,2.15,2.2847999999999997,1.4070000000000036,-5.661599999999992,7.0685999999999956,0.1682999999999999,2018-05-31,55,37,213,False
2018-04-09,2018,2.3178,2.2987,2.1486,2.2842,0.8021999999999956,-5.695199999999988,6.497399999999984,0.15469999999999962,2018-05-31,52,36,214,False
2018-04-10,2018,2.3272999999999997,2.3209999999999997,2.1647,2.3042,0.26459999999999884,-5.858999999999998,6.123599999999997,0.14579999999999993,2018-05-31,51,35,215,False
2018-04-11,2018,2.3295,2.3286000000000002,2.1841,2.314,0.03779999999998651,-5.455800000000005,5.493599999999992,0.1307999999999998,2018-05-31,50,34,216,False
2018-04-12,2018,2.3516999999999997,2.3398,2.1719,2.302,0.4997999999999916,-5.464200000000004,5.963999999999996,0.1419999999999999,2018-05-31,49,33,217,False
2018-04-13,2018,2.3287999999999998,2.3022,2.1408,2.2709,1.1171999999999889,-5.464200000000004,6.581399999999993,0.15669999999999984,2018-05-31,48,32,218,False
2018-04-16,2018,2.3134,2.2924,2.1193,2.2536,0.8819999999999961,-5.640600000000004,6.5226,0.1553,2018-05-31,45,31,219,False
2018-04-17,2018,2.301,2.2875,2.1325,2.261,0.5670000000000028,-5.397000000000012,5.964000000000015,0.14200000000000035,2018-05-31,44,30,220,False
2018-04-18,2018,2.2662999999999998,2.2594,2.0803,2.2172,0.28979999999999606,-5.74980000000001,6.039600000000006,0.14380000000000015,2018-05-31,43,29,221,False
2018-04-19,2018,2.2468,2.2256,2.0555000000000003,2.1865,0.8903999999999952,-5.501999999999991,6.392399999999986,0.15219999999999967,2018-05-31,42,28,222,False
2018-04-20,2018,2.2762000000000002,2.2683,2.0926,2.2222999999999997,0.3318000000000101,-5.447399999999988,5.779199999999998,0.13759999999999994,2018-05-31,41,27,223,False
2018-04-23,2018,2.2259,2.2321,2.0663,2.2004,-0.26039999999999,-5.6322000000000045,5.371800000000015,0.12790000000000035,2018-05-31,38,26,224,False
2018-04-24,2018,2.2155,2.2142,2.075,2.2111,0.05460000000000331,-5.716199999999995,5.770799999999999,0.13739999999999997,2018-05-31,37,25,225,False
2018-04-25,2018,2.3058,2.2983000000000002,2.1547,2.2898,0.3149999999999933,-5.6742,5.989199999999993,0.14259999999999984,2018-05-31,36,24,226,False
2018-04-26,2018,2.2933000000000003,2.2873,2.1367,2.2756,0.25200000000000955,-5.833800000000001,6.0858000000000105,0.14490000000000025,2018-05-31,35,23,227,False
2018-04-27,2018,2.3013,2.3008,2.1553,2.2982,0.02099999999998836,-6.001800000000001,6.0227999999999895,0.14339999999999975,2018-05-31,34,22,228,False
2018-04-30,2018,2.2558000000000002,2.2478,2.1266,2.2644,0.33600000000001895,-5.787600000000015,6.123600000000034,0.14580000000000082,2018-05-31,31,21,229,False
2018-05-01,2018,2.2828,2.2769,2.1452,2.2824,0.2478000000000007,-5.7623999999999995,6.0102,0.1431,2018-05-31,30,20,230,False
2018-05-02,2018,2.3164,2.3098,2.2048,2.331,0.2771999999999881,-5.3003999999999944,5.577599999999983,0.13279999999999959,2018-05-31,29,19,231,False
2018-05-03,2018,2.3066,2.305,2.184,2.3179,0.0671999999999926,-5.623799999999987,5.690999999999979,0.1354999999999995,2018-05-31,28,18,232,False
2018-05-04,2018,2.318,2.3259,2.2045,2.3378,-0.33179999999999144,-5.598600000000008,5.266800000000017,0.1254000000000004,2018-05-31,27,17,233,False
2018-05-07,2018,2.3122,2.3375,2.2022999999999997,2.3468,-1.0626000000000042,-6.069000000000012,5.006400000000008,0.1192000000000002,2018-05-31,24,16,234,False
2018-05-08,2018,2.2671,2.2937,2.1721,2.3149,-1.1171999999999889,-5.997600000000011,4.880400000000022,0.11620000000000053,2018-05-31,23,15,235,False
2018-05-09,2018,2.2593,2.3003,2.1781,2.3141,-1.7219999999999969,-5.711999999999986,3.9899999999999896,0.09499999999999975,2018-05-31,22,14,236,False
2018-05-10,2018,2.2779,2.312,2.1756,2.3105,-1.4322000000000008,-5.665800000000001,4.2336,0.1008,2018-05-31,21,13,237,False
2018-05-11,2018,2.2381,2.2905,2.1485,2.2979,-2.2008,-6.274799999999999,4.073999999999999,0.09699999999999998,2018-05-31,20,12,238,False
2018-05-14,2018,2.2303,2.272,2.1496,2.2999,-1.7513999999999843,-6.312600000000004,4.56120000000002,0.10860000000000047,2018-05-31,17,11,239,False
2018-05-15,2018,2.2638,2.2866,2.1513999999999998,2.2988,-0.9576000000000064,-6.190800000000008,5.233200000000002,0.12460000000000004,2018-05-31,16,10,240,False
2018-05-16,2018,2.2868,2.3232,2.201,2.3543000000000003,-1.5287999999999995,-6.438600000000009,4.9098000000000095,0.11690000000000023,2018-05-31,15,9,241,False
2018-05-17,2018,2.3222,2.354,2.2049000000000003,2.3665000000000003,-1.3356000000000021,-6.787199999999999,5.4515999999999964,0.12979999999999992,2018-05-31,14,8,242,False
2018-05-18,2018,2.3266999999999998,2.3553,2.197,2.3512,-1.201200000000017,-6.4763999999999955,5.275199999999979,0.1255999999999995,2018-05-31,13,7,243,False
2018-05-21,2018,2.3225,2.3552,2.2003,2.3572,-1.3734000000000073,-6.589800000000011,5.216400000000004,0.12420000000000009,2018-05-31,10,6,244,False
2018-05-22,2018,2.3287,2.3667,2.2371,2.3868,-1.595999999999992,-6.287400000000007,4.691400000000015,0.11170000000000035,2018-05-31,9,5,245,False
2018-05-23,2018,2.3108,2.3553,2.245,2.3912,-1.8690000000000087,-6.140399999999995,4.2713999999999865,0.10169999999999968,2018-05-31,8,4,246,False
2018-05-24,2018,2.3194999999999997,2.3786,2.275,2.4326,-2.4822000000000157,-6.619199999999998,4.136999999999983,0.09849999999999959,2018-05-31,7,3,247,False
2018-05-25,2018,2.3606,2.4097999999999997,2.3302,2.478,-2.0663999999999962,-6.2076000000000064,4.14120000000001,0.09860000000000024,2018-05-31,6,2,248,False
2018-05-29,2018,2.3813,2.4138,2.3372,2.476,-1.3650000000000082,-5.829599999999992,4.464599999999984,0.10629999999999962,2018-05-31,2,1,249,False
2018-05-30,2018,2.3886000000000003,2.4139,2.3485,2.4829,-1.0625999999999856,-5.644799999999994,4.582200000000008,0.1091000000000002,2018-05-31,1,0,250,False
2018-06-01,2019,2.3889,2.4276,2.2605,2.4256,-1.6253999999999982,-6.93420000000001,5.308800000000012,0.1264000000000003,2019-05-31,364,250,0,False
2018-06-04,2019,2.4046000000000003,2.4314,2.2491,2.4083,-1.125599999999988,-6.68640000000001,5.560800000000022,0.13240000000000052,2019-05-31,361,249,1,False
2018-06-05,2019,2.3726,2.3966,2.2092,2.367,-1.008000000000001,-6.6275999999999975,5.619599999999997,0.13379999999999992,2019-05-31,360,248,2,False
2018-06-06,2019,2.3209999999999997,2.3815,2.1771000000000003,2.3444,-2.5410000000000093,-7.0265999999999815,4.485599999999972,0.10679999999999934,2019-05-31,359,247,3,False
2018-06-07,2019,2.2122,2.3066999999999998,2.0891,2.2671,-3.9689999999999825,-7.475999999999997,3.5070000000000148,0.08350000000000035,2019-05-31,358,246,4,False
2018-06-08,2019,2.1801,2.2784999999999997,2.0764,2.2513,-4.1327999999999925,-7.345800000000002,3.21300000000001,0.07650000000000023,2019-05-31,357,245,5,False
2018-06-11,2019,2.1963999999999997,2.298,2.102,2.2699000000000003,-4.267200000000015,-7.051800000000016,2.784600000000001,0.06630000000000003,2019-05-31,354,244,6,False
2018-06-12,2019,2.2003,2.3049,2.1178,2.291,-4.393200000000001,-7.274400000000001,2.8811999999999998,0.0686,2019-05-31,353,243,7,False
2018-06-13,2019,2.2438,2.3334,2.1546000000000003,2.332,-3.7632000000000145,-7.450799999999981,3.687599999999967,0.08779999999999921,2019-05-31,352,242,8,False
2018-06-14,2019,2.2141,2.302,2.1105,2.2902,-3.6917999999999944,-7.547399999999999,3.8556000000000044,0.0918000000000001,2019-05-31,351,241,9,False
2018-06-15,2019,2.2272,2.3135,2.1197999999999997,2.307,-3.624600000000002,-7.862400000000011,4.237800000000009,0.10090000000000021,2019-05-31,350,240,10,False
2018-06-18,2019,2.2666999999999997,2.3655,2.1865,2.3629,-4.149600000000009,-7.408799999999986,3.259199999999977,0.07759999999999945,2019-05-31,347,239,11,False
2018-06-19,2019,2.2991,2.3923,2.2396000000000003,2.4145,-3.914399999999998,-7.345799999999984,3.431399999999986,0.08169999999999966,2019-05-31,346,238,12,False
2018-06-20,2019,2.3563,2.4494,2.3056,2.4737999999999998,-3.910199999999989,-7.064399999999987,3.1541999999999977,0.07509999999999994,2019-05-31,345,237,13,False
2018-06-21,2019,2.3412,2.4356999999999998,2.2952,2.4583,-3.9689999999999825,-6.850200000000001,2.8812000000000184,0.06860000000000044,2019-05-31,344,236,14,False
2018-06-22,2019,2.3302,2.4403,2.2984999999999998,2.4643,-4.624200000000004,-6.963600000000016,2.339400000000013,0.055700000000000305,2019-05-31,343,235,15,False
2018-06-25,2019,2.3424,2.4541,2.307,2.4728,-4.691399999999996,-6.963599999999998,2.2722000000000016,0.05410000000000004,2019-05-31,340,234,16,False
2018-06-26,2019,2.3251,2.4539,2.2842,2.4529,-5.409600000000001,-7.085400000000012,1.6758000000000113,0.03990000000000027,2019-05-31,339,233,17,False
2018-06-27,2019,2.3735,2.4877000000000002,2.3303,2.4981,-4.796400000000013,-7.047600000000007,2.2511999999999945,0.05359999999999987,2019-05-31,338,232,18,False
2018-06-28,2019,2.3749000000000002,2.4884,2.3381,2.5012,-4.766999999999988,-6.850200000000001,2.083200000000013,0.04960000000000031,2019-05-31,337,231,19,False
2018-06-29,2019,2.377,2.5031,2.3669,2.5338,-5.296200000000004,-7.009800000000002,1.7135999999999978,0.04079999999999995,2019-05-31,336,230,20,False
2018-07-02,2019,2.2889,2.4432,2.3108,2.4800999999999997,-6.480600000000004,-7.110599999999991,0.6299999999999866,0.01499999999999968,2019-05-31,333,229,21,False
2018-07-03,2019,2.248,2.4025,2.2822,2.4521,-6.488999999999985,-7.135800000000007,0.646800000000022,0.015400000000000524,2019-05-31,332,228,22,False
2018-07-05,2019,2.237,2.3853,2.2522,2.421,-6.228599999999995,-7.089599999999984,0.8609999999999891,0.02049999999999974,2019-05-31,330,227,23,False
2018-07-06,2019,2.2016,2.3643,2.2336,2.4055,-6.833400000000003,-7.2197999999999976,0.38639999999999475,0.009199999999999875,2019-05-31,329,226,24,False
2018-07-09,2019,2.1616999999999997,2.3219,2.1864,2.3552,-6.728400000000005,-7.089600000000003,0.3611999999999975,0.008599999999999941,2019-05-31,326,225,25,False
2018-07-10,2019,2.1713,2.3353,2.1755,2.3463,-6.888000000000006,-7.173599999999993,0.2855999999999872,0.006799999999999695,2019-05-31,325,224,26,False
2018-07-11,2019,2.1647,2.3252,2.1685,2.3325,-6.741000000000013,-6.888000000000006,0.14699999999999314,0.0034999999999998366,2019-05-31,324,223,27,False
2018-07-12,2019,2.2053,2.3539,2.2069,2.3665000000000003,-6.241200000000003,-6.703200000000008,0.4620000000000051,0.01100000000000012,2019-05-31,323,222,28,False
2018-07-13,2019,2.2188999999999997,2.3593,2.2291,2.3891,-5.896800000000022,-6.720000000000006,0.823199999999984,0.019599999999999618,2019-05-31,322,221,29,False
2018-07-16,2019,2.2184,2.354,2.2293000000000003,2.3837,-5.695200000000007,-6.484799999999995,0.7895999999999876,0.018799999999999706,2019-05-31,319,220,30,False
2018-07-17,2019,2.2586,2.3838999999999997,2.2558000000000002,2.412,-5.262599999999989,-6.560399999999986,1.297799999999997,0.030899999999999928,2019-05-31,318,219,31,False
2018-07-18,2019,2.1859,2.3335,2.1766,2.3393,-6.199199999999989,-6.833400000000003,0.6342000000000141,0.015100000000000335,2019-05-31,317,218,32,False
2018-07-19,2019,2.1658,2.3150999999999997,2.1973,2.3509,-6.27059999999999,-6.451200000000017,0.18060000000002674,0.004300000000000637,2019-05-31,316,217,33,False
2018-07-20,2019,2.1737,2.3286000000000002,2.2254,2.3737,-6.505800000000002,-6.228599999999995,-0.2772000000000068,-0.006600000000000161,2019-05-31,315,216,34,False
2018-07-23,2019,2.1431,2.3155,2.2093000000000003,2.3584,-7.240800000000005,-6.262199999999991,-0.9786000000000135,-0.02330000000000032,2019-05-31,312,215,35,False
2018-07-24,2019,2.1451,2.3069,2.2052,2.3436000000000003,-6.795600000000016,-5.812800000000013,-0.9828000000000037,-0.023400000000000087,2019-05-31,311,214,36,False
2018-07-25,2019,2.1289,2.2983000000000002,2.1923,2.3306,-7.114800000000018,-5.808600000000004,-1.3062000000000147,-0.03110000000000035,2019-05-31,310,213,37,False
2018-07-26,2019,2.1494,2.3172,2.2041,2.3418,-7.047600000000007,-5.7834000000000065,-1.2642000000000007,-0.030100000000000016,2019-05-31,309,212,38,False
2018-07-27,2019,2.1618,2.3431,2.237,2.3762,-7.61460000000001,-5.84639999999999,-1.7682000000000198,-0.04210000000000047,2019-05-31,308,211,39,False
2018-07-30,2019,2.1248,2.2888,2.1775,2.3205,-6.888000000000006,-6.005999999999991,-0.8820000000000148,-0.02100000000000035,2019-05-31,305,210,40,False
2018-07-31,2019,2.1109999999999998,2.261,2.1415,2.287,-6.300000000000015,-6.110999999999989,-0.18900000000002581,-0.004500000000000615,2019-05-31,304,209,41,False
2018-08-01,2019,2.0857,2.2525,2.1389,2.2881,-7.005599999999993,-6.2664,-0.7391999999999932,-0.017599999999999838,2019-05-31,303,208,42,False
2018-08-02,2019,2.1245,2.2739,2.1797,2.3199,-6.274799999999999,-5.888400000000004,-0.38639999999999475,-0.009199999999999875,2019-05-31,302,207,43,False
2018-08-03,2019,2.1312,2.2979,2.1944999999999997,2.3412,-7.001399999999984,-6.161400000000021,-0.8399999999999634,-0.01999999999999913,2019-05-31,301,206,44,False
2018-08-06,2019,2.1748,2.333,2.2318000000000002,2.3734,-6.644400000000014,-5.947199999999998,-0.6972000000000165,-0.016600000000000392,2019-05-31,298,205,45,False
2018-08-07,2019,2.2036000000000002,2.3319,2.2387,2.3803,-5.388599999999994,-5.947199999999998,0.5586000000000038,0.01330000000000009,2019-05-31,297,204,46,False
2018-08-09,2019,2.1595,2.2947,2.2077,2.3613999999999997,-5.678400000000009,-6.4553999999999885,0.7769999999999797,0.018499999999999517,2019-05-31,295,203,47,False
2018-08-10,2019,2.1277,2.2862,2.19,2.34,-6.657000000000004,-6.299999999999996,-0.3570000000000073,-0.008500000000000174,2019-05-31,294,202,48,False
2018-08-13,2019,2.1763,2.3251,2.2281,2.3798,-6.249600000000002,-6.371399999999998,0.12179999999999591,0.0028999999999999027,2019-05-31,291,201,49,False
2018-08-14,2019,2.154,2.3225,2.2363,2.3914,-7.076999999999995,-6.514200000000001,-0.562799999999994,-0.013399999999999856,2019-05-31,290,200,50,False
2018-08-15,2019,2.1248,2.3018,2.2058,2.362,-7.434000000000002,-6.560400000000005,-0.873599999999997,-0.02079999999999993,2019-05-31,289,199,51,False
2018-08-16,2019,2.1691,2.3506,2.2421,2.3992,-7.623000000000009,-6.598199999999991,-1.0248000000000177,-0.02440000000000042,2019-05-31,288,198,52,False
2018-08-17,2019,2.1673,2.3680000000000003,2.2356,2.4,-8.429400000000014,-6.904800000000004,-1.5246000000000093,-0.03630000000000022,2019-05-31,287,197,53,False
2018-08-20,2019,2.1867,2.3821,2.2468,2.412,-8.20679999999999,-6.938400000000001,-1.26839999999999,-0.030199999999999762,2019-05-31,284,196,54,False
2018-08-21,2019,2.2367,2.4024,2.2887,2.4459,-6.959400000000008,-6.6024,-0.3570000000000073,-0.008500000000000174,2019-05-31,283,195,55,False
2018-08-22,2019,2.2146,2.3895,2.2756,2.4344,-7.345800000000002,-6.6696000000000115,-0.6761999999999908,-0.01609999999999978,2019-05-31,282,194,56,False
2018-08-23,2019,2.1926,2.3679,2.2377000000000002,2.4049,-7.3626000000000005,-7.022399999999991,-0.34020000000000916,-0.008100000000000218,2019-05-31,281,193,57,False
2018-08-24,2019,2.2079,2.3646000000000003,2.2398,2.4027000000000003,-6.581400000000012,-6.8418000000000205,0.2604000000000086,0.006200000000000205,2019-05-31,280,192,58,False
2018-08-27,2019,2.2607,2.4132,2.2893,2.4467,-6.404999999999994,-6.610799999999999,0.2058000000000053,0.0049000000000001265,2019-05-31,277,191,59,False
2018-08-28,2019,2.2577000000000003,2.4196,2.2928,2.4501,-6.799799999999988,-6.6065999999999905,-0.19319999999999737,-0.0045999999999999375,2019-05-31,276,190,60,False
2018-08-29,2019,2.2938,2.447,2.3215,2.4896000000000003,-6.4344,-7.060200000000015,0.625800000000015,0.014900000000000357,2019-05-31,275,189,61,False
2018-08-30,2019,2.3,2.4534000000000002,2.3246,2.4965,-6.442800000000018,-7.2197999999999976,0.7769999999999797,0.018499999999999517,2019-05-31,274,188,62,False
2018-08-31,2019,2.3118,2.4476,2.3202000000000003,2.4934,-5.703600000000006,-7.274399999999982,1.5707999999999762,0.037399999999999434,2019-05-31,273,187,63,False
2018-09-04,2019,2.3093,2.4328,2.3172,2.4954,-5.186999999999998,-7.484399999999996,2.2973999999999988,0.05469999999999997,2019-05-31,269,186,64,False
2018-09-05,2019,2.2799,2.3908,2.2641,2.4425,-4.6578,-7.4927999999999955,2.8349999999999955,0.0674999999999999,2019-05-31,268,185,65,False
2018-09-06,2019,2.2969,2.3923,2.2757,2.4485,-4.006800000000006,-7.257600000000003,3.2507999999999964,0.07739999999999991,2019-05-31,267,184,66,False
2018-09-07,2019,2.2748,2.373,2.2426,2.4213,-4.124400000000012,-7.505400000000003,3.3809999999999913,0.0804999999999998,2019-05-31,266,183,67,False
2018-09-10,2019,2.2637,2.3667,2.2014,2.3767,-4.32599999999999,-7.3626000000000005,3.0366000000000106,0.07230000000000025,2019-05-31,263,182,68,False
2018-09-11,2019,2.2308000000000003,2.3449,2.1612999999999998,2.3443,-4.792199999999985,-7.6860000000000115,2.8938000000000264,0.06890000000000063,2019-05-31,262,181,69,False
2018-09-12,2019,2.2177000000000002,2.3243,2.1538999999999997,2.3331,-4.477199999999992,-7.52640000000001,3.0492000000000186,0.07260000000000044,2019-05-31,261,180,70,False
2018-09-13,2019,2.2272,2.3336,2.1756,2.3547,-4.468800000000011,-7.522199999999983,3.0533999999999715,0.07269999999999932,2019-05-31,260,179,71,False
2018-09-14,2019,2.207,2.3094,2.1647,2.3468999999999998,-4.300800000000011,-7.6523999999999965,3.3515999999999853,0.07979999999999965,2019-05-31,259,178,72,False
2018-09-17,2019,2.1768,2.3031,2.1508000000000003,2.3398,-5.304600000000003,-7.937999999999984,2.6333999999999804,0.06269999999999953,2019-05-31,256,177,73,False
2018-09-18,2019,2.1246,2.2466,2.0899,2.2821000000000002,-5.123999999999995,-8.072400000000005,2.94840000000001,0.07020000000000023,2019-05-31,255,176,74,False
2018-09-19,2019,2.1459,2.2661000000000002,2.1315,2.318,-5.0484000000000036,-7.833000000000005,2.784600000000001,0.06630000000000003,2019-05-31,254,175,75,False
2018-09-20,2019,2.1116,2.2462,2.1157,2.3040000000000003,-5.653199999999993,-7.908600000000015,2.255400000000022,0.053700000000000525,2019-05-31,253,174,76,False
2018-09-21,2019,2.1414,2.2752,2.1351,2.3213999999999997,-5.619599999999997,-7.824599999999987,2.2049999999999903,0.05249999999999977,2019-05-31,252,173,77,False
2018-09-24,2019,2.1258,2.2688,2.1124,2.3076,-6.00600000000001,-8.198399999999992,2.1923999999999824,0.05219999999999958,2019-05-31,249,172,78,False
2018-09-25,2019,2.155,2.2967,2.157,2.3573,-5.951400000000007,-8.412599999999998,2.461199999999991,0.058599999999999784,2019-05-31,248,171,79,False
2018-09-26,2019,2.1668000000000003,2.3055000000000003,2.1574,2.3461000000000003,-5.825400000000002,-7.925400000000013,2.100000000000011,0.050000000000000266,2019-05-31,247,170,80,False
2018-09-27,2019,2.1311,2.3049,2.1391999999999998,2.3422,-7.299599999999998,-8.526000000000012,1.2264000000000141,0.029200000000000337,2019-05-31,246,169,81,False
2018-09-28,2019,2.1337,2.3251,2.1777,2.3788,-8.038799999999991,-8.446199999999994,0.40740000000000265,0.009700000000000063,2019-05-31,245,168,82,False
2018-10-01,2019,2.1174,2.3158000000000003,2.1648,2.3724000000000003,-8.332800000000015,-8.71920000000001,0.38639999999999475,0.009199999999999875,2019-05-31,242,167,83,False
2018-10-02,2019,2.14,2.3373,2.1936,2.3979,-8.286599999999993,-8.580599999999997,0.29400000000000404,0.007000000000000096,2019-05-31,241,166,84,False
2018-10-03,2019,2.1214,2.3334,2.1831,2.3965,-8.904000000000007,-8.962800000000001,0.05879999999999441,0.001399999999999867,2019-05-31,240,165,85,False
2018-10-04,2019,2.1404,2.3513,2.2382,2.4402,-8.857800000000005,-8.483999999999998,-0.37380000000000635,-0.00890000000000015,2019-05-31,239,164,86,False
2018-10-05,2019,2.1549,2.349,2.2468,2.4454,-8.152200000000008,-8.341199999999995,0.18899999999998762,0.004499999999999706,2019-05-31,238,163,87,False
2018-10-08,2019,2.1729,2.3662,2.2763,2.4783,-8.118600000000011,-8.483999999999998,0.36539999999998685,0.008699999999999687,2019-05-31,235,162,88,False
2018-10-09,2019,2.2188999999999997,2.4241,2.3258,2.535,-8.61840000000002,-8.786400000000002,0.1679999999999815,0.0039999999999995595,2019-05-31,234,161,89,False
2018-10-10,2019,2.2309,2.417,2.3322,2.5236,-7.816199999999988,-8.038800000000009,0.22260000000002123,0.005300000000000506,2019-05-31,233,160,90,False
2018-10-11,2019,2.29,2.4766,2.3728,2.5632,-7.837199999999995,-7.996800000000015,0.15960000000001973,0.0038000000000004697,2019-05-31,232,159,91,False
2018-10-12,2019,2.2761,2.4598,2.3276,2.5187,-7.715399999999999,-8.026200000000003,0.31080000000000396,0.007400000000000094,2019-05-31,231,158,92,False
2018-10-15,2019,2.2911,2.4818000000000002,2.3419,2.5346,-8.009400000000003,-8.093400000000013,0.08400000000001029,0.002000000000000245,2019-05-31,228,157,93,False
2018-10-16,2019,2.2934,2.4686000000000003,2.3401,2.5284,-7.35840000000001,-7.908599999999996,0.550199999999986,0.013099999999999667,2019-05-31,227,156,94,False
2018-10-17,2019,2.3376,2.5057,2.3777,2.5575,-7.0601999999999965,-7.551600000000008,0.49140000000001116,0.011700000000000266,2019-05-31,226,155,95,False
2018-10-18,2019,2.335,2.5013,2.3562,2.5354,-6.984600000000005,-7.52640000000001,0.5418000000000056,0.012900000000000134,2019-05-31,225,154,96,False
2018-10-19,2019,2.3309,2.508,2.3642,2.5461,-7.438199999999992,-7.639800000000007,0.2016000000000151,0.0048000000000003595,2019-05-31,224,153,97,False
2018-10-22,2019,2.3372,2.5036,2.3719,2.5477000000000003,-6.988799999999995,-7.3836000000000075,0.3948000000000125,0.009400000000000297,2019-05-31,221,152,98,False
2018-10-23,2019,2.3472,2.5191999999999997,2.3999,2.5804,-7.223999999999988,-7.580999999999995,0.3570000000000073,0.008500000000000174,2019-05-31,220,151,99,False
2018-10-24,2019,2.3231,2.5249,2.3594,2.5532,-8.4756,-8.139599999999998,-0.3360000000000021,-0.008000000000000049,2019-05-31,219,150,100,False
2018-10-25,2019,2.3605,2.5612,2.4027000000000003,2.5891,-8.429399999999994,-7.828799999999996,-0.6005999999999982,-0.014299999999999959,2019-05-31,218,149,101,False
2018-10-26,2019,2.4281,2.6006,2.4489,2.6338,-7.244999999999995,-7.765799999999993,0.5207999999999986,0.012399999999999967,2019-05-31,217,148,102,False
2018-10-29,2019,2.398,2.5896,2.4278999999999997,2.6169,-8.04719999999999,-7.938000000000002,-0.10919999999998709,-0.0025999999999996924,2019-05-31,214,147,103,False
2018-10-30,2019,2.4288,2.6004,2.447,2.6302999999999996,-7.207200000000008,-7.698599999999982,0.49139999999997386,0.011699999999999378,2019-05-31,213,146,104,False
2018-10-31,2019,2.4703999999999997,2.6179,2.4665,2.6305,-6.195000000000017,-6.888000000000006,0.692999999999989,0.016499999999999737,2019-05-31,212,145,105,False
2018-11-01,2019,2.3656,2.5547,2.3907,2.5613,-7.942199999999993,-7.165200000000013,-0.7769999999999797,-0.018499999999999517,2019-05-31,211,144,106,False
2018-11-02,2019,2.3575,2.5411,2.3841,2.5658999999999996,-7.711200000000009,-7.63559999999998,-0.07560000000002898,-0.00180000000000069,2019-05-31,210,143,107,False
2018-11-05,2019,2.3971,2.5602,2.4023,2.5876,-6.850200000000001,-7.78260000000001,0.9324000000000092,0.02220000000000022,2019-05-31,207,142,108,False
2018-11-06,2019,2.4301,2.5759,2.4227000000000003,2.6014999999999997,-6.123599999999997,-7.509599999999975,1.385999999999978,0.032999999999999474,2019-05-31,206,141,109,False
2018-11-07,2019,2.4187,2.5817,2.4188,2.6074,-6.846000000000011,-7.921200000000004,1.0751999999999935,0.025599999999999845,2019-05-31,205,140,110,False
2018-11-08,2019,2.3625,2.5286,2.3456,2.5417,-6.976200000000006,-8.236199999999997,1.259999999999991,0.029999999999999784,2019-05-31,204,139,111,False
2018-11-09,2019,2.3422,2.535,2.3596,2.5661,-8.097600000000003,-8.673000000000005,0.5754000000000019,0.013700000000000045,2019-05-31,203,138,112,False
2018-11-12,2019,2.3662,2.553,2.3533,2.5647,-7.845599999999994,-8.87880000000001,1.0332000000000168,0.0246000000000004,2019-05-31,200,137,113,False
2018-11-13,2019,2.3708,2.555,2.378,2.5885000000000002,-7.736400000000006,-8.841000000000005,1.1045999999999987,0.02629999999999997,2019-05-31,199,136,114,False
2018-11-14,2019,2.367,2.5478,2.3846000000000003,2.5901,-7.593600000000003,-8.630999999999991,1.0373999999999883,0.024699999999999722,2019-05-31,198,135,115,False
2018-11-15,2019,2.3249,2.5098,2.3329,2.5277000000000003,-7.765799999999993,-8.181600000000014,0.4158000000000204,0.009900000000000485,2019-05-31,197,134,116,False
2018-11-16,2019,2.3581,2.5284,2.3453999999999997,2.5405,-7.152600000000005,-8.19420000000002,1.041600000000015,0.024800000000000356,2019-05-31,196,133,117,False
2018-11-19,2019,2.3846000000000003,2.5401,2.3478,2.5374,-6.53099999999998,-7.9632,1.4322000000000195,0.03410000000000046,2019-05-31,193,132,118,False
2018-11-20,2019,2.3978,2.5388,2.3401,2.5251,-5.922000000000001,-7.770000000000002,1.8480000000000016,0.04400000000000004,2019-05-31,192,131,119,False
2018-11-21,2019,2.3691,2.533,2.3480000000000003,2.5362,-6.883799999999997,-7.904399999999987,1.0205999999999902,0.024299999999999766,2019-05-31,191,130,120,False
2018-11-23,2019,2.3165,2.5204,2.3191,2.5172,-8.563799999999999,-8.32019999999999,-0.2436000000000096,-0.005800000000000229,2019-05-31,189,129,121,False
2018-11-26,2019,2.2981,2.5007,2.3053,2.5086,-8.509200000000014,-8.538600000000002,0.029399999999988324,0.000699999999999722,2019-05-31,186,128,122,False
2018-11-27,2019,2.3081,2.4925,2.3039,2.5071,-7.744800000000005,-8.534399999999993,0.7895999999999876,0.018799999999999706,2019-05-31,185,127,123,False
2018-11-28,2019,2.3147,2.4924,2.3168,2.5208,-7.463399999999989,-8.567999999999989,1.1045999999999996,0.02629999999999999,2019-05-31,184,126,124,False
2018-11-29,2019,2.3233,2.4849,2.314,2.5168,-6.787199999999999,-8.517599999999995,1.730399999999996,0.0411999999999999,2019-05-31,183,125,125,False
2018-11-30,2019,2.3375,2.489,2.3211,2.511,-6.362999999999999,-7.9758000000000076,1.612800000000009,0.03840000000000021,2019-05-31,182,124,126,False
2018-12-03,2019,2.3691,2.5019,2.3365,2.5265,-5.577600000000001,-7.979999999999998,2.4023999999999965,0.05719999999999992,2019-05-31,179,123,127,False
2018-12-04,2019,2.3749000000000002,2.5127,2.3322,2.5232,-5.787599999999997,-8.022000000000013,2.234400000000016,0.05320000000000038,2019-05-31,178,122,128,False
2018-12-05,2019,2.3834,2.5263999999999998,2.3327,2.5181999999999998,-6.005999999999991,-7.790999999999991,1.7849999999999993,0.04249999999999998,2019-05-31,177,121,129,False
2018-12-06,2019,2.3554,2.4741999999999997,2.2818,2.4628,-4.989599999999991,-7.602000000000002,2.6124000000000107,0.062200000000000255,2019-05-31,176,120,130,False
2018-12-07,2019,2.3943,2.5035,2.3256,2.5066,-4.5863999999999985,-7.602000000000002,3.0156000000000036,0.07180000000000009,2019-05-31,175,119,131,False
2018-12-10,2019,2.3812,2.4716,2.3040000000000003,2.4755000000000003,-3.796799999999992,-7.202999999999999,3.406200000000007,0.08110000000000017,2019-05-31,172,118,132,False
2018-12-11,2019,2.3757,2.4685,2.2871,2.4548,-3.8975999999999997,-7.043399999999998,3.1457999999999986,0.07489999999999997,2019-05-31,171,117,133,False
2018-12-12,2019,2.3753,2.4755000000000003,2.2919,2.4625,-4.208400000000003,-7.165199999999994,2.9567999999999914,0.0703999999999998,2019-05-31,170,116,134,False
2018-12-13,2019,2.3924000000000003,2.4893,2.3093,2.4683,-4.06979999999999,-6.678000000000011,2.6082000000000205,0.06210000000000049,2019-05-31,169,115,135,False
2018-12-14,2019,2.4051,2.5036,2.3258,2.489,-4.137000000000001,-6.854399999999991,2.71739999999999,0.06469999999999976,2019-05-31,168,114,136,False
2018-12-17,2019,2.401,2.4930000000000003,2.3356,2.4954,-3.864000000000022,-6.711600000000007,2.847599999999985,0.06779999999999964,2019-05-31,165,113,137,False
2018-12-18,2019,2.3688,2.4867,2.3335,2.5063,-4.951800000000005,-7.257600000000003,2.305799999999998,0.05489999999999995,2019-05-31,164,112,138,False
2018-12-19,2019,2.3971,2.4925,2.3493,2.5152,-4.006800000000006,-6.967800000000007,2.9610000000000003,0.07050000000000001,2019-05-31,163,111,139,False
2018-12-20,2019,2.3483,2.4385,2.2925999999999997,2.4584,-3.788399999999993,-6.963600000000016,3.1752000000000233,0.07560000000000056,2019-05-31,162,110,140,False
2018-12-21,2019,2.3703,2.4733,2.3316,2.5058000000000002,-4.3260000000000085,-7.316400000000015,2.9904000000000064,0.07120000000000015,2019-05-31,161,109,141,False
2018-12-24,2019,2.3557,2.4463,2.291,2.47,-3.8051999999999913,-7.518000000000011,3.71280000000002,0.08840000000000048,2019-05-31,158,108,142,False
2018-12-26,2019,2.3526,2.4442,2.2842,2.4724,-3.8472000000000053,-7.904400000000006,4.057200000000001,0.09660000000000002,2019-05-31,156,107,143,False
2018-12-27,2019,2.4101,2.492,2.333,2.5176,-3.4398000000000035,-7.753199999999985,4.313399999999982,0.10269999999999957,2019-05-31,155,106,144,False
2018-12-28,2019,2.4366,2.5144,2.3625,2.5471,-3.267600000000013,-7.753200000000004,4.485599999999991,0.10679999999999978,2019-05-31,154,105,145,False
2018-12-31,2019,2.4367,2.5373,2.3804,2.5677999999999996,-4.225200000000001,-7.870799999999991,3.64559999999999,0.08679999999999977,2019-05-31,151,104,146,False
2019-01-02,2019,2.4424,2.5497,2.4015,2.5787,-4.506599999999998,-7.442400000000001,2.935800000000003,0.06990000000000007,2019-05-31,149,103,147,False
2019-01-03,2019,2.4484,2.5429,2.3628,2.5412,-3.969000000000001,-7.4927999999999955,3.5237999999999943,0.08389999999999986,2019-05-31,148,102,148,False
2019-01-04,2019,2.4168000000000003,2.5193,2.3049,2.4947,-4.304999999999983,-7.971599999999999,3.666600000000016,0.08730000000000038,2019-05-31,147,101,149,False
2019-01-07,2019,2.4282,2.5327,2.3434,2.5281000000000002,-4.389000000000011,-7.757400000000013,3.368400000000002,0.08020000000000005,2019-05-31,144,100,150,False
2019-01-08,2019,2.3916999999999997,2.505,2.3212,2.5047,-4.7586000000000075,-7.707,2.9483999999999924,0.07019999999999982,2019-05-31,143,99,151,False
2019-01-09,2019,2.3778,2.4753,2.2921,2.4681,-4.094999999999987,-7.392000000000007,3.2970000000000192,0.07850000000000046,2019-05-31,142,98,152,False
2019-01-10,2019,2.3541,2.4628,2.2921,2.4545,-4.56540000000001,-6.820799999999995,2.2553999999999848,0.05369999999999964,2019-05-31,141,97,153,False
2019-01-11,2019,2.3638,2.4825999999999997,2.33,2.4962,-4.989599999999991,-6.980399999999996,1.9908000000000046,0.04740000000000011,2019-05-31,140,96,154,False
2019-01-14,2019,2.3832,2.4936000000000003,2.3391,2.5044,-4.636800000000012,-6.942599999999991,2.305799999999979,0.054899999999999505,2019-05-31,137,95,155,False
2019-01-15,2019,2.3542,2.4735,2.3309,2.5007,-5.010599999999998,-7.131599999999998,2.1209999999999996,0.05049999999999999,2019-05-31,136,94,156,False
2019-01-16,2019,2.3885,2.499,2.3805,2.5465,-4.641000000000002,-6.971999999999997,2.330999999999995,0.05549999999999988,2019-05-31,135,93,157,False
2019-01-17,2019,2.4082,2.5169,2.3813999999999997,2.5469999999999997,-4.56540000000001,-6.955199999999999,2.3897999999999886,0.05689999999999973,2019-05-31,134,92,158,False
2019-01-18,2019,2.387,2.4922999999999997,2.3421000000000003,2.5058000000000002,-4.4225999999999885,-6.875399999999998,2.4528000000000096,0.05840000000000023,2019-05-31,133,91,159,False
2019-01-22,2019,2.3805,2.4873,2.3186,2.4772,-4.485599999999991,-6.661199999999994,2.175600000000003,0.05180000000000007,2019-05-31,129,90,160,False
2019-01-23,2019,2.3672,2.4741999999999997,2.3075,2.4752,-4.49399999999999,-7.043399999999998,2.5494000000000083,0.0607000000000002,2019-05-31,128,89,161,False
2019-01-24,2019,2.3689,2.4659,2.3024,2.4745,-4.073999999999999,-7.228199999999997,3.1541999999999977,0.07509999999999994,2019-05-31,127,88,162,False
2019-01-25,2019,2.4213,2.5324,2.3277,2.5068,-4.666199999999999,-7.5222000000000016,2.8560000000000025,0.06800000000000006,2019-05-31,126,87,163,False
2019-01-28,2019,2.3788,2.4887,2.2977000000000003,2.478,-4.615800000000005,-7.572599999999996,2.9567999999999914,0.0703999999999998,2019-05-31,123,86,164,False
2019-01-29,2019,2.3405,2.4743,2.2766,2.4646,-5.619599999999997,-7.895999999999988,2.2763999999999918,0.054199999999999804,2019-05-31,122,85,165,False
2019-01-30,2019,2.3346999999999998,2.4555000000000002,2.2717,2.4526,-5.073600000000019,-7.597799999999993,2.524199999999974,0.060099999999999376,2019-05-31,121,84,166,False
2019-01-31,2019,2.4121,2.5197,2.3416,2.5186,-4.519199999999987,-7.434000000000002,2.9148000000000147,0.06940000000000035,2019-05-31,120,83,167,False
2019-02-01,2019,2.4226,2.5274,2.367,2.5361000000000002,-4.4016,-7.1022000000000105,2.7006000000000103,0.06430000000000025,2019-05-31,119,82,168,False
2019-02-04,2019,2.4263,2.5339,2.3416,2.5145,-4.519200000000006,-7.261799999999993,2.742599999999987,0.06529999999999969,2019-05-31,116,81,169,False
2019-02-05,2019,2.3897,2.5088,2.3121,2.4876,-5.002199999999999,-7.3709999999999996,2.3688000000000002,0.056400000000000006,2019-05-31,115,80,170,False
2019-02-06,2019,2.3891,2.511,2.347,2.5171,-5.119800000000005,-7.144200000000006,2.024400000000001,0.04820000000000002,2019-05-31,114,79,171,False
2019-02-07,2019,2.434,2.5396,2.383,2.548,-4.4351999999999965,-6.9300000000000015,2.494800000000005,0.05940000000000012,2019-05-31,113,78,172,False
2019-02-08,2019,2.3962,2.5116,2.3615,2.5347,-4.846800000000007,-7.274400000000001,2.4275999999999938,0.05779999999999985,2019-05-31,112,77,173,False
2019-02-11,2019,2.4088,2.5353,2.4055,2.5787999999999998,-5.313000000000002,-7.278599999999991,1.9655999999999887,0.04679999999999973,2019-05-31,109,76,174,False
2019-02-12,2019,2.3808000000000002,2.5087,2.397,2.5636,-5.371799999999996,-6.997200000000013,1.6254000000000168,0.0387000000000004,2019-05-31,108,75,175,False
2019-02-13,2019,2.3468,2.4846,2.3694,2.5391,-5.787599999999997,-7.127399999999989,1.3397999999999923,0.03189999999999982,2019-05-31,107,74,176,False
2019-02-14,2019,2.343,2.4789,2.3768000000000002,2.5442,-5.707799999999996,-7.03079999999999,1.3229999999999942,0.03149999999999986,2019-05-31,106,73,177,False
2019-02-15,2019,2.3378,2.468,2.3885,2.548,-5.468399999999995,-6.698999999999999,1.2306000000000044,0.029300000000000104,2019-05-31,105,72,178,False
2019-02-19,2019,2.3575999999999997,2.4722999999999997,2.3938,2.5540000000000003,-4.817400000000001,-6.728400000000005,1.911000000000004,0.045500000000000096,2019-05-31,101,71,179,False
2019-02-20,2019,2.366,2.4757,2.3671,2.5399000000000003,-4.607399999999987,-7.257600000000003,2.650200000000016,0.06310000000000038,2019-05-31,100,70,180,False
2019-02-21,2019,2.3927,2.5122999999999998,2.3926,2.5795,-5.023199999999988,-7.849800000000003,2.826600000000015,0.06730000000000036,2019-05-31,99,69,181,False
2019-02-22,2019,2.3853999999999997,2.5057,2.3974,2.5757999999999996,-5.052600000000012,-7.492799999999977,2.4401999999999644,0.05809999999999915,2019-05-31,98,68,182,False
2019-02-25,2019,2.3605,2.4755000000000003,2.3907,2.5673000000000004,-4.830000000000009,-7.417200000000022,2.5872000000000135,0.06160000000000032,2019-05-31,95,67,183,False
2019-02-26,2019,2.3691,2.5177,2.3903,2.5812,-6.241200000000003,-8.017800000000003,1.7766000000000002,0.042300000000000004,2019-05-31,94,66,184,False
2019-02-27,2019,2.3844,2.5547,2.4371,2.6260000000000003,-7.152600000000005,-7.933800000000012,0.7812000000000072,0.018600000000000172,2019-05-31,93,65,185,False
2019-02-28,2019,2.3994,2.5637,2.4596,2.6386000000000003,-6.900599999999995,-7.518000000000011,0.6174000000000159,0.01470000000000038,2019-05-31,92,64,186,False
2019-03-01,2019,2.4552,2.6003,2.5074,2.6763999999999997,-6.094199999999991,-7.097999999999983,1.003799999999992,0.02389999999999981,2019-05-31,91,63,187,False
2019-03-04,2019,2.4238,2.5711,2.4741,2.642,-6.186599999999999,-7.051799999999997,0.865199999999998,0.02059999999999995,2019-05-31,88,62,188,False
2019-03-05,2019,2.4009,2.5501,2.4713,2.6401,-6.2664,-7.089600000000003,0.8232000000000026,0.019600000000000062,2019-05-31,87,61,189,False
2019-03-06,2019,2.3797,2.5332,2.4519,2.6261,-6.446999999999989,-7.316399999999996,0.8694000000000068,0.020700000000000163,2019-05-31,86,60,190,False
2019-03-07,2019,2.3315,2.4867,2.4001,2.5906000000000002,-6.518399999999991,-8.001000000000005,1.482600000000014,0.03530000000000033,2019-05-31,85,59,191,False
2019-03-08,2019,2.3358000000000003,2.4903,2.3876,2.5819,-6.488999999999985,-8.160600000000006,1.671600000000021,0.0398000000000005,2019-05-31,84,58,192,False
2019-03-11,2019,2.3139,2.478,2.374,2.5738,-6.892200000000015,-8.39159999999999,1.4993999999999748,0.0356999999999994,2019-05-31,81,57,193,False
2019-03-12,2019,2.3203,2.4611,2.3437,2.5288999999999997,-5.9136000000000015,-7.778399999999983,1.8647999999999811,0.04439999999999955,2019-05-31,80,56,194,False
2019-03-13,2019,2.311,2.4371,2.3209999999999997,2.5036,-5.296200000000004,-7.669200000000013,2.373000000000009,0.05650000000000022,2019-05-31,79,55,195,False
2019-03-14,2019,2.3649,2.4792,2.3733,2.5442,-4.800600000000003,-7.177800000000002,2.3771999999999993,0.056599999999999984,2019-05-31,78,54,196,False
2019-03-15,2019,2.306,2.4259,2.3298,2.4983,-5.035799999999996,-7.076999999999995,2.041199999999999,0.04859999999999998,2019-05-31,77,53,197,False
2019-03-18,2019,2.2631,2.3746,2.2815,2.4495,-4.682999999999997,-7.056000000000006,2.373000000000009,0.05650000000000022,2019-05-31,74,52,198,False
2019-03-19,2019,2.2422999999999997,2.3606,2.2784,2.4462,-4.968600000000003,-7.047600000000007,2.079000000000004,0.0495000000000001,2019-05-31,73,51,199,False
2019-03-20,2019,2.2474000000000003,2.3787000000000003,2.2887,2.4694,-5.514599999999999,-7.589399999999994,2.0747999999999953,0.04939999999999989,2019-05-31,72,50,200,False
2019-03-21,2019,2.2608,2.3841,2.2935,2.4715000000000003,-5.1785999999999985,-7.476000000000016,2.2974000000000174,0.054700000000000415,2019-05-31,71,49,201,False
2019-03-22,2019,2.2828999999999997,2.4021,2.303,2.4778000000000002,-5.006400000000008,-7.341600000000012,2.335200000000004,0.055600000000000094,2019-05-31,70,48,202,False
2019-03-25,2019,2.287,2.4181,2.3197,2.5034,-5.5062,-7.715399999999999,2.209199999999999,0.05259999999999998,2019-05-31,67,47,203,False
2019-03-26,2019,2.2824,2.4165,2.3066999999999998,2.4947,-5.6322000000000045,-7.896000000000007,2.2638000000000025,0.05390000000000006,2019-05-31,66,46,204,False
2019-03-27,2019,2.3135,2.4257,2.3262,2.5014,-4.712400000000003,-7.358399999999992,2.6459999999999884,0.06299999999999972,2019-05-31,65,45,205,False
2019-03-28,2019,2.3203,2.4451,2.3413,2.5168,-5.241600000000001,-7.3709999999999996,2.1293999999999986,0.05069999999999997,2019-05-31,64,44,206,False
2019-03-29,2019,2.3352,2.4568,2.3594999999999997,2.5234,-5.107199999999997,-6.883800000000016,1.7766000000000188,0.04230000000000045,2019-05-31,63,43,207,False
2019-04-01,2019,2.276,2.405,2.2963,2.4638999999999998,-5.418,-7.0391999999999895,1.6211999999999893,0.038599999999999746,2019-05-31,60,42,208,False
2019-04-02,2019,2.2702,2.4002,2.2898,2.4602,-5.4599999999999955,-7.156799999999995,1.6967999999999996,0.04039999999999999,2019-05-31,59,41,209,False
2019-04-03,2019,2.2577000000000003,2.397,2.2777000000000003,2.4546,-5.8505999999999805,-7.429799999999993,1.5792000000000126,0.0376000000000003,2019-05-31,58,40,210,False
2019-04-04,2019,2.285,2.4092,2.2834,2.4624,-5.216399999999985,-7.518000000000011,2.3016000000000263,0.054800000000000626,2019-05-31,57,39,211,False
2019-04-05,2019,2.3022,2.4348,2.3058,2.4837000000000002,-5.569200000000002,-7.471800000000007,1.902600000000005,0.04530000000000012,2019-05-31,56,38,212,False
2019-04-08,2019,2.2544,2.4126,2.2817,2.4669,-6.644399999999996,-7.778400000000001,1.1340000000000057,0.027000000000000135,2019-05-31,53,37,213,False
2019-04-09,2019,2.3416,2.4642,2.3481,2.528,-5.1491999999999924,-7.555799999999998,2.4066000000000054,0.05730000000000013,2019-05-31,52,36,214,False
2019-04-10,2019,2.3579,2.4757,2.3637,2.5428,-4.947599999999996,-7.5222000000000016,2.5746000000000056,0.06130000000000013,2019-05-31,51,35,215,False
2019-04-11,2019,2.3524000000000003,2.4743,2.3427000000000002,2.5166999999999997,-5.119799999999986,-7.3079999999999785,2.188199999999992,0.05209999999999981,2019-05-31,50,34,216,False
2019-04-12,2019,2.3952,2.5196,2.3851,2.5599000000000003,-5.224800000000003,-7.341600000000012,2.1168000000000093,0.05040000000000022,2019-05-31,49,33,217,False
2019-04-15,2019,2.4372,2.5724,2.4358,2.6127999999999996,-5.678400000000009,-7.433999999999983,1.7555999999999745,0.04179999999999939,2019-05-31,46,32,218,False
2019-04-16,2019,2.3643,2.5161000000000002,2.3666,2.5418000000000003,-6.375600000000007,-7.35840000000001,0.9828000000000037,0.023400000000000087,2019-05-31,45,31,219,False
2019-04-17,2019,2.3665000000000003,2.5082,2.3447,2.5159000000000002,-5.951399999999988,-7.19040000000001,1.239000000000022,0.029500000000000526,2019-05-31,44,30,220,False
2019-04-18,2019,2.37,2.4985,2.3478,2.5019,-5.396999999999993,-6.472200000000005,1.0752000000000121,0.02560000000000029,2019-05-31,43,29,221,False
2019-04-22,2019,2.3188,2.468,2.3251,2.4844,-6.2664,-6.6906,0.4241999999999999,0.010099999999999998,2019-05-31,39,28,222,False
2019-04-23,2019,2.314,2.4612,2.3295,2.4984,-6.182399999999991,-7.093800000000011,0.9114000000000209,0.021700000000000497,2019-05-31,38,27,223,False
2019-04-24,2019,2.3068,2.4386,2.2933000000000003,2.4628,-5.535600000000006,-7.11899999999999,1.5833999999999842,0.03769999999999962,2019-05-31,37,26,224,False
2019-04-25,2019,2.2414,2.3727,2.2134,2.3842,-5.514599999999999,-7.173599999999993,1.6589999999999945,0.03949999999999987,2019-05-31,36,25,225,False
2019-04-26,2019,2.2843999999999998,2.4078999999999997,2.2538,2.4136,-5.186999999999998,-6.711600000000007,1.5246000000000093,0.03630000000000022,2019-05-31,35,24,226,False
2019-04-29,2019,2.2454,2.3622,2.2029,2.3645,-4.905600000000001,-6.787199999999999,1.881599999999998,0.04479999999999995,2019-05-31,32,23,227,False
2019-04-30,2019,2.2186000000000003,2.3434,2.1851,2.3404,-5.241599999999982,-6.5226,1.2810000000000175,0.030500000000000416,2019-05-31,31,22,228,False
2019-05-01,2019,2.1932,2.3295,2.1630000000000003,2.3247,-5.724599999999994,-6.791399999999989,1.0667999999999944,0.025399999999999867,2019-05-31,30,21,229,False
2019-05-02,2019,2.2266,2.3526,2.1744,2.3371,-5.291999999999995,-6.833400000000003,1.5414000000000074,0.03670000000000018,2019-05-31,29,20,230,False
2019-05-03,2019,2.2761,2.3993,2.2196000000000002,2.3788,-5.174400000000008,-6.686399999999991,1.5119999999999827,0.03599999999999959,2019-05-31,28,19,231,False
2019-05-06,2019,2.3039,2.4112,2.2443,2.3968000000000003,-4.506599999999998,-6.405000000000013,1.8984000000000147,0.04520000000000035,2019-05-31,25,18,232,False
2019-05-07,2019,2.247,2.3763,2.2266999999999997,2.385,-5.430600000000008,-6.6486000000000045,1.2179999999999964,0.028999999999999915,2019-05-31,24,17,233,False
2019-05-08,2019,2.2353,2.3617,2.2177000000000002,2.3752,-5.3087999999999935,-6.6149999999999896,1.306199999999996,0.031099999999999905,2019-05-31,23,16,234,False
2019-05-09,2019,2.1874000000000002,2.3082,2.1525,2.3084000000000002,-5.073599999999982,-6.547800000000016,1.4742000000000335,0.0351000000000008,2019-05-31,22,15,235,False
2019-05-10,2019,2.1619,2.2862999999999998,2.1241,2.2799,-5.224799999999984,-6.543600000000007,1.3188000000000226,0.03140000000000054,2019-05-31,21,14,236,False
2019-05-13,2019,2.1697,2.3004,2.1342,2.2968,-5.489399999999983,-6.829200000000013,1.3398000000000296,0.031900000000000706,2019-05-31,18,13,237,False
2019-05-14,2019,2.1374,2.2698,2.1103,2.2748,-5.560800000000003,-6.9089999999999945,1.3481999999999914,0.032099999999999795,2019-05-31,17,12,238,False
2019-05-15,2019,2.1391999999999998,2.2507,2.0935,2.2587,-4.683000000000016,-6.938400000000001,2.2553999999999848,0.05369999999999964,2019-05-31,16,11,239,False
2019-05-16,2019,2.1071,2.19,2.0456,2.2135,-3.481799999999999,-7.051799999999997,3.5699999999999985,0.08499999999999996,2019-05-31,15,10,240,False
2019-05-17,2019,2.1199,2.1851,2.0515,2.2217,-2.738399999999997,-7.148399999999996,4.409999999999999,0.10499999999999998,2019-05-31,14,9,241,False
2019-05-20,2019,2.1521,2.2124,2.0956,2.2559,-2.53260000000001,-6.732599999999995,4.199999999999985,0.09999999999999964,2019-05-31,11,8,242,False
2019-05-21,2019,2.1637,2.2098,2.068,2.2308000000000003,-1.9362000000000013,-6.837600000000012,4.90140000000001,0.11670000000000025,2019-05-31,10,7,243,False
2019-05-22,2019,2.1419,2.1708000000000003,2.045,2.1977,-1.2138000000000062,-6.413400000000012,5.1996000000000056,0.12380000000000013,2019-05-31,9,6,244,False
2019-05-23,2019,2.145,2.1700999999999997,2.0421,2.1978,-1.0541999999999865,-6.539399999999998,5.485200000000011,0.13060000000000027,2019-05-31,8,5,245,False
2019-05-24,2019,2.1313999999999997,2.1781,2.0608,2.2229,-1.9614000000000171,-6.808200000000006,4.8467999999999885,0.11539999999999973,2019-05-31,7,4,246,False
2019-05-28,2019,2.1138999999999997,2.1388,2.033,2.1892,-1.045800000000006,-6.560400000000005,5.514599999999999,0.13129999999999997,2019-05-31,3,3,247,False
2019-05-29,2019,2.0421,2.0772,1.9804,2.1375,-1.4741999999999962,-6.59820000000001,5.124000000000014,0.12200000000000033,2019-05-31,2,2,248,False
2019-05-30,2019,2.0164,2.0531,1.9313,2.0864,-1.5414000000000074,-6.514199999999992,4.972799999999984,0.11839999999999963,2019-05-31,1,1,249,False
2019-05-31,2019,1.9768000000000001,2.0267,1.9128,2.0645,-2.095799999999993,-6.371399999999989,4.275599999999995,0.10179999999999989,2019-05-31,0,0,250,False
2019-06-03,2020,2.0675,2.0731,2.0276,2.1519,-0.2352000000000114,-5.220599999999994,4.9853999999999825,0.11869999999999958,2020-05-29,361,250,0,False
2019-06-04,2020,2.0622,2.0805000000000002,2.0208,2.1541,-0.7686000000000179,-5.598600000000008,4.82999999999999,0.11499999999999977,2020-05-29,360,249,1,False
2019-06-05,2020,2.0778,2.0934,2.04,2.1664,-0.6552000000000024,-5.3087999999999935,4.653599999999991,0.11079999999999979,2020-05-29,359,248,2,False
2019-06-06,2020,2.048,2.0645,2.0357,2.1616999999999997,-0.692999999999989,-5.291999999999995,4.599000000000006,0.10950000000000015,2020-05-29,358,247,3,False
2019-06-07,2020,2.0296000000000003,2.0541,2.0412,2.157,-1.0289999999999893,-4.863600000000005,3.834600000000016,0.09130000000000038,2020-05-29,357,246,4,False
2019-06-10,2020,2.0669,2.082,2.0716,2.1851,-0.6341999999999954,-4.766999999999988,4.1327999999999925,0.09839999999999982,2020-05-29,354,245,5,False
2019-06-11,2020,2.0721000000000003,2.0897,2.0906000000000002,2.2072,-0.7391999999999932,-4.897199999999983,4.15799999999999,0.09899999999999975,2020-05-29,353,244,6,False
2019-06-12,2020,2.0887000000000002,2.0991,2.085,2.2027,-0.4367999999999892,-4.943400000000006,4.506600000000017,0.1073000000000004,2020-05-29,352,243,7,False
2019-06-13,2020,2.1104,2.0931,2.0843000000000003,2.2149,0.7265999999999853,-5.485199999999993,6.211799999999978,0.14789999999999948,2020-05-29,351,242,8,False
2019-06-14,2020,2.1537,2.1273,2.1333,2.2531,1.1088000000000084,-5.031599999999987,6.140399999999995,0.14619999999999989,2020-05-29,350,241,9,False
2019-06-17,2020,2.1557,2.1409000000000002,2.1155,2.2476,0.6215999999999875,-5.548199999999995,6.169799999999983,0.1468999999999996,2020-05-29,347,240,10,False
2019-06-18,2020,2.1528,2.1134,2.0878,2.2126,1.6548000000000043,-5.241600000000001,6.896400000000005,0.16420000000000012,2020-05-29,346,239,11,False
2019-06-19,2020,2.1439,2.1069,2.0927000000000002,2.2176,1.5539999999999967,-5.245799999999991,6.799799999999988,0.1618999999999997,2020-05-29,345,238,12,False
2019-06-20,2020,2.1504,2.1336,2.1019,2.2381,0.7055999999999969,-5.720400000000004,6.426000000000001,0.15300000000000002,2020-05-29,344,237,13,False
2019-06-21,2020,2.1184,2.1005000000000003,2.0635,2.2062,0.7517999999999825,-5.993400000000002,6.7451999999999845,0.16059999999999963,2020-05-29,343,236,14,False
2019-06-24,2020,2.0646,2.0511,2.0063,2.147,0.5670000000000028,-5.909399999999993,6.4763999999999955,0.1541999999999999,2020-05-29,340,235,15,False
2019-06-25,2020,2.0325,2.0249,1.9633,2.1016999999999997,0.31920000000000215,-5.812799999999985,6.131999999999987,0.14599999999999969,2020-05-29,339,234,16,False
2019-06-26,2020,1.9687999999999999,1.9828000000000001,1.9028,2.043,-0.5880000000000098,-5.888400000000004,5.3003999999999944,0.12619999999999987,2020-05-29,338,233,17,False
2019-06-27,2020,1.9623,1.9733,1.8832,2.03,-0.4620000000000051,-6.165599999999992,5.703599999999987,0.1357999999999997,2020-05-29,337,232,18,False
2019-06-28,2020,2.0203,2.0159000000000002,1.9257,2.0654,0.1847999999999983,-5.867399999999997,6.052199999999996,0.1440999999999999,2020-05-29,336,231,19,False
2019-07-01,2020,2.0033000000000003,2.0116,1.9041,2.0526,-0.3485999999999896,-6.237000000000004,5.888400000000014,0.14020000000000032,2020-05-29,333,230,20,False
2019-07-02,2020,1.9369999999999998,1.9685,1.8784,2.026,-1.3230000000000035,-6.199199999999989,4.876199999999985,0.11609999999999963,2020-05-29,332,229,21,False
2019-07-03,2020,1.9183000000000001,1.9572999999999998,1.8738,2.0288,-1.6379999999999875,-6.510000000000002,4.872000000000014,0.11600000000000034,2020-05-29,331,228,22,False
2019-07-05,2020,1.9531999999999998,1.9677,1.8606,2.0147,-0.6090000000000075,-6.4721999999999955,5.863199999999988,0.13959999999999972,2020-05-29,329,227,23,False
2019-07-08,2020,1.9197,1.9387,1.8377000000000001,1.9872999999999998,-0.7980000000000054,-6.283199999999988,5.485199999999983,0.1305999999999996,2020-05-29,326,226,24,False
2019-07-09,2020,1.9265999999999999,1.9618,1.8576,2.0112,-1.478400000000005,-6.451200000000007,4.972800000000002,0.11840000000000005,2020-05-29,325,225,25,False
2019-07-10,2020,1.9603,2.0067,1.9052,2.0628,-1.9487999999999999,-6.619200000000008,4.670400000000008,0.11120000000000019,2020-05-29,324,224,26,False
2019-07-11,2020,1.9447999999999999,2.0121,1.9088999999999998,2.0744,-2.826600000000015,-6.950999999999999,4.124399999999984,0.09819999999999961,2020-05-29,323,223,27,False
2019-07-12,2020,1.8999000000000001,1.9969,1.9036000000000002,2.0726,-4.073999999999989,-7.097999999999992,3.0240000000000027,0.07200000000000006,2020-05-29,322,222,28,False
2019-07-15,2020,1.8936000000000002,1.9694999999999998,1.8712,2.0379,-3.1877999999999846,-7.001400000000003,3.8136000000000183,0.09080000000000044,2020-05-29,319,221,29,False
2019-07-16,2020,1.8971,1.9579,1.8622,2.0334,-2.5535999999999985,-7.1903999999999915,4.636799999999993,0.11039999999999983,2020-05-29,318,220,30,False
2019-07-17,2020,1.8347,1.9277000000000002,1.8126,1.999,-3.906000000000008,-7.828800000000005,3.9227999999999965,0.09339999999999991,2020-05-29,317,219,31,False
2019-07-18,2020,1.8315000000000001,1.9254,1.7946,1.9827000000000001,-3.9437999999999946,-7.900200000000007,3.9564000000000124,0.0942000000000003,2020-05-29,316,218,32,False
2019-07-19,2020,1.8657,1.9475,1.8333000000000002,2.0114,-3.435600000000004,-7.480199999999996,4.044599999999992,0.0962999999999998,2020-05-29,315,217,33,False
2019-07-22,2020,1.8316,1.9083,1.7981,1.9716999999999998,-3.221400000000009,-7.291199999999989,4.06979999999998,0.09689999999999953,2020-05-29,312,216,34,False
2019-07-23,2020,1.801,1.8722,1.7677,1.9357,-2.9904000000000064,-7.055999999999997,4.065599999999991,0.09679999999999979,2020-05-29,311,215,35,False
2019-07-24,2020,1.8447,1.9038,1.8002,1.9676,-2.482199999999997,-7.030799999999999,4.548600000000002,0.10830000000000005,2020-05-29,310,214,36,False
2019-07-25,2020,1.9203000000000001,1.9682,1.8711000000000002,2.0335,-2.011799999999993,-6.820799999999995,4.809000000000002,0.11450000000000005,2020-05-29,309,213,37,False
2019-07-26,2020,1.9153,1.9699,1.8575,2.0244,-2.2931999999999992,-7.009800000000002,4.716600000000003,0.11230000000000008,2020-05-29,308,212,38,False
2019-07-29,2020,1.9259,2.0074,1.8981000000000001,2.07,-3.4230000000000054,-7.219799999999989,3.7967999999999833,0.0903999999999996,2020-05-29,305,211,39,False
2019-07-30,2020,1.9003,2.006,1.9003,2.0747,-4.439399999999987,-7.324799999999995,2.8854000000000086,0.0687000000000002,2020-05-29,304,210,40,False
2019-07-31,2020,1.9116,1.9953999999999998,1.8991999999999998,2.0652,-3.5195999999999947,-6.972000000000007,3.452400000000012,0.08220000000000029,2020-05-29,303,209,41,False
2019-08-01,2020,1.8786,1.9635,1.8506,2.0169,-3.565799999999999,-6.984600000000005,3.418800000000006,0.08140000000000014,2020-05-29,302,208,42,False
2019-08-02,2020,1.8822,1.9706000000000001,1.8573,2.0326,-3.7128000000000014,-7.3626000000000005,3.649799999999999,0.08689999999999998,2020-05-29,301,207,43,False
2019-08-05,2020,1.8703,1.9594999999999998,1.8363,2.0203,-3.7463999999999884,-7.728000000000007,3.9816000000000185,0.09480000000000044,2020-05-29,298,206,44,False
2019-08-06,2020,1.8061,1.9063999999999999,1.7934999999999999,1.9775,-4.212599999999993,-7.728000000000007,3.515400000000014,0.08370000000000033,2020-05-29,297,205,45,False
2019-08-07,2020,1.8133000000000001,1.9194,1.8055,1.9894,-4.456199999999994,-7.723799999999998,3.2676000000000043,0.0778000000000001,2020-05-29,296,204,46,False
2019-08-08,2020,1.8143,1.9216,1.7713999999999999,1.9576,-4.506599999999998,-7.8204000000000065,3.3138000000000085,0.0789000000000002,2020-05-29,295,203,47,False
2019-08-09,2020,1.8292,1.9423,1.7923,1.9837,-4.7501999999999995,-8.0388,3.2886000000000006,0.07830000000000001,2020-05-29,294,202,48,False
2019-08-12,2020,1.8486000000000002,1.9398,1.796,1.9843000000000002,-3.8303999999999885,-7.908600000000005,4.078200000000017,0.0971000000000004,2020-05-29,291,201,49,False
2019-08-13,2020,1.8518000000000001,1.913,1.7746000000000002,1.9594999999999998,-2.5703999999999967,-7.7657999999999845,5.195399999999988,0.12369999999999971,2020-05-29,290,200,50,False
2019-08-14,2020,1.839,1.892,1.7416,1.9308,-2.2259999999999973,-7.9464000000000015,5.720400000000004,0.1362000000000001,2020-05-29,289,199,51,False
2019-08-15,2020,1.8862,1.9243999999999999,1.8027000000000002,1.9867,-1.6043999999999912,-7.727999999999988,6.123599999999997,0.14579999999999993,2020-05-29,288,198,52,False
2019-08-16,2020,1.9213999999999998,1.9535,1.8369,2.0242,-1.34820000000001,-7.866600000000001,6.518399999999991,0.15519999999999978,2020-05-29,287,197,53,False
2019-08-19,2020,2.0015,2.0227,1.9236000000000002,2.1068000000000002,-0.8903999999999952,-7.694400000000002,6.8040000000000065,0.16200000000000014,2020-05-29,284,196,54,False
2019-08-20,2020,1.9255000000000002,1.9738,1.8672,2.0564,-2.028599999999991,-7.9464000000000015,5.91780000000001,0.14090000000000025,2020-05-29,283,195,55,False
2019-08-21,2020,1.9175,1.9703,1.8674000000000002,2.0641,-2.2175999999999982,-8.261399999999986,6.043799999999988,0.1438999999999997,2020-05-29,282,194,56,False
2019-08-22,2020,1.9084999999999999,1.9826,1.8725999999999998,2.0737,-3.1122000000000023,-8.446200000000012,5.334000000000009,0.12700000000000022,2020-05-29,281,193,57,False
2019-08-23,2020,1.8675,1.9672999999999998,1.8507,2.0545,-4.191599999999996,-8.5596,4.368000000000004,0.10400000000000009,2020-05-29,280,192,58,False
2019-08-26,2020,1.8880000000000001,1.9636000000000002,1.8559,2.0632,-3.1752000000000047,-8.706600000000002,5.531399999999997,0.13169999999999993,2020-05-29,277,191,59,False
2019-08-27,2020,1.8779,1.9385,1.8393000000000002,2.0443000000000002,-2.5451999999999995,-8.610000000000003,6.0648000000000035,0.14440000000000008,2020-05-29,276,190,60,False
2019-08-28,2020,1.8863999999999999,1.9315,1.8253,2.0313,-1.8942000000000059,-8.651999999999997,6.757799999999992,0.1608999999999998,2020-05-29,275,189,61,False
2019-08-29,2020,1.8319,1.8707,1.7609000000000001,1.9702000000000002,-1.6295999999999977,-8.790600000000001,7.161000000000003,0.17050000000000007,2020-05-29,274,188,62,False
2019-08-30,2020,1.9078,1.9169,1.8107,2.016,-0.38220000000000454,-8.622600000000002,8.240399999999998,0.19619999999999993,2020-05-29,273,187,63,False
2019-09-03,2020,1.9039,1.9019,1.8013,2.0058000000000002,0.08400000000000007,-8.589000000000015,8.673000000000014,0.20650000000000035,2020-05-29,269,186,64,False
2019-09-04,2020,1.9034,1.9091,1.825,2.0248,-0.2394000000000016,-8.391599999999999,8.152199999999997,0.19409999999999994,2020-05-29,268,185,65,False
2019-09-05,2020,1.9283000000000001,1.9453,1.8431,2.0450999999999997,-0.713999999999996,-8.48399999999999,7.769999999999993,0.18499999999999983,2020-05-29,267,184,66,False
2019-09-06,2020,1.9098,1.9284999999999999,1.8254,2.025,-0.7853999999999974,-8.3832,7.597800000000003,0.18090000000000006,2020-05-29,266,183,67,False
2019-09-09,2020,1.9111000000000002,1.9274,1.8056,2.0092,-0.6845999999999899,-8.55119999999999,7.866600000000001,0.18730000000000002,2020-05-29,263,182,68,False
2019-09-10,2020,1.9093,1.9509,1.8156,2.0209,-1.7472000000000034,-8.622600000000002,6.875399999999999,0.16369999999999998,2020-05-29,262,181,69,False
2019-09-11,2020,1.9132,1.9557,1.8200999999999998,2.0284999999999997,-1.7849999999999993,-8.752799999999997,6.967799999999998,0.16589999999999994,2020-05-29,261,180,70,False
2019-09-12,2020,1.9054,1.9476,1.8194,2.023,-1.7724000000000006,-8.551200000000009,6.7788000000000075,0.16140000000000018,2020-05-29,260,179,71,False
2019-09-13,2020,1.9353,1.9735,1.8381,2.0397,-1.6044000000000005,-8.467199999999991,6.862799999999991,0.1633999999999998,2020-05-29,259,178,72,False
2019-09-16,2020,1.9499000000000002,2.0088999999999997,1.882,2.0686,-2.477999999999979,-7.837200000000005,5.359200000000026,0.12760000000000063,2020-05-29,256,177,73,False
2019-09-17,2020,1.9396,2.0188,1.8869,2.073,-3.3264000000000067,-7.816199999999997,4.48979999999999,0.10689999999999976,2020-05-29,255,176,74,False
2019-09-18,2020,1.9563,2.0343,1.9088999999999998,2.079,-3.276000000000003,-7.144200000000016,3.8682000000000127,0.0921000000000003,2020-05-29,254,175,75,False
2019-09-19,2020,1.9198,2.0144,1.8886,2.0625,-3.97320000000001,-7.303799999999997,3.330599999999987,0.07929999999999969,2020-05-29,253,174,76,False
2019-09-20,2020,1.9042,2.0067,1.8609,2.0386,-4.3050000000000015,-7.463400000000008,3.1584000000000065,0.07520000000000016,2020-05-29,252,173,77,False
2019-09-23,2020,1.9361000000000002,2.0129,1.8840000000000001,2.0540000000000003,-3.225599999999999,-7.140000000000006,3.9144000000000068,0.09320000000000016,2020-05-29,249,172,78,False
2019-09-24,2020,1.9485,2.0173,1.8972,2.0647,-2.889600000000008,-7.035000000000009,4.1454,0.09870000000000001,2020-05-29,248,171,79,False
2019-09-25,2020,1.9867,2.0141999999999998,1.8875,2.0572999999999997,-1.154999999999994,-7.131599999999988,5.976599999999994,0.14229999999999987,2020-05-29,247,170,80,False
2019-09-26,2020,1.9671,1.9950999999999999,1.8757,2.0418000000000003,-1.1759999999999917,-6.976200000000015,5.800200000000023,0.13810000000000056,2020-05-29,246,169,81,False
2019-09-27,2020,1.99,1.9856,1.8662,2.028,0.1847999999999983,-6.795599999999998,6.980399999999996,0.1661999999999999,2020-05-29,245,168,82,False
2019-09-30,2020,1.9797,2.0004,1.8743,2.031,-0.8693999999999975,-6.581400000000002,5.712000000000005,0.13600000000000012,2020-05-29,242,167,83,False
2019-10-01,2020,1.9886000000000001,2.0331,1.8969999999999998,2.057,-1.8689999999999993,-6.720000000000006,4.851000000000006,0.11550000000000014,2020-05-29,241,166,84,False
2019-10-02,2020,2.0461,2.0803,1.9272999999999998,2.0937,-1.436399999999991,-6.988800000000014,5.552400000000023,0.13220000000000054,2020-05-29,240,165,85,False
2019-10-03,2020,2.0372,2.0994,1.9568,2.1184,-2.6124000000000107,-6.78719999999999,4.174799999999979,0.0993999999999995,2020-05-29,239,164,86,False
2019-10-04,2020,2.0873,2.1309,1.9782,2.1383,-1.8312000000000035,-6.724200000000005,4.893000000000002,0.11650000000000003,2020-05-29,238,163,87,False
2019-10-07,2020,2.0879,2.1401,1.9737,2.1394,-2.192400000000001,-6.959400000000008,4.767000000000007,0.11350000000000016,2020-05-29,235,162,88,False
2019-10-08,2020,2.0991999999999997,2.1586000000000003,1.9990999999999999,2.1651,-2.4948000000000237,-6.971999999999997,4.477199999999973,0.10659999999999936,2020-05-29,234,161,89,False
2019-10-09,2020,2.0581,2.1275999999999997,1.9652,2.1378,-2.9189999999999863,-7.249199999999995,4.3302000000000085,0.1031000000000002,2020-05-29,233,160,90,False
2019-10-10,2020,2.0328,2.1166,1.9627000000000001,2.1414,-3.519600000000004,-7.5053999999999945,3.9857999999999905,0.09489999999999978,2020-05-29,232,159,91,False
2019-10-11,2020,2.0532,2.1224000000000003,1.9738999999999998,2.1419,-2.9064000000000156,-7.056000000000015,4.1495999999999995,0.09879999999999999,2020-05-29,231,158,92,False
2019-10-14,2020,2.0413,2.1327000000000003,1.9685,2.1372999999999998,-3.838800000000006,-7.089599999999994,3.2507999999999875,0.0773999999999997,2020-05-29,228,157,93,False
2019-10-15,2020,2.0125,2.1115,1.9324000000000001,2.114,-4.15799999999999,-7.6271999999999895,3.4692,0.08259999999999999,2020-05-29,227,156,94,False
2019-10-16,2020,2.0266,2.1038,1.9175,2.0913999999999997,-3.2423999999999973,-7.303799999999988,4.061399999999991,0.09669999999999979,2020-05-29,226,155,95,False
2019-10-17,2020,2.0629,2.1035,1.9328999999999998,2.1094999999999997,-1.7051999999999987,-7.417199999999994,5.711999999999995,0.1359999999999999,2020-05-29,225,154,96,False
2019-10-18,2020,2.0528999999999997,2.1187,1.9446,2.126,-2.7636000000000127,-7.618799999999991,4.855199999999979,0.1155999999999995,2020-05-29,224,153,97,False
2019-10-21,2020,2.0598,2.1083000000000003,1.9418,2.1176,-2.037000000000009,-7.383599999999998,5.346599999999989,0.12729999999999975,2020-05-29,221,152,98,False
2019-10-22,2020,2.1135,2.1659,1.9975999999999998,2.1856,-2.2008,-7.896000000000007,5.695200000000007,0.13560000000000016,2020-05-29,220,151,99,False
2019-10-23,2020,2.124,2.1864,2.0322,2.2176,-2.620799999999991,-7.7868,5.166000000000009,0.12300000000000022,2020-05-29,219,150,100,False
2019-10-24,2020,2.1068000000000002,2.1597,1.9866,2.1729,-2.2217999999999885,-7.824599999999997,5.602800000000008,0.13340000000000019,2020-05-29,218,149,101,False
2019-10-25,2020,2.1315,2.1784,2.0004,2.1902,-1.9697999999999976,-7.971599999999999,6.001800000000001,0.14290000000000003,2020-05-29,217,148,102,False
2019-10-28,2020,2.0166999999999997,2.1021,1.9241,2.1117,-3.5868000000000153,-7.879199999999999,4.292399999999984,0.10219999999999961,2020-05-29,214,147,103,False
2019-10-29,2020,2.0456,2.1431999999999998,1.9758000000000002,2.1671,-4.099199999999996,-8.034599999999992,3.935399999999996,0.09369999999999991,2020-05-29,213,146,104,False
2019-10-30,2020,2.0961000000000003,2.1745,1.9845,2.1699,-3.2927999999999917,-7.78680000000001,4.494000000000018,0.10700000000000044,2020-05-29,212,145,105,False
2019-10-31,2020,2.1279,2.1902,1.9897,2.1822999999999997,-2.616600000000001,-8.089199999999986,5.472599999999985,0.13029999999999964,2020-05-29,211,144,106,False
2019-11-01,2020,2.08,2.1649000000000003,1.95,2.1528,-3.5658000000000083,-8.517600000000003,4.951799999999995,0.11789999999999988,2020-05-29,210,143,107,False
2019-11-04,2020,2.0772999999999997,2.1395,1.9409,2.1402,-2.6124000000000107,-8.370600000000001,5.758199999999991,0.13709999999999978,2020-05-29,207,142,108,False
2019-11-05,2020,2.083,2.1337,1.9553,2.1515,-2.1293999999999986,-8.240399999999998,6.110999999999999,0.14549999999999996,2020-05-29,206,141,109,False
2019-11-06,2020,2.1751,2.2276,2.0382,2.2403999999999997,-2.2049999999999903,-8.492399999999996,6.287400000000006,0.14970000000000014,2020-05-29,205,140,110,False
2019-11-07,2020,2.2037999999999998,2.2513,2.0562,2.2613,-1.9950000000000134,-8.614199999999993,6.61919999999998,0.15759999999999952,2020-05-29,204,139,111,False
2019-11-08,2020,2.1862,2.2534,2.0531,2.2677,-2.8224000000000062,-9.013199999999996,6.19079999999999,0.14739999999999975,2020-05-29,203,138,112,False
2019-11-11,2020,2.2231,2.2755,2.0822,2.2846,-2.2008,-8.500800000000016,6.300000000000016,0.15000000000000038,2020-05-29,200,137,113,False
2019-11-12,2020,2.2315,2.2788,2.0845,2.2835,-1.9865999999999957,-8.358000000000011,6.3714000000000155,0.15170000000000036,2020-05-29,199,136,114,False
2019-11-13,2020,2.2069,2.278,2.0719,2.2768,-2.9861999999999975,-8.605800000000013,5.619600000000015,0.13380000000000036,2020-05-29,198,135,115,False
2019-11-14,2020,2.2721,2.311,2.1085,2.3076,-1.6337999999999973,-8.362200000000001,6.728400000000004,0.1602000000000001,2020-05-29,197,134,116,False
2019-11-15,2020,2.2784999999999997,2.311,2.0952,2.2977000000000003,-1.3650000000000082,-8.505000000000006,7.139999999999998,0.16999999999999996,2020-05-29,196,133,117,False
2019-11-18,2020,2.2747,2.2794,2.0747,2.2711,-0.19739999999998759,-8.248800000000006,8.051400000000019,0.19170000000000045,2020-05-29,193,132,118,False
2019-11-19,2020,2.2388999999999997,2.2711,2.0739,2.2733000000000003,-1.352400000000019,-8.374800000000011,7.022399999999992,0.16719999999999982,2020-05-29,192,131,119,False
2019-11-20,2020,2.2506,2.2640000000000002,2.077,2.2614,-0.5628000000000126,-7.744800000000005,7.181999999999992,0.17099999999999982,2020-05-29,191,130,120,False
2019-11-21,2020,2.2438,2.2477,2.0585,2.2441,-0.16380000000000994,-7.7951999999999995,7.6313999999999895,0.18169999999999975,2020-05-29,190,129,121,False
2019-11-22,2020,2.2838,2.2525999999999997,2.0622,2.2425,1.310400000000005,-7.572600000000015,8.88300000000002,0.2115000000000005,2020-05-29,189,128,122,False
2019-11-25,2020,2.2763999999999998,2.2235,2.0288999999999997,2.2048,2.2217999999999885,-7.387800000000016,9.609600000000004,0.2288000000000001,2020-05-29,186,127,123,False
2019-11-26,2020,2.2828999999999997,2.2132,2.0119,2.1805000000000003,2.9273999999999853,-7.081200000000022,10.008600000000008,0.2383000000000002,2020-05-29,185,126,124,False
2019-11-27,2020,2.2651,2.2116,2.0024,2.1797,2.2470000000000043,-7.446599999999991,9.693599999999996,0.23079999999999992,2020-05-29,184,125,125,False
2019-11-29,2020,2.2305,2.1662,1.9437,2.1211,2.7006000000000103,-7.45080000000001,10.15140000000002,0.24170000000000047,2020-05-29,182,124,126,False
2019-12-02,2020,2.233,2.1428,1.9358000000000002,2.1081,3.7884000000000118,-7.236599999999987,11.024999999999999,0.26249999999999996,2020-05-29,179,123,127,False
2019-12-03,2020,2.2612,2.1627,1.9544,2.1237,4.137000000000001,-7.1106,11.247600000000002,0.26780000000000004,2020-05-29,178,122,128,False
2019-12-04,2020,2.2293000000000003,2.1404,1.922,2.0901,3.7338000000000084,-7.060200000000005,10.794000000000015,0.25700000000000034,2020-05-29,177,121,129,False
2019-12-05,2020,2.1957,2.1201,1.8969999999999998,2.0686,3.1752000000000047,-7.207200000000008,10.382400000000013,0.2472000000000003,2020-05-29,176,120,130,False
2019-12-06,2020,2.1864,2.0766999999999998,1.8736000000000002,2.0345,4.6074000000000055,-6.7577999999999925,11.365199999999998,0.27059999999999995,2020-05-29,175,119,131,False
2019-12-09,2020,2.1734,2.056,1.8595,2.0094,4.930799999999998,-6.295799999999996,11.226599999999994,0.26729999999999987,2020-05-29,172,118,132,False
2019-12-10,2020,2.1814,2.0774,1.8697,2.0246,4.368000000000004,-6.505800000000002,10.873800000000006,0.25890000000000013,2020-05-29,171,117,133,False
2019-12-11,2020,2.2296,2.1206,1.942,2.0885,4.577999999999999,-6.152999999999993,10.730999999999993,0.25549999999999984,2020-05-29,170,116,134,False
2019-12-12,2020,2.2897,2.173,1.9787000000000001,2.1263,4.901399999999992,-6.199199999999998,11.10059999999999,0.26429999999999976,2020-05-29,169,115,135,False
2019-12-13,2020,2.2775,2.1704,1.995,2.1402,4.498199999999999,-6.0984,10.596599999999999,0.25229999999999997,2020-05-29,168,114,136,False
2019-12-16,2020,2.27,2.1698,2.0096000000000003,2.151,4.208400000000003,-5.93879999999998,10.147199999999984,0.24159999999999962,2020-05-29,165,113,137,False
2019-12-17,2020,2.265,2.1748,2.011,2.1574,3.7884000000000118,-6.148799999999994,9.937200000000006,0.23660000000000014,2020-05-29,164,112,138,False
2019-12-18,2020,2.275,2.1777,1.9967,2.1465,4.086599999999988,-6.291600000000006,10.378199999999994,0.24709999999999988,2020-05-29,163,111,139,False
2019-12-19,2020,2.2386,2.1741,2.0055,2.1578999999999997,2.7089999999999907,-6.400799999999985,9.109799999999975,0.2168999999999994,2020-05-29,162,110,140,False
2019-12-20,2020,2.2135,2.1411000000000002,1.9603,2.1085,3.040799999999982,-6.224399999999996,9.265199999999979,0.2205999999999995,2020-05-29,161,109,141,False
2019-12-23,2020,2.1637,2.1098,1.9276,2.0774,2.2638000000000025,-6.291599999999997,8.555399999999999,0.20369999999999996,2020-05-29,158,108,142,False
2019-12-24,2020,2.164,2.133,1.9394999999999998,2.0942,1.3020000000000058,-6.4974000000000025,7.799400000000008,0.1857000000000002,2020-05-29,157,107,143,False
2019-12-26,2020,2.1700999999999997,2.1428,1.9201,2.0796,1.146599999999995,-6.699000000000009,7.845600000000004,0.18680000000000008,2020-05-29,155,106,144,False
2019-12-27,2020,2.1763999999999997,2.1377,1.9228,2.0705,1.6253999999999795,-6.203399999999998,7.828799999999977,0.18639999999999946,2020-05-29,154,105,145,False
2019-12-30,2020,2.1893000000000002,2.1489,1.9384000000000001,2.0837,1.6968000000000183,-6.10259999999999,7.799400000000008,0.1857000000000002,2020-05-29,151,104,146,False
2019-12-31,2020,2.1759,2.1389,1.9437,2.083,1.5539999999999967,-5.850600000000009,7.404600000000006,0.17630000000000012,2020-05-29,150,103,147,False
2020-01-02,2020,2.1647,2.117,1.9365999999999999,2.0732,2.003399999999994,-5.737200000000002,7.740599999999996,0.1842999999999999,2020-05-29,148,102,148,False
2020-01-03,2020,2.195,2.1482,1.9455,2.0872,1.9655999999999887,-5.951400000000007,7.916999999999995,0.1884999999999999,2020-05-29,147,101,149,False
2020-01-06,2020,2.2259,2.1783,1.9819,2.126,1.9992000000000036,-6.052199999999996,8.0514,0.19169999999999998,2020-05-29,144,100,150,False
2020-01-07,2020,2.2472,2.1685,1.9780000000000002,2.1128,3.3053999999999997,-5.661599999999992,8.966999999999992,0.2134999999999998,2020-05-29,143,99,151,False
2020-01-08,2020,2.2203999999999997,2.136,1.9487999999999999,2.0865,3.5447999999999826,-5.7834000000000065,9.328199999999988,0.22209999999999971,2020-05-29,142,98,152,False
2020-01-09,2020,2.2256,2.1246,1.9325,2.0804,4.241999999999999,-6.211799999999997,10.453799999999996,0.2488999999999999,2020-05-29,141,97,153,False
2020-01-10,2020,2.1903,2.0966,1.8918000000000001,2.0463,3.935400000000005,-6.488999999999994,10.424399999999999,0.24819999999999998,2020-05-29,140,96,154,False
2020-01-13,2020,2.1705,2.0803,1.8846,2.036,3.7884000000000118,-6.358799999999999,10.14720000000001,0.24160000000000026,2020-05-29,137,95,155,False
2020-01-14,2020,2.1225,2.0501,1.8425,1.9972999999999999,3.040800000000001,-6.501599999999993,9.542399999999994,0.22719999999999985,2020-05-29,136,94,156,False
2020-01-15,2020,2.1107,2.0709999999999997,1.8358,2.0024,1.6674000000000122,-6.997200000000003,8.664600000000014,0.20630000000000034,2020-05-29,135,93,157,False
2020-01-16,2020,2.1372,2.1036,1.8805,2.042,1.4111999999999938,-6.78299999999999,8.194199999999984,0.19509999999999963,2020-05-29,134,92,158,False
2020-01-17,2020,2.1152,2.0828,1.8552000000000002,2.0171,1.3607999999999993,-6.799799999999998,8.160599999999997,0.19429999999999992,2020-05-29,133,91,159,False
2020-01-21,2020,2.1422,2.1185,1.8839,2.0491,0.995399999999993,-6.93840000000001,7.933800000000003,0.18890000000000007,2020-05-29,129,90,160,False
2020-01-22,2020,2.1854,2.1648,1.9313,2.0959,0.865199999999998,-6.9131999999999945,7.778399999999992,0.1851999999999998,2020-05-29,128,89,161,False
2020-01-23,2020,2.2,2.1634,1.9417,2.1094999999999997,1.5371999999999986,-7.0475999999999885,8.584799999999987,0.2043999999999997,2020-05-29,127,88,162,False
2020-01-24,2020,2.1915999999999998,2.1599,1.9201,2.0938,1.3313999999999933,-7.295399999999999,8.626799999999992,0.2053999999999998,2020-05-29,126,87,163,False
2020-01-27,2020,2.2277,2.2001,1.9712,2.149,1.159200000000003,-7.467599999999998,8.626800000000001,0.20540000000000003,2020-05-29,123,86,164,False
2020-01-28,2020,2.258,2.2231,1.9959,2.1749,1.465799999999997,-7.5180000000000025,8.983799999999999,0.21389999999999998,2020-05-29,122,85,165,False
2020-01-29,2020,2.2851,2.2239,2.0122,2.1833,2.5703999999999967,-7.186200000000001,9.756599999999999,0.23229999999999998,2020-05-29,121,84,166,False
2020-01-30,2020,2.3059,2.2457,2.0404,2.2069,2.5284000000000013,-6.993000000000004,9.521400000000005,0.22670000000000012,2020-05-29,120,83,167,False
2020-01-31,2020,2.2681,2.233,2.0202,2.1919,1.4741999999999962,-7.2113999999999985,8.685599999999994,0.20679999999999985,2020-05-29,119,82,168,False
2020-02-03,2020,2.2358000000000002,2.205,1.9924000000000002,2.1602,1.2936000000000067,-7.047599999999997,8.341200000000004,0.1986000000000001,2020-05-29,116,81,169,False
2020-02-04,2020,2.2159999999999997,2.1904,1.9652,2.1443,1.0751999999999935,-7.522199999999993,8.597399999999986,0.20469999999999966,2020-05-29,115,80,170,False
2020-02-05,2020,2.2146,2.185,1.9671,2.1397999999999997,1.2431999999999936,-7.253399999999985,8.49659999999998,0.2022999999999995,2020-05-29,114,79,171,False
2020-02-06,2020,2.2197999999999998,2.182,1.9468,2.1206,1.587599999999993,-7.299599999999998,8.887199999999991,0.2115999999999998,2020-05-29,113,78,172,False
2020-02-07,2020,2.1975,2.1776,1.9403,2.1143,0.8357999999999919,-7.308000000000007,8.143799999999999,0.19389999999999996,2020-05-29,112,77,173,False
2020-02-10,2020,2.1852,2.146,1.9108,2.0862,1.6464000000000052,-7.366799999999991,9.013199999999996,0.2145999999999999,2020-05-29,109,76,174,False
2020-02-11,2020,2.1275999999999997,2.0956,1.8476,2.0254,1.3439999999999825,-7.467599999999998,8.81159999999998,0.20979999999999954,2020-05-29,108,75,175,False
2020-02-12,2020,2.1331,2.0917,1.8333000000000002,2.0139,1.7388000000000137,-7.585199999999995,9.324000000000009,0.2220000000000002,2020-05-29,107,74,176,False
2020-02-13,2020,2.135,2.0617,1.8203,1.9978,3.0785999999999873,-7.455,10.533599999999987,0.2507999999999997,2020-05-29,106,73,177,False
2020-02-14,2020,2.1461,2.0482,1.8385,2.0093,4.111800000000004,-7.173600000000002,11.285400000000006,0.26870000000000016,2020-05-29,105,72,178,False
2020-02-18,2020,2.1818,2.0813,1.8780000000000001,2.0419,4.220999999999992,-6.883799999999997,11.10479999999999,0.26439999999999975,2020-05-29,101,71,179,False
2020-02-19,2020,2.2277,2.1424000000000003,1.9466999999999999,2.1104,3.582599999999988,-6.875399999999998,10.457999999999986,0.24899999999999967,2020-05-29,100,70,180,False
2020-02-20,2020,2.2278000000000002,2.1423,1.9481,2.1138999999999997,3.5910000000000055,-6.963599999999989,10.554599999999994,0.25129999999999986,2020-05-29,99,69,181,False
2020-02-21,2020,2.2216,2.1562,1.9523,2.1231999999999998,2.746799999999996,-7.177799999999992,9.924599999999987,0.2362999999999997,2020-05-29,98,68,182,False
2020-02-24,2020,2.1986000000000003,2.1319999999999997,1.9365999999999999,2.1039,2.7972000000000277,-7.0266,9.823800000000027,0.23390000000000064,2020-05-29,95,67,183,False
2020-02-25,2020,2.2084,2.1667,1.9531999999999998,2.124,1.751400000000003,-7.173600000000012,8.925000000000015,0.21250000000000036,2020-05-29,94,66,184,False
2020-02-26,2020,2.238,2.1830000000000003,1.9718,2.1401,2.309999999999988,-7.0685999999999956,9.378599999999985,0.22329999999999964,2020-05-29,93,65,185,False
2020-02-27,2020,2.2246,2.1827,1.9591999999999998,2.1222,1.759800000000002,-6.846000000000002,8.605800000000004,0.20490000000000008,2020-05-29,92,64,186,False
2020-02-28,2020,2.2273,2.2144,1.9868000000000001,2.162,0.5418000000000056,-7.358399999999992,7.900199999999997,0.18809999999999993,2020-05-29,91,63,187,False
2020-03-02,2020,2.2411000000000003,2.2196000000000002,1.9765000000000001,2.1497,0.9030000000000031,-7.274400000000001,8.177400000000004,0.1947000000000001,2020-05-29,88,62,188,False
2020-03-03,2020,2.2597,2.2515,2.0143,2.1757,0.3443999999999994,-6.7787999999999995,7.123199999999999,0.16959999999999997,2020-05-29,87,61,189,False
2020-03-04,2020,2.2714,2.2653,2.0302000000000002,2.193,0.25619999999999976,-6.837599999999993,7.093799999999993,0.16889999999999983,2020-05-29,86,60,190,False
2020-03-05,2020,2.2514,2.2474000000000003,2.0237,2.1881,0.1679999999999815,-6.904800000000004,7.072799999999986,0.16839999999999966,2020-05-29,85,59,191,False
2020-03-06,2020,2.2525,2.2503,2.033,2.1949,0.09239999999998982,-6.7998000000000065,6.892199999999996,0.1640999999999999,2020-05-29,84,58,192,False
2020-03-09,2020,2.2196000000000002,2.238,2.0198,2.1895,-0.7727999999999895,-7.127399999999989,6.3546,0.1513,2020-05-29,81,57,193,False
2020-03-10,2020,2.2213,2.2614,2.0411,2.2168,-1.6842000000000104,-7.379399999999999,5.695199999999988,0.13559999999999972,2020-05-29,80,56,194,False
2020-03-11,2020,2.2543,2.2818,2.0422,2.2224,-1.154999999999994,-7.568400000000006,6.413400000000012,0.15270000000000028,2020-05-29,79,55,195,False
2020-03-12,2020,2.2514,2.2889,2.0594,2.2456,-1.5750000000000037,-7.820399999999997,6.245399999999993,0.14869999999999983,2020-05-29,78,54,196,False
2020-03-13,2020,2.2328,2.2891,2.0564,2.2452,-2.3645999999999914,-7.929600000000003,5.565000000000012,0.13250000000000028,2020-05-29,77,53,197,False
2020-03-16,2020,2.2068,2.2808,2.0457,2.2407,-3.108000000000012,-8.189999999999994,5.081999999999982,0.12099999999999958,2020-05-29,74,52,198,False
2020-03-17,2020,2.1557,2.2297,1.9561000000000002,2.1551,-3.1079999999999934,-8.357999999999993,5.25,0.125,2020-05-29,73,51,199,False
2020-03-18,2020,2.1147,2.2032,1.9340000000000002,2.1307,-3.7169999999999916,-8.261399999999995,4.544400000000003,0.10820000000000007,2020-05-29,72,50,200,False
2020-03-19,2020,2.092,2.1909,1.9156,2.1181,-4.1537999999999995,-8.505000000000006,4.351200000000007,0.10360000000000016,2020-05-29,71,49,201,False
2020-03-20,2020,2.0818,2.2007,1.9233000000000002,2.1298,-4.9938,-8.672999999999988,3.6791999999999874,0.0875999999999997,2020-05-29,70,48,202,False
2020-03-23,2020,2.0471,2.1705,1.8962,2.0991999999999997,-5.182800000000007,-8.525999999999984,3.3431999999999764,0.07959999999999944,2020-05-29,67,47,203,False
2020-03-24,2020,2.0381,2.1830000000000003,1.9066,2.1093,-6.0858000000000105,-8.513400000000004,2.4275999999999938,0.05779999999999985,2020-05-29,66,46,204,False
2020-03-25,2020,2.0468,2.1935,1.9221000000000001,2.1266,-6.161399999999984,-8.588999999999986,2.4276000000000026,0.05780000000000006,2020-05-29,65,45,205,False
2020-03-26,2020,2.0436,2.2001,1.9184,2.1181,-6.572999999999994,-8.3874,1.8144000000000053,0.04320000000000013,2020-05-29,64,44,206,False
2020-03-27,2020,2.0638,2.2362,1.9612,2.1618,-7.240800000000005,-8.425199999999995,1.1843999999999903,0.02819999999999977,2020-05-29,63,43,207,False
2020-03-30,2020,2.0356,2.2659000000000002,1.9808000000000001,2.1915999999999998,-9.672600000000006,-8.853599999999986,-0.8190000000000204,-0.019500000000000486,2020-05-29,60,42,208,False
2020-03-31,2020,2.0565,2.2805,1.9848,2.1973,-9.40799999999999,-8.924999999999997,-0.48299999999999343,-0.011499999999999844,2020-05-29,59,41,209,False
2020-04-01,2020,2.0035,2.2182,1.9291999999999998,2.1394,-9.017400000000006,-8.828400000000016,-0.1889999999999894,-0.004499999999999747,2020-05-29,58,40,210,False
2020-04-02,2020,1.9987000000000001,2.2342,1.9304,2.1488,-9.890999999999993,-9.172800000000006,-0.7181999999999871,-0.017099999999999692,2020-05-29,57,39,211,False
2020-04-03,2020,1.9588999999999999,2.1862,1.8819,2.0964,-9.546600000000002,-9.009000000000006,-0.5375999999999959,-0.012799999999999902,2020-05-29,56,38,212,False
2020-04-06,2020,1.9402000000000001,2.1439,1.8434,2.0582,-8.55539999999999,-9.021599999999996,0.46620000000000594,0.011100000000000141,2020-05-29,53,37,213,False
2020-04-07,2020,1.9022,2.127,1.8372,2.0585,-9.441599999999996,-9.294600000000003,-0.14699999999999314,-0.0034999999999998366,2020-05-29,52,36,214,False
2020-04-08,2020,1.9166999999999998,2.1559,1.8853,2.1008,-10.046400000000004,-9.051000000000002,-0.9954000000000018,-0.023700000000000044,2020-05-29,51,35,215,False
2020-04-09,2020,1.8831,2.1187,1.8527,2.0634,-9.8952,-8.849400000000005,-1.0457999999999963,-0.024899999999999912,2020-05-29,50,34,216,False
2020-04-13,2020,1.8932,2.1062,1.8722,2.0819,-8.945999999999994,-8.8074,-0.13859999999999495,-0.00329999999999988,2020-05-29,46,33,217,False
2020-04-14,2020,1.8525999999999998,2.0955,1.8695,2.0647,-10.201800000000006,-8.19840000000001,-2.0033999999999956,-0.047699999999999895,2020-05-29,45,32,218,False
2020-04-15,2020,1.8676,2.1319999999999997,1.9191,2.1046,-11.10479999999999,-7.791,-3.31379999999999,-0.07889999999999976,2020-05-29,44,31,219,False
2020-04-16,2020,1.8563,2.1528,1.9404,2.127,-12.453,-7.837199999999995,-4.615800000000005,-0.10990000000000011,2020-05-29,43,30,220,False
2020-04-17,2020,1.7815,2.0912,1.9037,2.0912,-13.007400000000004,-7.875000000000009,-5.132399999999995,-0.12219999999999989,2020-05-29,42,29,221,False
2020-04-20,2020,1.7822,2.0885,1.9034,2.0901,-12.864599999999992,-7.841400000000004,-5.023199999999989,-0.11959999999999973,2020-05-29,39,28,222,False
2020-04-21,2020,1.8113,2.0869999999999997,1.9154,2.0996,-11.579399999999993,-7.736400000000006,-3.8429999999999866,-0.09149999999999968,2020-05-29,38,27,223,False
2020-04-22,2020,1.7365000000000002,2.0133,1.8481,2.029,-11.625599999999997,-7.597799999999993,-4.027800000000004,-0.09590000000000008,2020-05-29,37,26,224,False
2020-04-23,2020,1.6602000000000001,1.9702000000000002,1.7837,1.9686000000000001,-13.020000000000003,-7.765800000000002,-5.254200000000001,-0.12510000000000002,2020-05-29,36,25,225,False
2020-04-24,2020,1.6194,1.9275,1.7536,1.9346,-12.9402,-7.602000000000002,-5.338199999999999,-0.12709999999999996,2020-05-29,35,24,226,False
2020-04-27,2020,1.651,1.9553,1.7618,1.9509999999999998,-12.7806,-7.946399999999992,-4.834200000000008,-0.11510000000000019,2020-05-29,32,23,227,False
2020-04-28,2020,1.6774,2.0062,1.7822,1.9816999999999998,-13.809600000000009,-8.37899999999999,-5.430600000000018,-0.12930000000000041,2020-05-29,31,22,228,False
2020-04-29,2020,1.6494,1.9667,1.7563,1.9577,-13.326599999999996,-8.4588,-4.8677999999999955,-0.11589999999999989,2020-05-29,30,21,229,False
2020-04-30,2020,1.6347999999999998,1.9702000000000002,1.7477,1.9518,-14.086800000000014,-8.572199999999999,-5.514600000000016,-0.13130000000000036,2020-05-29,29,20,230,False
2020-05-01,2020,1.5903,1.9339,1.7157,1.9177000000000002,-14.431199999999997,-8.484000000000007,-5.94719999999999,-0.14159999999999975,2020-05-29,28,19,231,False
2020-05-04,2020,1.5788,1.9734,1.7604,1.9749,-16.573200000000003,-9.009000000000006,-7.564199999999998,-0.18009999999999995,2020-05-29,25,18,232,False
2020-05-05,2020,1.6040999999999999,1.996,1.776,1.994,-16.459800000000005,-9.155999999999999,-7.303800000000006,-0.17390000000000014,2020-05-29,24,17,233,False
2020-05-06,2020,1.5997,1.9777,1.7671999999999999,1.98,-15.876000000000005,-8.937600000000003,-6.9384000000000015,-0.16520000000000004,2020-05-29,23,16,234,False
2020-05-07,2020,1.5651,1.9598,1.756,1.9613999999999998,-16.5774,-8.626799999999992,-7.9506000000000085,-0.1893000000000002,2020-05-29,22,15,235,False
2020-05-08,2020,1.6008000000000002,1.9846000000000001,1.7866,1.9853999999999998,-16.1196,-8.349599999999995,-7.770000000000003,-0.18500000000000008,2020-05-29,21,14,236,False
2020-05-11,2020,1.5866,1.9768000000000001,1.7719999999999998,1.9806,-16.388400000000004,-8.761200000000006,-7.627199999999998,-0.18159999999999996,2020-05-29,18,13,237,False
2020-05-12,2020,1.5812,1.9653,1.7469999999999999,1.9537,-16.132200000000005,-8.681400000000004,-7.450800000000001,-0.17740000000000003,2020-05-29,17,12,238,False
2020-05-13,2020,1.6058000000000001,1.9772999999999998,1.765,1.9687999999999999,-15.602999999999987,-8.5596,-7.043399999999988,-0.1676999999999997,2020-05-29,16,11,239,False
2020-05-14,2020,1.6139,1.9626,1.7537,1.9471,-14.6454,-8.122800000000002,-6.522599999999999,-0.15529999999999997,2020-05-29,15,10,240,False
2020-05-15,2020,1.5804,1.945,1.7559,1.9556,-15.313200000000002,-8.3874,-6.925800000000002,-0.16490000000000005,2020-05-29,14,9,241,False
2020-05-18,2020,1.6074000000000002,1.9286,1.7348,1.9272,-13.490399999999998,-8.080800000000005,-5.409599999999992,-0.1287999999999998,2020-05-29,11,8,242,False
2020-05-19,2020,1.6299000000000001,1.9472999999999998,1.7465000000000002,1.9513,-13.330799999999986,-8.601599999999994,-4.729199999999992,-0.1125999999999998,2020-05-29,10,7,243,False
2020-05-20,2020,1.6468,1.9625,1.764,1.9657,-13.259399999999994,-8.4714,-4.787999999999995,-0.11399999999999988,2020-05-29,9,6,244,False
2020-05-21,2020,1.6601,1.9877,1.7968000000000002,1.9885,-13.759200000000005,-8.05139999999999,-5.707800000000015,-0.13590000000000035,2020-05-29,8,5,245,False
2020-05-22,2020,1.6635,1.9881,1.8037999999999998,1.9859,-13.6332,-7.648200000000006,-5.984999999999994,-0.14249999999999985,2020-05-29,7,4,246,False
2020-05-26,2020,1.6669,1.9616,1.7991,1.9783000000000002,-12.377399999999998,-7.52640000000001,-4.8509999999999875,-0.1154999999999997,2020-05-29,3,3,247,False
2020-05-27,2020,1.6538,1.9531,1.7848,1.9738,-12.570600000000006,-7.938000000000002,-4.632600000000004,-0.11030000000000009,2020-05-29,2,2,248,False
2020-05-28,2020,1.6738,1.9587999999999999,1.7925,1.9745,-11.969999999999997,-7.6439999999999975,-4.326,-0.103,2020-05-29,1,1,249,False
2020-05-29,2020,1.7150999999999998,1.9831999999999999,1.8097999999999999,1.9902000000000002,-11.260200000000001,-7.576800000000015,-3.6833999999999865,-0.08769999999999968,2020-05-29,0,0,250,False
2020-06-01,2021,1.8811000000000002,1.8602,1.6909,1.8616,0.8778000000000059,-7.169399999999994,8.0472,0.1916,2021-05-28,361,249,0,False
2020-06-02,2021,1.8955000000000002,1.8525,1.6985,1.8603,1.8060000000000063,-6.795600000000007,8.601600000000014,0.20480000000000032,2021-05-28,360,248,1,False
2020-06-03,2021,1.903,1.8598,1.7072,1.871,1.8144000000000053,-6.879599999999998,8.694000000000003,0.20700000000000007,2021-05-28,359,247,2,False
2020-06-04,2021,1.8895,1.8466999999999998,1.6755000000000002,1.8392,1.7976000000000072,-6.875399999999988,8.672999999999995,0.20649999999999988,2021-05-28,358,246,3,False
2020-06-05,2021,1.9025999999999998,1.8624,1.6752,1.8524,1.6883999999999912,-7.442400000000001,9.130799999999992,0.21739999999999982,2021-05-28,357,245,4,False
2020-06-08,2021,1.9277000000000002,1.8632,1.6893,1.8629,2.7090000000000094,-7.291199999999999,10.000200000000008,0.2381000000000002,2021-05-28,354,244,5,False
2020-06-09,2021,1.8937,1.8441999999999998,1.659,1.8347,2.079000000000004,-7.379399999999999,9.458400000000003,0.22520000000000007,2021-05-28,353,243,6,False
2020-06-10,2021,1.8938,1.8602,1.6833,1.864,1.4111999999999938,-7.589400000000003,9.000599999999997,0.21429999999999993,2021-05-28,352,242,7,False
2020-06-11,2021,1.8618000000000001,1.8314,1.6663999999999999,1.848,1.2768000000000086,-7.627200000000009,8.904000000000018,0.2120000000000004,2021-05-28,351,241,8,False
2020-06-12,2021,1.8508000000000002,1.8008000000000002,1.6205,1.7978,2.100000000000002,-7.4466,9.546600000000002,0.22730000000000003,2021-05-28,350,240,9,False
2020-06-15,2021,1.8203,1.7897999999999998,1.6133000000000002,1.7975,1.2810000000000081,-7.736399999999996,9.017400000000004,0.21470000000000009,2021-05-28,347,239,10,False
2020-06-16,2021,1.8224,1.7968000000000002,1.6186,1.8049000000000002,1.0751999999999935,-7.8246000000000056,8.899799999999999,0.21189999999999998,2021-05-28,346,238,11,False
2020-06-17,2021,1.8441999999999998,1.7974,1.6234,1.8067,1.9655999999999887,-7.698600000000001,9.66419999999999,0.23009999999999978,2021-05-28,345,237,12,False
2020-06-18,2021,1.8289,1.7922,1.6178,1.801,1.541399999999998,-7.694400000000002,9.2358,0.21989999999999998,2021-05-28,344,236,13,False
2020-06-19,2021,1.9115,1.8698,1.7350999999999999,1.9117,1.751400000000003,-7.417200000000004,9.168600000000007,0.21830000000000016,2021-05-28,343,235,14,False
2020-06-22,2021,1.9147999999999998,1.8697,1.7412999999999998,1.9181,1.8941999999999966,-7.425600000000003,9.319799999999999,0.2219,2021-05-28,340,234,15,False
2020-06-23,2021,1.9364,1.8878,1.7653999999999999,1.9413,2.041199999999999,-7.3878000000000075,9.429000000000006,0.22450000000000014,2021-05-28,339,233,16,False
2020-06-24,2021,1.9398,1.903,1.7675999999999998,1.9509999999999998,1.5455999999999976,-7.7028,9.248399999999997,0.22019999999999992,2021-05-28,338,232,17,False
2020-06-25,2021,1.9313,1.9061000000000001,1.7812000000000001,1.9631,1.0583999999999953,-7.6397999999999975,8.698199999999993,0.20709999999999984,2021-05-28,337,231,18,False
2020-06-26,2021,1.9261000000000001,1.8996000000000002,1.7956,1.9745,1.1129999999999987,-7.513799999999993,8.626799999999992,0.2053999999999998,2021-05-28,336,230,19,False
2020-06-29,2021,1.9336000000000002,1.8981999999999999,1.7892,1.9665000000000001,1.4868000000000134,-7.44660000000001,8.933400000000024,0.21270000000000056,2021-05-28,333,229,20,False
2020-07-01,2021,1.9968000000000001,1.9843000000000002,1.8722,2.0437,0.5249999999999981,-7.2029999999999905,7.727999999999989,0.18399999999999975,2021-05-28,331,228,21,False
2020-07-02,2021,2.0528,2.0157,1.9119,2.0764,1.5582000000000056,-6.909000000000004,8.467200000000009,0.20160000000000022,2021-05-28,330,227,22,False
2020-07-06,2021,2.0340000000000003,1.9968000000000001,1.9039,2.0657,1.5624000000000051,-6.795600000000007,8.358000000000013,0.19900000000000032,2021-05-28,326,226,23,False
2020-07-07,2021,2.0197,1.9824000000000002,1.8816,2.0542,1.566599999999986,-7.249199999999995,8.815799999999982,0.20989999999999956,2021-05-28,325,225,24,False
2020-07-08,2021,2.0379,2.0071,1.9121000000000001,2.0891,1.2936000000000067,-7.434000000000002,8.72760000000001,0.20780000000000023,2021-05-28,324,224,25,False
2020-07-09,2021,2.0671,2.0496,1.9697,2.1541,0.735000000000003,-7.744800000000005,8.479800000000008,0.2019000000000002,2021-05-28,323,223,26,False
2020-07-10,2021,2.0574,2.0523,1.9816,2.17,0.2142000000000044,-7.912799999999995,8.126999999999999,0.19349999999999998,2021-05-28,322,222,27,False
2020-07-13,2021,2.0828,2.0638,1.9790999999999999,2.1630000000000003,0.7980000000000054,-7.723800000000017,8.521800000000022,0.20290000000000052,2021-05-28,319,221,28,False
2020-07-14,2021,2.0434,2.0256,1.9213999999999998,2.1102000000000003,0.7476000000000109,-7.929600000000022,8.677200000000033,0.20660000000000078,2021-05-28,318,220,29,False
2020-07-15,2021,2.0467,2.0225,1.913,2.1049,1.0164,-8.059800000000008,9.076200000000007,0.21610000000000018,2021-05-28,317,219,30,False
2020-07-16,2021,2.0487,2.0227,1.9359,2.1211,1.0920000000000103,-7.77840000000001,8.870400000000021,0.2112000000000005,2021-05-28,316,218,31,False
2020-07-17,2021,2.0434,2.0299,1.9491999999999998,2.1363,0.5670000000000028,-7.858200000000002,8.425200000000004,0.20060000000000008,2021-05-28,315,217,32,False
2020-07-20,2021,2.0433000000000003,2.0342,1.9458000000000002,2.1328,0.3822000000000232,-7.853999999999993,8.236200000000016,0.19610000000000039,2021-05-28,312,216,33,False
2020-07-21,2021,2.0406,2.0228,1.942,2.1201,0.7475999999999923,-7.480199999999996,8.227799999999988,0.1958999999999997,2021-05-28,311,215,34,False
2020-07-22,2021,2.0723,2.0563,1.9858000000000002,2.1665,0.6720000000000006,-7.589399999999994,8.261399999999995,0.19669999999999987,2021-05-28,310,214,35,False
2020-07-23,2021,2.0434,2.0488999999999997,1.9674,2.1431,-0.23099999999998388,-7.379399999999999,7.148400000000015,0.17020000000000035,2021-05-28,309,213,36,False
2020-07-24,2021,2.0437,2.0465999999999998,1.9638,2.1359,-0.12179999999999591,-7.228199999999997,7.106400000000001,0.16920000000000002,2021-05-28,308,212,37,False
2020-07-27,2021,2.0108,2.0140000000000002,1.925,2.0933,-0.13440000000000385,-7.068600000000005,6.9342000000000015,0.16510000000000002,2021-05-28,305,211,38,False
2020-07-28,2021,1.9731,1.9868999999999999,1.8976,2.0753,-0.5795999999999921,-7.463399999999998,6.883800000000006,0.16390000000000016,2021-05-28,304,210,39,False
2020-07-29,2021,1.9519,1.9733,1.8766999999999998,2.0578,-0.8988000000000036,-7.606200000000001,6.707399999999998,0.15969999999999995,2021-05-28,303,209,40,False
2020-07-30,2021,1.9865000000000002,2.0249,1.9244999999999999,2.106,-1.6127999999999996,-7.622999999999999,6.010199999999999,0.14309999999999998,2021-05-28,302,208,41,False
2020-07-31,2021,2.019,2.0566999999999998,1.9594999999999998,2.1363,-1.5833999999999842,-7.425600000000003,5.842200000000019,0.13910000000000045,2021-05-28,301,207,42,False
2020-08-03,2021,2.0173,2.0569,1.9615,2.1412,-1.6632000000000033,-7.547399999999999,5.884199999999995,0.1400999999999999,2021-05-28,298,206,43,False
2020-08-04,2021,2.0358,2.0885,1.9938,2.1762,-2.2133999999999894,-7.660800000000005,5.447400000000016,0.12970000000000037,2021-05-28,297,205,44,False
2020-08-05,2021,2.0568,2.1118,2.0355000000000003,2.2136,-2.3100000000000067,-7.4801999999999875,5.170199999999981,0.12309999999999954,2021-05-28,296,204,45,False
2020-08-06,2021,2.0876,2.1451,2.0683000000000002,2.2479,-2.414999999999986,-7.54319999999999,5.128200000000004,0.1221000000000001,2021-05-28,295,203,46,False
2020-08-07,2021,2.0818,2.1463,2.0716,2.2521,-2.7090000000000094,-7.580999999999995,4.871999999999986,0.11599999999999966,2021-05-28,294,202,47,False
2020-08-10,2021,2.0599000000000003,2.1105,2.0277000000000003,2.2137000000000002,-2.1251999999999898,-7.811999999999998,5.686800000000008,0.1354000000000002,2021-05-28,291,201,48,False
2020-08-11,2021,2.0723,2.1253,2.0579,2.2398,-2.226000000000016,-7.639799999999989,5.413799999999973,0.12889999999999935,2021-05-28,290,200,49,False
2020-08-12,2021,2.1374,2.1839,2.1037,2.2797,-1.9529999999999994,-7.392000000000007,5.439000000000007,0.12950000000000017,2021-05-28,289,199,50,False
2020-08-13,2021,2.1501,2.2063,2.122,2.2950999999999997,-2.360400000000001,-7.270199999999992,4.909799999999991,0.11689999999999978,2021-05-28,288,198,51,False
2020-08-14,2021,2.1255,2.204,2.1146000000000003,2.291,-3.2970000000000006,-7.408799999999986,4.1117999999999855,0.09789999999999965,2021-05-28,287,197,52,False
2020-08-17,2021,2.1734999999999998,2.2387,2.1357,2.3096,-2.7384000000000155,-7.303800000000007,4.5653999999999915,0.1086999999999998,2021-05-28,284,196,53,False
2020-08-18,2021,2.1423,2.2171000000000003,2.131,2.3034,-3.1416000000000084,-7.240800000000005,4.099199999999996,0.09759999999999991,2021-05-28,283,195,54,False
2020-08-19,2021,2.1492,2.2294,2.1312,2.3075,-3.368400000000002,-7.404599999999996,4.036199999999994,0.09609999999999985,2021-05-28,282,194,55,False
2020-08-20,2021,2.1641,2.2502,2.1384,2.3156,-3.6162000000000027,-7.442400000000001,3.8261999999999983,0.09109999999999996,2021-05-28,281,193,56,False
2020-08-21,2021,2.1853,2.2657,2.151,2.3325,-3.376800000000001,-7.623000000000009,4.246200000000008,0.10110000000000019,2021-05-28,280,192,57,False
2020-08-24,2021,2.1674,2.2569,2.1517,2.3350999999999997,-3.758999999999987,-7.702799999999991,3.943800000000004,0.0939000000000001,2021-05-28,277,191,58,False
2020-08-25,2021,2.1408,2.2455000000000003,2.1563999999999997,2.3362,-4.39740000000001,-7.551600000000008,3.1541999999999977,0.07509999999999994,2021-05-28,276,190,59,False
2020-08-26,2021,2.1205000000000003,2.2401,2.1583,2.3480000000000003,-5.023199999999988,-7.9674000000000085,2.944200000000021,0.0701000000000005,2021-05-28,275,189,60,False
2020-08-27,2021,2.1341,2.2293000000000003,2.1517,2.3341,-3.9984000000000073,-7.660799999999996,3.6623999999999883,0.08719999999999972,2021-05-28,274,188,61,False
2020-08-28,2021,2.1572,2.2274000000000003,2.1707,2.3442,-2.948400000000011,-7.28699999999999,4.338599999999979,0.1032999999999995,2021-05-28,273,187,62,False
2020-08-31,2021,2.1297,2.1911,2.1475,2.3125999999999998,-2.5787999999999958,-6.934199999999992,4.355399999999996,0.1036999999999999,2021-05-28,270,186,63,False
2020-09-01,2021,2.1465,2.2019,2.1290999999999998,2.3007,-2.326800000000005,-7.207200000000008,4.880400000000003,0.11620000000000008,2021-05-28,269,185,64,False
2020-09-02,2021,2.1693000000000002,2.2277,2.1612,2.3253,-2.452799999999991,-6.892199999999996,4.439400000000005,0.10570000000000013,2021-05-28,268,184,65,False
2020-09-03,2021,2.1765,2.2582,2.19,2.3577,-3.4314000000000044,-7.043399999999998,3.611999999999994,0.08599999999999985,2021-05-28,267,183,66,False
2020-09-04,2021,2.1813,2.2683,2.1993,2.3588999999999998,-3.654000000000008,-6.703199999999989,3.0491999999999813,0.07259999999999955,2021-05-28,266,182,67,False
2020-09-08,2021,2.1608,2.2411000000000003,2.1697,2.3272,-3.372600000000011,-6.6149999999999896,3.2423999999999786,0.07719999999999949,2021-05-28,262,181,68,False
2020-09-09,2021,2.1158,2.1941,2.1376,2.2988,-3.2886000000000015,-6.7704,3.481799999999999,0.08289999999999997,2021-05-28,261,180,69,False
2020-09-10,2021,2.168,2.2356,2.1734999999999998,2.3349,-2.8391999999999857,-6.778800000000018,3.9396000000000324,0.09380000000000077,2021-05-28,260,179,70,False
2020-09-11,2021,2.1786000000000003,2.2351,2.161,2.3291999999999997,-2.3729999999999905,-7.064399999999987,4.691399999999996,0.11169999999999991,2021-05-28,259,178,71,False
2020-09-14,2021,2.1931,2.2469,2.1709,2.3331999999999997,-2.2596000000000123,-6.816599999999986,4.556999999999974,0.10849999999999937,2021-05-28,256,177,72,False
2020-09-15,2021,2.1758,2.2227,2.155,2.3106999999999998,-1.9697999999999976,-6.539399999999998,4.5696,0.10880000000000001,2021-05-28,255,176,73,False
2020-09-16,2021,2.2192,2.2492,2.1879,2.3409,-1.2600000000000104,-6.426000000000001,5.165999999999991,0.12299999999999978,2021-05-28,254,175,74,False
2020-09-17,2021,2.2205,2.2512,2.1919,2.3408,-1.2893999999999979,-6.253800000000011,4.964400000000013,0.1182000000000003,2021-05-28,253,174,75,False
2020-09-18,2021,2.2486,2.2759,2.2235,2.3653,-1.146599999999995,-5.955599999999997,4.809000000000002,0.11450000000000005,2021-05-28,252,173,76,False
2020-09-21,2021,2.2325999999999997,2.2643,2.2147,2.3613999999999997,-1.331400000000012,-6.161399999999984,4.829999999999972,0.11499999999999932,2021-05-28,249,172,77,False
2020-09-22,2021,2.213,2.2487,2.1808,2.3314,-1.4993999999999934,-6.3251999999999935,4.8258,0.1149,2021-05-28,248,171,78,False
2020-09-23,2021,2.1832,2.2275,2.1431,2.2994,-1.8606000000000096,-6.564599999999995,4.7039999999999855,0.11199999999999966,2021-05-28,247,170,79,False
2020-09-24,2021,2.2099,2.2446,2.1477,2.3101,-1.457399999999998,-6.820799999999995,5.363399999999997,0.12769999999999992,2021-05-28,246,169,80,False
2020-09-25,2021,2.2307,2.2527,2.1679,2.3272,-0.9239999999999915,-6.6906,5.766600000000008,0.1373000000000002,2021-05-28,245,168,81,False
2020-09-28,2021,2.2281999999999997,2.2588,2.1736,2.3403,-1.2852000000000077,-7.001400000000003,5.716199999999995,0.1360999999999999,2021-05-28,242,167,82,False
2020-09-29,2021,2.1958,2.2083,2.1341,2.2939,-0.5249999999999888,-6.711599999999988,6.186599999999999,0.1473,2021-05-28,241,166,83,False
2020-09-30,2021,2.1658,2.1773,2.1054,2.2632,-0.48299999999999343,-6.6275999999999975,6.144600000000004,0.1463000000000001,2021-05-28,240,165,84,False
2020-10-01,2021,2.2246,2.2266999999999997,2.1548,2.3076,-0.08819999999998096,-6.417600000000002,6.329400000000021,0.1507000000000005,2021-05-28,239,164,85,False
2020-10-02,2021,2.2089,2.2047,2.1479,2.2979,0.17639999999999922,-6.299999999999996,6.4763999999999955,0.1541999999999999,2021-05-28,238,163,86,False
2020-10-05,2021,2.1633,2.1614,2.1101,2.2641999999999998,0.07980000000000054,-6.472199999999987,6.551999999999987,0.1559999999999997,2021-05-28,235,162,87,False
2020-10-06,2021,2.1468000000000003,2.1543,2.0635,2.2319999999999998,-0.3149999999999933,-7.076999999999995,6.762000000000001,0.16100000000000003,2021-05-28,234,161,88,False
2020-10-07,2021,2.1258,2.1262,2.0203,2.1958,-0.01679999999999815,-7.3709999999999996,7.354200000000001,0.17510000000000003,2021-05-28,233,160,89,False
2020-10-08,2021,2.0913,2.0821,1.9675,2.1388,0.38639999999999475,-7.194599999999991,7.580999999999985,0.18049999999999966,2021-05-28,232,159,90,False
2020-10-09,2021,2.1029,2.1006,1.9787000000000001,2.1479,0.09659999999999869,-7.106399999999992,7.2029999999999905,0.17149999999999976,2021-05-28,231,158,91,False
2020-10-12,2021,2.1011,2.1062,1.9975999999999998,2.158,-0.21419999999998574,-6.736800000000004,6.522600000000018,0.15530000000000044,2021-05-28,228,157,92,False
2020-10-13,2021,2.0976,2.1172999999999997,2.024,2.1871,-0.8273999999999928,-6.850200000000001,6.022800000000008,0.1434000000000002,2021-05-28,227,156,93,False
2020-10-14,2021,2.0404,2.0528999999999997,1.9562,2.1196,-0.5249999999999888,-6.862800000000009,6.33780000000002,0.15090000000000048,2021-05-28,226,155,94,False
2020-10-15,2021,2.05,2.0521000000000003,1.9568,2.1138,-0.08820000000001826,-6.593999999999992,6.505799999999974,0.15489999999999937,2021-05-28,225,154,95,False
2020-10-16,2021,2.0328999999999997,2.0354,1.9264,2.0785,-0.10500000000001641,-6.388200000000005,6.283199999999988,0.14959999999999973,2021-05-28,224,153,96,False
2020-10-19,2021,2.0265,2.0408,1.9265999999999999,2.0941,-0.6005999999999991,-7.035000000000009,6.43440000000001,0.15320000000000022,2021-05-28,221,152,97,False
2020-10-20,2021,2.0292,2.0579,1.9278,2.0944,-1.2054000000000071,-6.997199999999994,5.791799999999987,0.1378999999999997,2021-05-28,220,151,98,False
2020-10-21,2021,2.0242,2.0577,1.9237,2.0956,-1.4070000000000036,-7.219800000000006,5.812800000000003,0.13840000000000008,2021-05-28,219,150,99,False
2020-10-22,2021,2.0206,2.0727,1.9359,2.1143,-2.188200000000011,-7.492800000000004,5.3045999999999935,0.12629999999999986,2021-05-28,218,149,100,False
2020-10-23,2021,2.0029,2.0605,1.9119,2.0887000000000002,-2.4192000000000133,-7.425600000000012,5.006399999999998,0.11919999999999996,2021-05-28,217,148,101,False
2020-10-26,2021,2.0,2.0562,1.9063999999999999,2.0888,-2.360400000000001,-7.660800000000005,5.300400000000004,0.1262000000000001,2021-05-28,214,147,102,False
2020-10-27,2021,1.9701,2.0287,1.865,2.0484,-2.4612000000000087,-7.7028,5.241599999999991,0.12479999999999979,2021-05-28,213,146,103,False
2020-10-28,2021,1.9981,2.04,1.8739,2.0556,-1.759800000000002,-7.631400000000008,5.871600000000006,0.13980000000000015,2021-05-28,212,145,104,False
2020-10-29,2021,1.9868999999999999,2.0262000000000002,1.8711000000000002,2.0468,-1.650600000000014,-7.379399999999999,5.728799999999985,0.13639999999999963,2021-05-28,211,144,105,False
2020-10-30,2021,1.9744,2.0162999999999998,1.8675,2.0465,-1.7597999999999927,-7.5180000000000025,5.758200000000009,0.13710000000000022,2021-05-28,210,143,106,False
2020-11-02,2021,1.9450999999999998,2.0149,1.861,2.0493,-2.9316000000000035,-7.908600000000005,4.977000000000002,0.11850000000000005,2021-05-28,207,142,107,False
2020-11-03,2021,1.9716,2.0324,1.9058000000000002,2.0844,-2.5535999999999985,-7.5011999999999945,4.947599999999996,0.1177999999999999,2021-05-28,206,141,108,False
2020-11-04,2021,1.9616999999999998,2.0236,1.8952,2.0816999999999997,-2.599800000000012,-7.832999999999986,5.233199999999973,0.12459999999999936,2021-05-28,205,140,109,False
2020-11-05,2021,1.996,2.049,1.9418,2.1238,-2.2259999999999973,-7.644000000000007,5.41800000000001,0.12900000000000023,2021-05-28,204,139,110,False
2020-11-06,2021,1.9886000000000001,2.0368,1.9197,2.092,-2.0243999999999915,-7.236600000000005,5.2122000000000135,0.12410000000000032,2021-05-28,203,138,111,False
2020-11-09,2021,2.0054,2.0576,1.9484000000000001,2.1174,-2.192400000000001,-7.097999999999992,4.905599999999991,0.11679999999999978,2021-05-28,200,137,112,False
2020-11-10,2021,2.0306,2.0816999999999997,1.9738999999999998,2.1477,-2.146199999999978,-7.299600000000007,5.153400000000029,0.12270000000000068,2021-05-28,199,136,113,False
2020-11-11,2021,2.0403000000000002,2.0861,1.9779,2.1558,-1.9235999999999933,-7.471800000000007,5.548200000000014,0.13210000000000033,2021-05-28,198,135,114,False
2020-11-12,2021,2.0596,2.1125,1.9994,2.1733000000000002,-2.2217999999999885,-7.303800000000007,5.0820000000000185,0.12100000000000044,2021-05-28,197,134,115,False
2020-11-13,2021,2.0795,2.1464,2.0214,2.2016,-2.8097999999999983,-7.568400000000006,4.7586000000000075,0.11330000000000018,2021-05-28,196,133,116,False
2020-11-16,2021,2.0902000000000003,2.1521,2.0239,2.1989,-2.599799999999984,-7.350000000000011,4.750200000000027,0.11310000000000064,2021-05-28,193,132,117,False
2020-11-17,2021,2.104,2.1625,2.0356,2.2129,-2.457,-7.446599999999991,4.989599999999991,0.1187999999999998,2021-05-28,192,131,118,False
2020-11-18,2021,2.1454,2.1886,2.0809,2.253,-1.8144000000000053,-7.228199999999997,5.413799999999991,0.1288999999999998,2021-05-28,191,130,119,False
2020-11-19,2021,2.108,2.1502,2.0766999999999998,2.2316,-1.7723999999999913,-6.505800000000002,4.73340000000001,0.11270000000000024,2021-05-28,190,129,120,False
2020-11-20,2021,2.1375,2.178,2.1079,2.2672,-1.7009999999999899,-6.6906,4.98960000000001,0.11880000000000024,2021-05-28,189,128,121,False
2020-11-23,2021,2.1761,2.2245,2.142,2.3063,-2.0328,-6.900599999999995,4.8677999999999955,0.11589999999999989,2021-05-28,186,127,122,False
2020-11-24,2021,2.1645,2.2098,2.1275999999999997,2.2934,-1.902600000000005,-6.963600000000016,5.0610000000000115,0.12050000000000027,2021-05-28,185,126,123,False
2020-11-25,2021,2.1597,2.1900999999999997,2.0999,2.2693,-1.27679999999999,-7.1148,5.83800000000001,0.13900000000000023,2021-05-28,184,125,124,False
2020-11-27,2021,2.1458,2.1711,2.0794,2.2469,-1.0626000000000042,-7.034999999999999,5.972399999999995,0.14219999999999988,2021-05-28,182,124,125,False
2020-11-30,2021,2.1664,2.1787,2.0738,2.2433,-0.5166000000000084,-7.119000000000009,6.6024,0.1572,2021-05-28,179,123,126,False
2020-12-01,2021,2.1441,2.1634,2.0736000000000003,2.2434,-0.8106000000000133,-7.131599999999979,6.320999999999966,0.1504999999999992,2021-05-28,178,122,127,False
2020-12-02,2021,2.1391,2.1749,2.0546,2.2237,-1.5036000000000023,-7.102199999999992,5.59859999999999,0.13329999999999975,2021-05-28,177,121,128,False
2020-12-03,2021,2.1272,2.1537,2.0321000000000002,2.2048,-1.1129999999999987,-7.253399999999994,6.140399999999995,0.14619999999999989,2021-05-28,176,120,129,False
2020-12-04,2021,2.1669,2.1849000000000003,2.0598,2.2308000000000003,-0.75600000000001,-7.182000000000011,6.426000000000001,0.15300000000000002,2021-05-28,175,119,130,False
2020-12-07,2021,2.1159,2.1323,2.0141999999999998,2.1854,-0.6887999999999987,-7.19040000000001,6.501600000000011,0.15480000000000027,2021-05-28,172,118,131,False
2020-12-08,2021,2.1054,2.124,2.0069,2.1833,-0.7812000000000072,-7.408800000000005,6.6275999999999975,0.15779999999999994,2021-05-28,171,117,132,False
2020-12-09,2021,2.0754,2.0999,2.0005,2.1706,-1.0289999999999893,-7.144199999999987,6.115199999999998,0.14559999999999995,2021-05-28,170,116,133,False
2020-12-10,2021,2.0743,2.0953999999999997,1.9823,2.1497,-0.8861999999999863,-7.030800000000009,6.144600000000023,0.14630000000000054,2021-05-28,169,115,134,False
2020-12-11,2021,2.0936000000000003,2.0979,2.0015,2.1643,-0.18059999999998944,-6.837599999999993,6.657000000000004,0.15850000000000009,2021-05-28,168,114,135,False
2020-12-14,2021,2.0802,2.0899,1.9853999999999998,2.1477,-0.40740000000000176,-6.816600000000005,6.409200000000003,0.15260000000000007,2021-05-28,165,113,136,False
2020-12-15,2021,2.0476,2.0871,1.9513,2.1191999999999998,-1.6589999999999945,-7.051799999999988,5.392799999999993,0.12839999999999985,2021-05-28,164,112,137,False
2020-12-16,2021,2.0578,2.0901,1.9568,2.1221,-1.3566000000000091,-6.9426000000000005,5.585999999999991,0.13299999999999979,2021-05-28,163,111,138,False
2020-12-17,2021,2.0724,2.0975,1.9638,2.1296,-1.0542000000000051,-6.963599999999998,5.909399999999993,0.14069999999999983,2021-05-28,162,110,139,False
2020-12-18,2021,2.0686,2.0831999999999997,1.9598,2.1179,-0.6131999999999884,-6.640200000000005,6.027000000000017,0.1435000000000004,2021-05-28,161,109,140,False
2020-12-21,2021,2.0492,2.0677000000000003,1.9653999999999998,2.1195,-0.777000000000017,-6.472200000000005,5.695199999999988,0.13559999999999972,2021-05-28,158,108,141,False
2020-12-22,2021,2.0478,2.0743,1.9841,2.1437,-1.1129999999999987,-6.703199999999999,5.5902,0.1331,2021-05-28,157,107,142,False
2020-12-23,2021,2.032,2.0763,1.9799,2.1431999999999998,-1.860599999999991,-6.85859999999999,4.997999999999999,0.11899999999999998,2021-05-28,156,106,143,False
2020-12-24,2021,2.0175,2.066,1.9785,2.1454,-2.03699999999999,-7.009800000000002,4.972800000000012,0.11840000000000028,2021-05-28,155,105,144,False
2020-12-28,2021,1.9966,2.045,1.9580000000000002,2.1285,-2.0328,-7.160999999999985,5.128199999999985,0.12209999999999965,2021-05-28,151,104,145,False
2020-12-29,2021,1.9475,1.9907,1.8903999999999999,2.0614,-1.814399999999996,-7.182000000000002,5.367600000000007,0.12780000000000016,2021-05-28,150,103,146,False
2020-12-30,2021,1.9515,1.9897,1.9038,2.0768,-1.6044000000000005,-7.266000000000002,5.661600000000002,0.13480000000000003,2021-05-28,149,102,147,False
2020-12-31,2021,1.9625,1.9756,1.8661,2.0406999999999997,-0.5502000000000047,-7.3331999999999855,6.782999999999981,0.16149999999999953,2021-05-28,148,101,148,False
2021-01-04,2021,1.9287,1.9487999999999999,1.8397999999999999,2.0111000000000003,-0.844199999999991,-7.194600000000019,6.350400000000028,0.15120000000000067,2021-05-28,144,100,149,False
2021-01-05,2021,1.9350999999999998,1.9661000000000002,1.8641999999999999,2.0361000000000002,-1.3020000000000151,-7.219800000000016,5.9178000000000015,0.14090000000000003,2021-05-28,143,99,150,False
2021-01-06,2021,1.9837,2.0039,1.8863999999999999,2.0611,-0.8483999999999905,-7.337400000000013,6.489000000000022,0.15450000000000053,2021-05-28,142,98,151,False
2021-01-07,2021,1.9474,1.9627000000000001,1.8413,2.0246,-0.6426000000000038,-7.698600000000001,7.055999999999997,0.16799999999999993,2021-05-28,141,97,152,False
2021-01-08,2021,1.9526,1.9661000000000002,1.8428,2.0129,-0.5670000000000122,-7.144200000000006,6.577199999999994,0.15659999999999985,2021-05-28,140,96,153,False
2021-01-11,2021,1.9691999999999998,1.9977,1.8596000000000001,2.0345,-1.197000000000008,-7.3457999999999934,6.148799999999985,0.14639999999999964,2021-05-28,137,95,154,False
2021-01-12,2021,1.9671,1.9968000000000001,1.8734,2.0513999999999997,-1.2474000000000025,-7.475999999999988,6.228599999999986,0.14829999999999965,2021-05-28,136,94,155,False
2021-01-13,2021,1.9788999999999999,2.0079,1.889,2.0672,-1.2179999999999964,-7.484400000000006,6.26640000000001,0.14920000000000022,2021-05-28,135,93,156,False
2021-01-14,2021,2.0206,2.0591,1.9334,2.1172,-1.616999999999999,-7.719599999999998,6.102599999999999,0.14529999999999998,2021-05-28,134,92,157,False
2021-01-15,2021,2.0492,2.0712,1.9325999999999999,2.1098,-0.9240000000000101,-7.442400000000001,6.518399999999991,0.15519999999999978,2021-05-28,133,91,158,False
2021-01-19,2021,2.0601,2.0872,1.9471,2.1275,-1.1382000000000145,-7.576799999999995,6.438599999999981,0.15329999999999955,2021-05-28,129,90,159,False
2021-01-20,2021,2.0615,2.0722,1.9353,2.1172999999999997,-0.44939999999999714,-7.643999999999988,7.194599999999991,0.17129999999999979,2021-05-28,128,89,160,False
2021-01-21,2021,2.073,2.0766,1.9512,2.1248,-0.151200000000002,-7.291199999999999,7.139999999999997,0.16999999999999993,2021-05-28,127,88,161,False
2021-01-22,2021,2.0524,2.0652,1.9439,2.1185,-0.5375999999999967,-7.333200000000003,6.7956000000000065,0.16180000000000017,2021-05-28,126,87,162,False
2021-01-25,2021,2.0632,2.0694999999999997,1.9327,2.108,-0.2645999999999802,-7.3626000000000005,7.09800000000002,0.16900000000000048,2021-05-28,123,86,163,False
2021-01-26,2021,2.0908,2.0903,1.9564,2.1289,0.021000000000007013,-7.244999999999995,7.266000000000002,0.17300000000000004,2021-05-28,122,85,164,False
2021-01-27,2021,2.0804,2.0825,1.9504,2.1212,-0.08819999999999961,-7.173600000000002,7.085400000000003,0.16870000000000007,2021-05-28,121,84,165,False
2021-01-28,2021,2.0762,2.0745,1.9561000000000002,2.1185,0.07140000000000146,-6.820799999999995,6.892199999999996,0.1640999999999999,2021-05-28,120,83,166,False
2021-01-29,2021,2.056,2.0709999999999997,1.9428,2.1057,-0.6299999999999866,-6.841800000000002,6.211800000000015,0.14790000000000036,2021-05-28,119,82,167,False
2021-02-01,2021,2.0416,2.0519,1.9443000000000001,2.1033,-0.432599999999999,-6.677999999999992,6.245399999999993,0.14869999999999983,2021-05-28,116,81,168,False
2021-02-02,2021,2.0614,2.0627,1.9705000000000001,2.1257,-0.05460000000000331,-6.5184,6.463799999999996,0.15389999999999993,2021-05-28,115,80,169,False
2021-02-03,2021,2.0815,2.0857,1.9722,2.1393,-0.17639999999999922,-7.018200000000001,6.841800000000002,0.16290000000000004,2021-05-28,114,79,170,False
2021-02-04,2021,2.1214,2.1137,1.9991999999999999,2.1534999999999997,0.32339999999999236,-6.4805999999999955,6.803999999999988,0.1619999999999997,2021-05-28,113,78,171,False
2021-02-05,2021,2.0857,2.085,1.9577,2.1209000000000002,0.029400000000006088,-6.85440000000001,6.883800000000016,0.16390000000000038,2021-05-28,112,77,172,False
2021-02-08,2021,2.0668,2.0696,1.936,2.1009,-0.11759999999998705,-6.925800000000011,6.808200000000024,0.16210000000000058,2021-05-28,109,76,173,False
2021-02-09,2021,2.0855,2.0798,1.9022,2.0774,0.2394000000000016,-7.358400000000001,7.597800000000003,0.18090000000000006,2021-05-28,108,75,174,False
2021-02-10,2021,2.1236,2.1026,1.9369999999999998,2.1037,0.8820000000000148,-7.001400000000003,7.883400000000018,0.18770000000000042,2021-05-28,107,74,175,False
2021-02-11,2021,2.1201,2.0927000000000002,1.9342,2.0966,1.1507999999999852,-6.820800000000004,7.971599999999989,0.18979999999999975,2021-05-28,106,73,176,False
2021-02-12,2021,2.1347,2.1057,1.9428999999999998,2.1015,1.2179999999999964,-6.6612000000000124,7.879200000000009,0.1876000000000002,2021-05-28,105,72,177,False
2021-02-16,2021,2.1306,2.0888999999999998,1.9572999999999998,2.114,1.751400000000003,-6.581400000000002,8.332800000000006,0.19840000000000013,2021-05-28,101,71,178,False
2021-02-17,2021,2.1294999999999997,2.0977,1.969,2.1253,1.3355999999999835,-6.564600000000004,7.9001999999999875,0.1880999999999997,2021-05-28,100,70,179,False
2021-02-18,2021,2.1785,2.1531000000000002,2.0196,2.1793,1.0667999999999944,-6.707399999999998,7.7741999999999924,0.18509999999999982,2021-05-28,99,69,180,False
2021-02-19,2021,2.1163,2.1149,1.9716,2.1391999999999998,0.058799999999993524,-7.0391999999999895,7.097999999999983,0.1689999999999996,2021-05-28,98,68,181,False
2021-02-22,2021,2.1651,2.1447,2.0188,2.1776,0.8567999999999989,-6.669599999999993,7.526399999999992,0.1791999999999998,2021-05-28,95,67,182,False
2021-02-23,2021,2.1805000000000003,2.162,2.0073,2.1698,0.777000000000017,-6.825000000000004,7.602000000000021,0.1810000000000005,2021-05-28,94,66,183,False
2021-02-24,2021,2.1821,2.1763,2.0153,2.1837999999999997,0.24360000000001047,-7.076999999999995,7.320600000000005,0.17430000000000012,2021-05-28,93,65,184,False
2021-02-25,2021,2.1324,2.1385,1.9809,2.1534999999999997,-0.25619999999999976,-7.249199999999985,6.992999999999985,0.16649999999999965,2021-05-28,92,64,185,False
2021-02-26,2021,2.2056,2.1956,2.0414,2.2093000000000003,0.41999999999999105,-7.051800000000016,7.471800000000007,0.17790000000000017,2021-05-28,91,63,186,False
2021-03-01,2021,2.1614,2.1790000000000003,2.025,2.1972,-0.7392000000000118,-7.2324000000000055,6.493199999999994,0.15459999999999985,2021-05-28,88,62,187,False
2021-03-02,2021,2.1978,2.1954,2.0474,2.2142,0.10080000000000755,-7.005599999999993,7.106400000000001,0.16920000000000002,2021-05-28,87,61,188,False
2021-03-03,2021,2.2096,2.2021,2.0606999999999998,2.2325999999999997,0.3149999999999933,-7.2197999999999976,7.534799999999991,0.17939999999999978,2021-05-28,86,60,189,False
2021-03-04,2021,2.2231,2.2237,2.0925,2.26,-0.025199999999997225,-7.034999999999999,7.009800000000002,0.16690000000000005,2021-05-28,85,59,190,False
2021-03-05,2021,2.2571,2.2561,2.1181,2.2853,0.041999999999995374,-7.022399999999991,7.064399999999987,0.16819999999999968,2021-05-28,84,58,191,False
2021-03-08,2021,2.2272,2.244,2.1159,2.286,-0.7056000000000155,-7.144200000000006,6.43859999999999,0.15329999999999977,2021-05-28,81,57,192,False
2021-03-09,2021,2.2418,2.2618,2.125,2.2973,-0.8400000000000007,-7.236599999999996,6.396599999999995,0.15229999999999988,2021-05-28,80,56,193,False
2021-03-10,2021,2.2479,2.2605,2.1355,2.3049,-0.5291999999999977,-7.1148,6.585600000000002,0.15680000000000005,2021-05-28,79,55,194,False
2021-03-11,2021,2.2314,2.2363,2.1281,2.2824,-0.2058000000000053,-6.480600000000004,6.274799999999999,0.14939999999999998,2021-05-28,78,54,195,False
2021-03-12,2021,2.1694999999999998,2.1755,2.0754,2.2257,-0.25200000000000955,-6.312599999999986,6.060599999999976,0.14429999999999943,2021-05-28,77,53,196,False
2021-03-15,2021,2.182,2.177,2.0639,2.2104,0.20999999999999552,-6.153000000000003,6.362999999999999,0.15149999999999997,2021-05-28,74,52,197,False
2021-03-16,2021,2.1727000000000003,2.1713999999999998,2.0512,2.1959999999999997,0.054600000000021964,-6.081599999999983,6.136200000000005,0.14610000000000012,2021-05-28,73,51,198,False
2021-03-17,2021,2.1612,2.1834000000000002,2.037,2.1856999999999998,-0.9324000000000092,-6.245399999999993,5.312999999999984,0.1264999999999996,2021-05-28,72,50,199,False
2021-03-18,2021,2.2004,2.2075,2.0576,2.204,-0.29819999999999514,-6.148800000000013,5.850600000000018,0.13930000000000042,2021-05-28,71,49,200,False
2021-03-19,2021,2.2066999999999997,2.2235,2.0785,2.2300999999999997,-0.7056000000000155,-6.367199999999989,5.661599999999973,0.13479999999999936,2021-05-28,70,48,201,False
2021-03-22,2021,2.2007,2.1809,2.031,2.1729,0.8316000000000017,-5.959799999999987,6.791399999999989,0.16169999999999973,2021-05-28,67,47,202,False
2021-03-24,2021,2.2263,2.2272,2.0623,2.2024,-0.03779999999998651,-5.884199999999995,5.846400000000009,0.1392000000000002,2021-05-28,65,46,203,False
2021-03-25,2021,2.2588999999999997,2.2544,2.0933,2.2344999999999997,0.1889999999999885,-5.930399999999981,6.1193999999999695,0.14569999999999927,2021-05-28,64,45,204,False
2021-03-26,2021,2.2184,2.2382,2.064,2.2094,-0.8316000000000017,-6.106799999999999,5.275199999999997,0.12559999999999993,2021-05-28,63,44,205,False
2021-03-29,2021,2.2377000000000002,2.2668,2.0967,2.2408,-1.2221999999999866,-6.052200000000014,4.830000000000028,0.11500000000000066,2021-05-28,60,43,206,False
2021-03-30,2021,2.2496,2.2756,2.1018,2.2536,-1.0919999999999916,-6.375600000000007,5.283600000000015,0.12580000000000036,2021-05-28,59,42,207,False
2021-03-31,2021,2.2588999999999997,2.2840000000000003,2.1023,2.2557,-1.0542000000000238,-6.442799999999999,5.388599999999975,0.12829999999999941,2021-05-28,58,41,208,False
2021-04-01,2021,2.2687,2.3012,2.1274,2.2818,-1.3650000000000082,-6.484799999999995,5.119799999999986,0.12189999999999968,2021-05-28,57,40,209,False
2021-04-05,2021,2.2287,2.2529,2.0846,2.2441999999999998,-1.0164,-6.703199999999989,5.686799999999989,0.13539999999999974,2021-05-28,53,39,210,False
2021-04-06,2021,2.2428,2.266,2.1067,2.2658,-0.9744000000000046,-6.682200000000001,5.707799999999996,0.1358999999999999,2021-05-28,52,38,211,False
2021-04-07,2021,2.3123,2.3338,2.1643,2.3271,-0.9030000000000031,-6.837600000000012,5.9346000000000085,0.1413000000000002,2021-05-28,51,37,212,False
2021-04-08,2021,2.3568000000000002,2.3655,2.2064,2.365,-0.36539999999998773,-6.6612000000000124,6.295800000000025,0.1499000000000006,2021-05-28,50,36,213,False
2021-04-09,2021,2.3653,2.3682,2.2051,2.3572,-0.12179999999999591,-6.3882000000000145,6.266400000000019,0.14920000000000044,2021-05-28,49,35,214,False
2021-04-12,2021,2.3988,2.3966,2.234,2.3802000000000003,0.09240000000000848,-6.140400000000014,6.232800000000022,0.14840000000000053,2021-05-28,46,34,215,False
2021-04-13,2021,2.4304,2.4015,2.2426,2.3832,1.2138000000000062,-5.9052000000000024,7.119000000000009,0.1695000000000002,2021-05-28,45,33,216,False
2021-04-14,2021,2.3952,2.3631,2.2135,2.3563,1.3481999999999914,-5.997600000000011,7.345800000000002,0.17490000000000006,2021-05-28,44,32,217,False
2021-04-15,2021,2.3653999999999997,2.3504,2.2195,2.3657,0.6299999999999866,-6.140399999999995,6.770399999999982,0.16119999999999957,2021-05-28,43,31,218,False
2021-04-16,2021,2.3446000000000002,2.3306999999999998,2.2156000000000002,2.3588,0.5838000000000196,-6.01439999999999,6.59820000000001,0.15710000000000024,2021-05-28,42,30,219,False
2021-04-19,2021,2.3631,2.3427000000000002,2.2414,2.3790999999999998,0.8567999999999989,-5.783399999999988,6.640199999999987,0.15809999999999969,2021-05-28,39,29,220,False
2021-04-20,2021,2.3536,2.3302,2.222,2.3733,0.9828000000000037,-6.3546,7.337400000000003,0.17470000000000008,2021-05-28,38,28,221,False
2021-04-21,2021,2.3271,2.3058,2.2166,2.3686000000000003,0.8946000000000041,-6.384000000000006,7.27860000000001,0.17330000000000023,2021-05-28,37,27,222,False
2021-04-22,2021,2.2881,2.275,2.1742,2.3327,0.5502000000000047,-6.657000000000004,7.207200000000008,0.1716000000000002,2021-05-28,36,26,223,False
2021-04-23,2021,2.2719,2.2783,2.1808,2.3428,-0.2688000000000077,-6.803999999999997,6.535199999999989,0.15559999999999974,2021-05-28,35,25,224,False
2021-04-26,2021,2.2792,2.2849,2.1841999999999997,2.3516,-0.2394000000000016,-7.030800000000009,6.791400000000007,0.16170000000000018,2021-05-28,32,24,225,False
2021-04-27,2021,2.2618,2.2539,2.1675999999999997,2.3335,0.3318000000000101,-6.967800000000007,7.299600000000017,0.1738000000000004,2021-05-28,31,23,226,False
2021-04-28,2021,2.2535,2.2421,2.1616999999999997,2.3232,0.47879999999998457,-6.783000000000008,7.261799999999993,0.17289999999999983,2021-05-28,30,22,227,False
2021-04-29,2021,2.2421,2.2434,2.1578,2.3232,-0.05459999999998466,-6.9468,6.892200000000015,0.16410000000000036,2021-05-28,29,21,228,False
2021-04-30,2021,2.2369,2.2357,2.1699,2.3254,0.05039999999999445,-6.530999999999999,6.581399999999993,0.15669999999999984,2021-05-28,28,20,229,False
2021-05-03,2021,2.2478,2.2441999999999998,2.1836,2.3445,0.151200000000002,-6.7577999999999925,6.9089999999999945,0.16449999999999987,2021-05-28,25,19,230,False
2021-05-04,2021,2.2846,2.2713,2.2121,2.3638999999999997,0.5586000000000038,-6.375599999999988,6.934199999999992,0.1650999999999998,2021-05-28,24,18,231,False
2021-05-05,2021,2.2958000000000003,2.2712,2.2099,2.3681,1.0332000000000168,-6.644399999999996,7.677600000000012,0.1828000000000003,2021-05-28,23,17,232,False
2021-05-06,2021,2.2806,2.2771,2.2211000000000003,2.3808000000000002,0.1470000000000118,-6.707399999999998,6.85440000000001,0.16320000000000023,2021-05-28,22,16,233,False
2021-05-07,2021,2.2861000000000002,2.2868,2.2218,2.3815,-0.029399999999987436,-6.707399999999998,6.678000000000011,0.15900000000000025,2021-05-28,21,15,234,False
2021-05-10,2021,2.2532,2.2608,2.173,2.3373,-0.31920000000000215,-6.900599999999995,6.581399999999993,0.15669999999999984,2021-05-28,18,14,235,False
2021-05-11,2021,2.2293000000000003,2.237,2.1567,2.3122,-0.32339999999999236,-6.530999999999999,6.2076000000000064,0.14780000000000015,2021-05-28,17,13,236,False
2021-05-12,2021,2.2721999999999998,2.2912,2.2193,2.374,-0.7980000000000054,-6.4974000000000025,5.699399999999997,0.13569999999999993,2021-05-28,16,12,237,False
2021-05-13,2021,2.3208,2.3374,2.2586,2.4158,-0.6971999999999978,-6.6024,5.9052000000000024,0.14060000000000006,2021-05-28,15,11,238,False
2021-05-14,2021,2.3306,2.3387000000000002,2.2466,2.4038999999999997,-0.34020000000000916,-6.6065999999999905,6.266399999999981,0.14919999999999956,2021-05-28,14,10,239,False
2021-05-17,2021,2.327,2.3272,2.2262,2.3841,-0.008399999999999075,-6.631800000000006,6.623400000000007,0.15770000000000017,2021-05-28,11,9,240,False
2021-05-18,2021,2.3019,2.3165,2.205,2.3629,-0.6132000000000071,-6.631799999999988,6.018599999999981,0.14329999999999954,2021-05-28,10,8,241,False
2021-05-19,2021,2.3511,2.3428999999999998,2.2316,2.3844,0.344400000000018,-6.417600000000002,6.76200000000002,0.16100000000000048,2021-05-28,9,7,242,False
2021-05-20,2021,2.3661000000000003,2.3266,2.2201,2.367,1.6590000000000131,-6.169800000000001,7.828800000000014,0.18640000000000034,2021-05-28,8,6,243,False
2021-05-21,2021,2.3592,2.3262,2.2093000000000003,2.3518,1.3859999999999966,-5.984999999999984,7.370999999999981,0.17549999999999955,2021-05-28,7,5,244,False
2021-05-24,2021,2.3699,2.3399,2.2195,2.3643,1.2599999999999918,-6.081600000000002,7.3415999999999935,0.17479999999999984,2021-05-28,4,4,245,False
2021-05-25,2021,2.3762,2.3545,2.2337000000000002,2.3922,0.9114000000000022,-6.656999999999985,7.568399999999987,0.1801999999999997,2021-05-28,3,3,246,False
2021-05-26,2021,2.3865,2.3561,2.234,2.3936,1.27679999999999,-6.703200000000008,7.979999999999998,0.18999999999999995,2021-05-28,2,2,247,False
2021-05-27,2021,2.4052000000000002,2.3718,2.2357,2.3938,1.4028000000000134,-6.640200000000005,8.043000000000019,0.19150000000000045,2021-05-28,1,1,248,False
2021-05-28,2021,2.4211,2.3794999999999997,2.2388,2.3981,1.7472000000000127,-6.6906,8.437800000000014,0.20090000000000033,2021-05-28,0,0,249,False
2021-06-01,2022,2.2788999999999997,2.3513,2.1405000000000003,2.4058,-3.0408000000000195,-11.142599999999995,8.101799999999976,0.19289999999999943,2022-05-31,364,252,0,False
2021-06-02,2022,2.3272,2.3836,2.1807,2.4469,-2.3688000000000002,-11.180399999999999,8.811599999999999,0.20979999999999996,2022-05-31,363,251,1,False
2021-06-03,2022,2.3387000000000002,2.3697999999999997,2.1734,2.4305000000000003,-1.3061999999999774,-10.798200000000014,9.492000000000036,0.22600000000000087,2022-05-31,362,250,2,False
2021-06-04,2022,2.3674,2.4078999999999997,2.2124,2.4668,-1.7009999999999899,-10.6848,8.98380000000001,0.21390000000000023,2022-05-31,361,249,3,False
2021-06-07,2022,2.42,2.4456,2.2635,2.5162,-1.0752000000000121,-10.613399999999997,9.538199999999986,0.22709999999999966,2022-05-31,358,248,4,False
2021-06-08,2022,2.4024,2.4232,2.2044,2.4575,-0.873599999999997,-10.630199999999995,9.756599999999999,0.23229999999999998,2022-05-31,357,247,5,False
2021-06-09,2022,2.3734,2.4038,2.1706,2.4296,-1.27679999999999,-10.878000000000014,9.601200000000023,0.22860000000000055,2022-05-31,356,246,6,False
2021-06-10,2022,2.3609,2.3994,2.1523,2.4196,-1.616999999999999,-11.226600000000005,9.609600000000006,0.22880000000000014,2022-05-31,355,245,7,False
2021-06-11,2022,2.3824,2.4337,2.1912000000000003,2.4633000000000003,-2.154599999999996,-11.4282,9.273600000000005,0.22080000000000014,2022-05-31,354,244,8,False
2021-06-14,2022,2.3728,2.4101,2.1427,2.4196,-1.5666000000000047,-11.629799999999996,10.063199999999991,0.23959999999999979,2022-05-31,351,243,9,False
2021-06-15,2022,2.4057,2.4228,2.1641999999999997,2.4392,-0.7182000000000048,-11.550000000000015,10.83180000000001,0.25790000000000024,2022-05-31,350,242,10,False
2021-06-16,2022,2.4156,2.4301,2.1723,2.4432,-0.6089999999999982,-11.377800000000006,10.768800000000008,0.2564000000000002,2022-05-31,349,241,11,False
2021-06-17,2022,2.4481,2.4619999999999997,2.2149,2.4837000000000002,-0.5837999999999823,-11.289600000000007,10.705800000000025,0.25490000000000057,2022-05-31,348,240,12,False
2021-06-18,2022,2.4859,2.5004,2.2559,2.5247,-0.6089999999999982,-11.289600000000007,10.680600000000009,0.2543000000000002,2022-05-31,347,239,13,False
2021-06-21,2022,2.4888,2.5082,2.2733000000000003,2.5433000000000003,-0.8148000000000035,-11.34,10.525199999999996,0.25059999999999993,2022-05-31,344,238,14,False
2021-06-22,2022,2.4749,2.4851,2.2394,2.5044999999999997,-0.4284000000000088,-11.134199999999996,10.705799999999988,0.2548999999999997,2022-05-31,343,237,15,False
2021-06-23,2022,2.4749,2.4652000000000003,2.2053,2.4676,0.4073999999999831,-11.016600000000007,11.42399999999999,0.2719999999999998,2022-05-31,342,236,16,False
2021-06-24,2022,2.4956,2.4787,2.2337000000000002,2.4958,0.7098000000000058,-11.008199999999992,11.717999999999996,0.2789999999999999,2022-05-31,341,235,17,False
2021-06-25,2022,2.5696,2.5475,2.3105,2.577,0.9282000000000004,-11.192999999999989,12.12119999999999,0.28859999999999975,2022-05-31,340,234,18,False
2021-06-28,2022,2.5767,2.5424,2.3246,2.5835000000000004,1.4405999999999999,-10.873800000000006,12.314400000000006,0.2932000000000001,2022-05-31,337,233,19,False
2021-06-29,2022,2.5753,2.5582,2.3264,2.5901,0.7182000000000048,-11.075400000000002,11.793600000000007,0.28080000000000016,2022-05-31,336,232,20,False
2021-06-30,2022,2.5646,2.5513,2.3141,2.5792,0.5586000000000038,-11.134200000000014,11.692800000000018,0.2784000000000004,2022-05-31,335,231,21,False
2021-07-01,2022,2.495,2.4895,2.2437,2.5149,0.23100000000000254,-11.390399999999996,11.621399999999998,0.27669999999999995,2022-05-31,334,230,22,False
2021-07-02,2022,2.4849,2.4843,2.2476,2.5149,0.025199999999997225,-11.226600000000005,11.251800000000003,0.2679000000000001,2022-05-31,333,229,23,False
2021-07-06,2022,2.4599,2.44,2.2032,2.4693,0.8358000000000105,-11.176200000000009,12.012000000000018,0.2860000000000004,2022-05-31,329,228,24,False
2021-07-07,2022,2.4561,2.418,2.205,2.4576,1.600200000000001,-10.609199999999987,12.209399999999988,0.29069999999999974,2022-05-31,328,227,25,False
2021-07-08,2022,2.4413,2.4024,2.1936,2.4377,1.6337999999999973,-10.252199999999998,11.885999999999996,0.2829999999999999,2022-05-31,327,226,26,False
2021-07-09,2022,2.4589,2.4191,2.2286,2.465,1.6716000000000024,-9.928799999999988,11.60039999999999,0.2761999999999998,2022-05-31,326,225,27,False
2021-07-12,2022,2.4596,2.4206,2.2256,2.47,1.6380000000000061,-10.264800000000008,11.902800000000013,0.2834000000000003,2022-05-31,323,224,28,False
2021-07-13,2022,2.4107,2.3781,2.1833,2.4215,1.3691999999999984,-10.004399999999999,11.373599999999996,0.27079999999999993,2022-05-31,322,223,29,False
2021-07-14,2022,2.4232,2.3879,2.1851,2.4238999999999997,1.4825999999999953,-10.029599999999995,11.51219999999999,0.27409999999999973,2022-05-31,321,222,30,False
2021-07-15,2022,2.4393000000000002,2.3982,2.1771000000000003,2.4200999999999997,1.7262000000000057,-10.205999999999976,11.932199999999982,0.2840999999999996,2022-05-31,320,221,31,False
2021-07-16,2022,2.4304,2.3965,2.1626,2.4042,1.4238000000000017,-10.147200000000002,11.571000000000003,0.2755000000000001,2022-05-31,319,220,32,False
2021-07-19,2022,2.3984,2.3579,2.1252,2.3593,1.7010000000000085,-9.832200000000007,11.533200000000015,0.27460000000000034,2022-05-31,316,219,33,False
2021-07-20,2022,2.3409999999999997,2.322,2.0789,2.3167,0.7979999999999867,-9.9876,10.785599999999988,0.2567999999999997,2022-05-31,315,218,34,False
2021-07-21,2022,2.3588999999999998,2.3511,2.1057,2.3447,0.32759999999998257,-10.037999999999995,10.365599999999977,0.24679999999999946,2022-05-31,314,217,35,False
2021-07-22,2022,2.3553,2.344,2.0963,2.3346999999999998,0.474600000000013,-10.012799999999999,10.487400000000012,0.24970000000000028,2022-05-31,313,216,36,False
2021-07-23,2022,2.2922,2.2938,2.0459,2.2876,-0.06720000000001125,-10.151399999999992,10.084199999999981,0.24009999999999956,2022-05-31,312,215,37,False
2021-07-26,2022,2.2955,2.3082,2.0629,2.3053,-0.5333999999999879,-10.180799999999998,9.64740000000001,0.22970000000000024,2022-05-31,309,214,38,False
2021-07-27,2022,2.2819,2.2873,2.0416,2.2794,-0.22680000000001233,-9.9876,9.760799999999989,0.23239999999999975,2022-05-31,308,213,39,False
2021-07-28,2022,2.294,2.2992,2.0609,2.3005,-0.2183999999999946,-10.063199999999991,9.844799999999996,0.2343999999999999,2022-05-31,307,212,40,False
2021-07-29,2022,2.2822,2.2759,2.0448,2.2840000000000003,0.26459999999999884,-10.046400000000013,10.31100000000001,0.24550000000000025,2022-05-31,306,211,41,False
2021-07-30,2022,2.3234,2.3196,2.0972,2.3392,0.15960000000000107,-10.164,10.3236,0.24580000000000002,2022-05-31,305,210,42,False
2021-08-02,2022,2.3338,2.3139,2.0721000000000003,2.3206,0.8358000000000105,-10.436999999999998,11.272800000000007,0.2684000000000002,2022-05-31,302,209,43,False
2021-08-03,2022,2.3822,2.3624,2.1187,2.3665000000000003,0.8316000000000017,-10.40760000000001,11.239200000000011,0.2676000000000003,2022-05-31,301,208,44,False
2021-08-04,2022,2.4154,2.3971999999999998,2.1279,2.3794999999999997,0.7644000000000091,-10.567199999999993,11.331600000000002,0.26980000000000004,2022-05-31,300,207,45,False
2021-08-05,2022,2.4026,2.3979,2.1261,2.3736,0.19740000000000624,-10.395000000000003,10.592400000000008,0.2522000000000002,2022-05-31,299,206,46,False
2021-08-06,2022,2.3958,2.4133,2.1412999999999998,2.4083,-0.735000000000003,-11.214000000000015,10.479000000000012,0.24950000000000028,2022-05-31,298,205,47,False
2021-08-09,2022,2.4087,2.4067,2.149,2.4105000000000003,0.0840000000000094,-10.983000000000011,11.067000000000021,0.2635000000000005,2022-05-31,295,204,48,False
2021-08-10,2022,2.4186,2.4116,2.166,2.4274,0.2940000000000049,-10.978800000000003,11.272800000000007,0.2684000000000002,2022-05-31,294,203,49,False
2021-08-11,2022,2.4319,2.4081,2.1656999999999997,2.4245,0.9996000000000018,-10.869600000000016,11.869200000000017,0.2826000000000004,2022-05-31,293,202,50,False
2021-08-12,2022,2.4251,2.417,2.1646,2.4330000000000003,0.34020000000000916,-11.272800000000007,11.613000000000017,0.2765000000000004,2022-05-31,292,201,51,False
2021-08-13,2022,2.4475,2.4133,2.1517,2.4205,1.436399999999991,-11.289600000000007,12.725999999999999,0.303,2022-05-31,291,200,52,False
2021-08-16,2022,2.4712,2.4156,2.1588,2.4225,2.335200000000004,-11.075400000000002,13.410600000000006,0.31930000000000014,2022-05-31,288,199,53,False
2021-08-17,2022,2.4534000000000002,2.3941,2.1361000000000003,2.4005,2.490600000000015,-11.10479999999999,13.595400000000005,0.3237000000000001,2022-05-31,287,198,54,False
2021-08-18,2022,2.4553,2.3822,2.1294999999999997,2.386,3.0701999999999883,-10.773000000000017,13.843200000000007,0.32960000000000017,2022-05-31,286,197,55,False
2021-08-19,2022,2.4581999999999997,2.4,2.147,2.4072,2.444399999999992,-10.928400000000009,13.372800000000002,0.3184,2022-05-31,285,196,56,False
2021-08-20,2022,2.5073,2.4389,2.1807,2.4478999999999997,2.8728000000000007,-11.222399999999995,14.095199999999995,0.3355999999999999,2022-05-31,284,195,57,False
2021-08-23,2022,2.5042,2.4353,2.1629,2.4354,2.8938000000000077,-11.444999999999999,14.338800000000006,0.34140000000000015,2022-05-31,281,194,58,False
2021-08-24,2022,2.5018000000000002,2.4485,2.1621,2.436,2.2386000000000053,-11.503799999999991,13.742399999999996,0.32719999999999994,2022-05-31,280,193,59,False
2021-08-25,2022,2.4922,2.4412000000000003,2.1451,2.4205,2.141999999999988,-11.566800000000013,13.7088,0.3264,2022-05-31,279,192,60,False
2021-08-26,2022,2.467,2.4245,2.1214,2.406,1.7849999999999993,-11.953200000000008,13.738200000000006,0.32710000000000017,2022-05-31,278,191,61,False
2021-08-27,2022,2.4534000000000002,2.4209,2.1218,2.3989,1.3650000000000082,-11.638199999999996,13.003200000000003,0.3096000000000001,2022-05-31,277,190,62,False
2021-08-30,2022,2.4466,2.403,2.1049,2.3837,1.8312000000000035,-11.709599999999998,13.5408,0.3224,2022-05-31,274,189,63,False
2021-08-31,2022,2.46,2.4051,2.0919,2.373,2.305799999999998,-11.806200000000015,14.112000000000013,0.3360000000000003,2022-05-31,273,188,64,False
2021-09-01,2022,2.4356999999999998,2.3927,2.076,2.3556,1.8059999999999876,-11.743199999999995,13.549199999999981,0.32259999999999955,2022-05-31,272,187,65,False
2021-09-02,2022,2.4266,2.3853999999999997,2.0671,2.3543000000000003,1.7304000000000146,-12.062400000000014,13.792800000000028,0.3284000000000007,2022-05-31,271,186,66,False
2021-09-03,2022,2.4657,2.3963,2.0893,2.3674,2.914799999999996,-11.680199999999992,14.594999999999988,0.3474999999999997,2022-05-31,270,185,67,False
2021-09-07,2022,2.4336,2.3742,2.0777,2.3568000000000002,2.494800000000005,-11.722200000000004,14.21700000000001,0.33850000000000025,2022-05-31,266,184,68,False
2021-09-08,2022,2.4569,2.3987,2.1016,2.3916,2.4444000000000106,-12.180000000000001,14.624400000000012,0.3482000000000003,2022-05-31,265,183,69,False
2021-09-09,2022,2.4562,2.3891999999999998,2.0989,2.392,2.814000000000007,-12.310199999999996,15.124200000000004,0.3601000000000001,2022-05-31,264,182,70,False
2021-09-10,2022,2.4899,2.4330000000000003,2.1391,2.4355,2.3897999999999886,-12.44880000000001,14.838599999999998,0.35329999999999995,2022-05-31,263,181,71,False
2021-09-13,2022,2.4516,2.4219999999999997,2.1227,2.4215999999999998,1.2432000000000123,-12.553799999999988,13.797,0.3285,2022-05-31,260,180,72,False
2021-09-14,2022,2.5027,2.4678999999999998,2.1636,2.4596999999999998,1.461600000000007,-12.436199999999982,13.89779999999999,0.33089999999999975,2022-05-31,259,179,73,False
2021-09-15,2022,2.5066,2.4736000000000002,2.1727000000000003,2.4743,1.3859999999999966,-12.667199999999985,14.053199999999983,0.33459999999999956,2022-05-31,258,178,74,False
2021-09-16,2022,2.5046,2.4581,2.1588,2.4575,1.9529999999999994,-12.545400000000008,14.498400000000007,0.3452000000000002,2022-05-31,257,177,75,False
2021-09-17,2022,2.5266,2.4692,2.1699,2.4673,2.4108000000000143,-12.490799999999986,14.9016,0.3548,2022-05-31,256,176,76,False
2021-09-20,2022,2.4821,2.4227000000000003,2.1118,2.4008000000000003,2.4947999999999864,-12.138000000000005,14.632799999999992,0.3483999999999998,2022-05-31,253,175,77,False
2021-09-21,2022,2.4824,2.4191,2.1072,2.3885,2.658600000000015,-11.814599999999995,14.47320000000001,0.34460000000000024,2022-05-31,252,174,78,False
2021-09-22,2022,2.4643,2.4169,2.0899,2.378,1.9908000000000046,-12.100200000000001,14.091000000000005,0.33550000000000013,2022-05-31,251,173,79,False
2021-09-23,2022,2.4505,2.4082,2.0834,2.379,1.7766000000000002,-12.415199999999995,14.191799999999995,0.33789999999999987,2022-05-31,250,172,80,False
2021-09-24,2022,2.4424,2.4128,2.0933,2.3896,1.2432000000000123,-12.444600000000001,13.687800000000014,0.3259000000000003,2022-05-31,249,171,81,False
2021-09-27,2022,2.4129,2.3933,2.069,2.3629,0.8232000000000026,-12.343799999999993,13.166999999999994,0.3134999999999999,2022-05-31,246,170,82,False
2021-09-28,2022,2.3569,2.3586,2.059,2.3482,-0.07140000000000146,-12.146399999999986,12.074999999999985,0.28749999999999964,2022-05-31,245,169,83,False
2021-09-29,2022,2.3224,2.3368,2.0259,2.3212,-0.604800000000008,-12.402600000000005,11.797799999999997,0.2808999999999999,2022-05-31,244,168,84,False
2021-09-30,2022,2.2939,2.3024,1.999,2.2925,-0.3570000000000073,-12.326999999999995,11.969999999999988,0.2849999999999997,2022-05-31,243,167,85,False
2021-10-01,2022,2.2881,2.3031,2.0017,2.299,-0.6300000000000052,-12.486599999999996,11.85659999999999,0.2822999999999998,2022-05-31,242,166,86,False
2021-10-04,2022,2.2739,2.2906,1.99,2.28,-0.7014000000000067,-12.179999999999993,11.478599999999986,0.27329999999999965,2022-05-31,239,165,87,False
2021-10-05,2022,2.3428999999999998,2.3472,2.0515,2.3377,-0.1806000000000081,-12.0204,11.839799999999993,0.2818999999999998,2022-05-31,238,164,88,False
2021-10-06,2022,2.374,2.3899,2.096,2.3834,-0.6677999999999917,-12.070799999999995,11.403000000000002,0.2715000000000001,2022-05-31,237,163,89,False
2021-10-07,2022,2.4034,2.4255,2.1224000000000003,2.4144,-0.9282000000000004,-12.263999999999992,11.335799999999992,0.2698999999999998,2022-05-31,236,162,90,False
2021-10-08,2022,2.4038999999999997,2.4207,2.1346000000000003,2.4184,-0.7056000000000155,-11.919599999999992,11.213999999999977,0.26699999999999946,2022-05-31,235,161,91,False
2021-10-11,2022,2.3209999999999997,2.3356,2.0446,2.3327,-0.6132000000000071,-12.100200000000001,11.486999999999995,0.27349999999999985,2022-05-31,232,160,92,False
2021-10-12,2022,2.2709,2.3015,2.0253,2.314,-1.285199999999989,-12.125399999999999,10.84020000000001,0.2581000000000002,2022-05-31,231,159,93,False
2021-10-13,2022,2.2588,2.2924,2.0091,2.3037,-1.4112000000000124,-12.373199999999999,10.961999999999986,0.2609999999999997,2022-05-31,230,158,94,False
2021-10-14,2022,2.2427,2.2825,1.9863,2.2808,-1.6716000000000024,-12.369000000000009,10.697400000000005,0.25470000000000015,2022-05-31,229,157,95,False
2021-10-15,2022,2.2846,2.3253,2.0423,2.3350999999999997,-1.709399999999989,-12.297599999999989,10.5882,0.2521,2022-05-31,228,156,96,False
2021-10-18,2022,2.2481,2.295,1.9964,2.2880000000000003,-1.9697999999999976,-12.247200000000014,10.277400000000016,0.2447000000000004,2022-05-31,225,155,97,False
2021-10-19,2022,2.2411000000000003,2.2886,1.9913999999999998,2.2813999999999997,-1.9949999999999948,-12.179999999999993,10.184999999999999,0.24249999999999997,2022-05-31,224,154,98,False
2021-10-20,2022,2.2699000000000003,2.2903000000000002,2.0040999999999998,2.291,-0.8567999999999989,-12.049800000000007,11.193000000000008,0.2665000000000002,2022-05-31,223,153,99,False
2021-10-21,2022,2.3086,2.3208,2.0318,2.3172,-0.5123999999999995,-11.986800000000004,11.474400000000005,0.2732000000000001,2022-05-31,222,152,100,False
2021-10-22,2022,2.3252,2.3294,2.0456,2.3243,-0.17639999999999922,-11.705400000000008,11.529000000000009,0.2745000000000002,2022-05-31,221,151,101,False
2021-10-25,2022,2.3623,2.3552,2.0698,2.3447,0.29819999999999514,-11.545800000000007,11.844000000000001,0.28200000000000003,2022-05-31,218,150,102,False
2021-10-26,2022,2.3909000000000002,2.362,2.0613,2.3298,1.2138000000000062,-11.276999999999997,12.490800000000004,0.2974000000000001,2022-05-31,217,149,103,False
2021-10-27,2022,2.3935,2.353,2.0495,2.3149,1.7009999999999899,-11.146800000000002,12.847799999999992,0.30589999999999984,2022-05-31,216,148,104,False
2021-10-28,2022,2.3544,2.3333,2.0291,2.2912,0.886200000000005,-11.008199999999992,11.894399999999997,0.28319999999999995,2022-05-31,215,147,105,False
2021-10-29,2022,2.3737,2.3617,2.0376,2.3009,0.5040000000000004,-11.058600000000004,11.562600000000003,0.2753000000000001,2022-05-31,214,146,106,False
2021-11-01,2022,2.4166,2.3952,2.0812,2.3394999999999997,0.8987999999999943,-10.84859999999999,11.747399999999985,0.2796999999999996,2022-05-31,211,145,107,False
2021-11-02,2022,2.405,2.4084,2.0894,2.3505000000000003,-0.14280000000000292,-10.966200000000015,10.823400000000012,0.25770000000000026,2022-05-31,210,144,108,False
2021-11-03,2022,2.4388,2.4506,2.1482,2.4099,-0.4956000000000014,-10.991399999999992,10.49579999999999,0.24989999999999976,2022-05-31,209,143,109,False
2021-11-04,2022,2.4128,2.4313,2.123,2.395,-0.7769999999999984,-11.423999999999992,10.646999999999995,0.2534999999999999,2022-05-31,208,142,110,False
2021-11-05,2022,2.4297,2.4399,2.1303,2.3986,-0.4284000000000088,-11.2686,10.84019999999999,0.2580999999999998,2022-05-31,207,141,111,False
2021-11-08,2022,2.4325,2.4292,2.1262,2.3896,0.1386000000000127,-11.062800000000014,11.201400000000026,0.2667000000000006,2022-05-31,204,140,112,False
2021-11-09,2022,2.457,2.434,2.1418,2.4052000000000002,0.9659999999999869,-11.062800000000014,12.0288,0.2864,2022-05-31,203,139,113,False
2021-11-10,2022,2.4856,2.4591,2.1521,2.4202,1.1129999999999987,-11.260200000000001,12.3732,0.29460000000000003,2022-05-31,202,138,114,False
2021-11-11,2022,2.4259,2.4076,2.0885,2.3567,0.7685999999999993,-11.264400000000009,12.033000000000008,0.2865000000000002,2022-05-31,201,137,115,False
2021-11-12,2022,2.418,2.3895,2.0585,2.3224,1.197000000000008,-11.0838,12.280800000000008,0.2924000000000002,2022-05-31,200,136,116,False
2021-11-15,2022,2.4246,2.3971,2.0532,2.3225,1.154999999999994,-11.310599999999994,12.465599999999988,0.29679999999999973,2022-05-31,197,135,117,False
2021-11-16,2022,2.4697,2.4506,2.0896,2.3586,0.8021999999999956,-11.298000000000005,12.100200000000001,0.2881,2022-05-31,196,134,118,False
2021-11-17,2022,2.4691,2.4516999999999998,2.0912,2.3476,0.7308000000000128,-10.768799999999988,11.499600000000001,0.27380000000000004,2022-05-31,195,133,119,False
2021-11-18,2022,2.4765,2.4765,2.1273,2.3842,0.0,-10.789799999999996,10.789799999999996,0.2568999999999999,2022-05-31,194,132,120,False
2021-11-19,2022,2.4986,2.499,2.1466,2.4066,-0.01679999999999815,-10.920000000000009,10.90320000000001,0.2596000000000003,2022-05-31,193,131,121,False
2021-11-22,2022,2.5012,2.479,2.1391,2.3958,0.9323999999999906,-10.781399999999998,11.713799999999988,0.2788999999999997,2022-05-31,190,130,122,False
2021-11-23,2022,2.5118,2.4951,2.1625,2.4161,0.7014000000000067,-10.651200000000003,11.35260000000001,0.2703000000000002,2022-05-31,189,129,123,False
2021-11-24,2022,2.4489,2.4347,2.0909,2.344,0.5964000000000089,-10.630199999999995,11.226600000000005,0.2673000000000001,2022-05-31,188,128,124,False
2021-11-26,2022,2.4344,2.4287,2.0755,2.3278,0.2394000000000016,-10.596599999999999,10.836,0.258,2022-05-31,186,127,125,False
2021-11-29,2022,2.431,2.4163,2.0779,2.324,0.6173999999999973,-10.336199999999991,10.953599999999987,0.2607999999999997,2022-05-31,183,126,126,False
2021-11-30,2022,2.4396,2.437,2.0945,2.3458,0.10920000000000663,-10.554600000000004,10.66380000000001,0.25390000000000024,2022-05-31,182,125,127,False
2021-12-01,2022,2.4267,2.4259,2.0839,2.3350999999999997,0.0335999999999963,-10.550399999999994,10.58399999999999,0.2519999999999998,2022-05-31,181,124,128,False
2021-12-02,2022,2.4411,2.4436,2.102,2.3525,-0.10499999999999776,-10.521000000000008,10.416000000000011,0.24800000000000028,2022-05-31,180,123,129,False
2021-12-03,2022,2.4251,2.4268,2.0902000000000003,2.3405,-0.07140000000000146,-10.512599999999988,10.441199999999988,0.2485999999999997,2022-05-31,179,122,130,False
2021-12-06,2022,2.4453,2.4423,2.0946000000000002,2.3588,0.12600000000000477,-11.09639999999999,11.222399999999995,0.2671999999999999,2022-05-31,176,121,131,False
2021-12-07,2022,2.4356999999999998,2.4374000000000002,2.1054,2.3672999999999997,-0.07140000000002011,-10.999799999999992,10.928399999999971,0.2601999999999993,2022-05-31,175,120,132,False
2021-12-08,2022,2.4457,2.4303,2.1143,2.3703,0.6468000000000034,-10.751999999999992,11.398799999999994,0.27139999999999986,2022-05-31,174,119,133,False
2021-12-09,2022,2.4574000000000003,2.4395,2.1180000000000003,2.3703,0.7518000000000198,-10.596599999999981,11.348400000000002,0.27020000000000005,2022-05-31,173,118,134,False
2021-12-10,2022,2.4551,2.4426,2.1391,2.3907,0.5249999999999888,-10.567199999999993,11.09219999999998,0.26409999999999956,2022-05-31,172,117,135,False
2021-12-13,2022,2.4707,2.4414,2.1389,2.3815,1.2306000000000044,-10.189199999999996,11.4198,0.27190000000000003,2022-05-31,169,116,136,False
2021-12-14,2022,2.445,2.4403,2.1259,2.3745,0.19739999999998759,-10.441199999999988,10.638599999999975,0.2532999999999994,2022-05-31,168,115,137,False
2021-12-15,2022,2.4152,2.4287,2.1166,2.3731,-0.5670000000000028,-10.772999999999998,10.205999999999996,0.2429999999999999,2022-05-31,167,114,138,False
2021-12-16,2022,2.3964,2.4185,2.1228,2.3817,-0.9282000000000004,-10.873800000000006,9.945600000000006,0.23680000000000015,2022-05-31,166,113,139,False
2021-12-17,2022,2.3799,2.4103,2.1323,2.3822,-1.27679999999999,-10.49580000000001,9.219000000000019,0.21950000000000044,2022-05-31,165,112,140,False
2021-12-20,2022,2.3714,2.3894,2.1239,2.3687,-0.75600000000001,-10.281600000000005,9.525599999999994,0.22679999999999984,2022-05-31,162,111,141,False
2021-12-21,2022,2.3493,2.3765,2.1002,2.3491,-1.1424000000000047,-10.453799999999996,9.311399999999992,0.22169999999999981,2022-05-31,161,110,142,False
2021-12-22,2022,2.3298,2.3594999999999997,2.0772999999999997,2.3306,-1.2473999999999839,-10.638600000000013,9.39120000000003,0.22360000000000071,2022-05-31,160,109,143,False
2021-12-23,2022,2.3039,2.3198,2.0175,2.2806,-0.6677999999999917,-11.050200000000004,10.382400000000011,0.24720000000000025,2022-05-31,159,108,144,False
2021-12-27,2022,2.3186,2.3188,2.0359,2.2986,-0.008399999999999075,-11.033400000000007,11.02500000000001,0.26250000000000023,2022-05-31,155,107,145,False
2021-12-28,2022,2.3143000000000002,2.3121,2.0535,2.3043,0.09240000000000848,-10.533599999999996,10.626000000000005,0.2530000000000001,2022-05-31,154,106,146,False
2021-12-29,2022,2.3392,2.3408,2.0858000000000003,2.3393,-0.06720000000001125,-10.646999999999993,10.579799999999981,0.25189999999999957,2022-05-31,153,105,147,False
2021-12-30,2022,2.386,2.3834,2.1298,2.373,0.10920000000000663,-10.214400000000012,10.323600000000019,0.24580000000000043,2022-05-31,152,104,148,False
2021-12-31,2022,2.3818,2.4058,2.1521,2.4038,-1.008000000000001,-10.5714,9.5634,0.22769999999999999,2022-05-31,151,103,149,False
2022-01-03,2022,2.3299000000000003,2.3679,2.0965000000000003,2.3608000000000002,-1.595999999999992,-11.1006,9.504600000000007,0.22630000000000017,2022-05-31,148,102,150,False
2022-01-04,2022,2.3831,2.4393000000000002,2.1581,2.4261,-2.360400000000001,-11.255999999999991,8.895599999999991,0.2117999999999998,2022-05-31,147,101,151,False
2022-01-05,2022,2.3804,2.4141999999999997,2.148,2.4075,-1.4195999999999929,-10.899000000000003,9.479400000000009,0.2257000000000002,2022-05-31,146,100,152,False
2022-01-06,2022,2.3893,2.4446,2.1772,2.4434,-2.322599999999996,-11.180399999999999,8.857800000000003,0.21090000000000006,2022-05-31,145,99,153,False
2022-01-07,2022,2.4003,2.4534000000000002,2.1715,2.4412000000000003,-2.230200000000006,-11.327400000000011,9.097200000000004,0.2166000000000001,2022-05-31,144,98,154,False
2022-01-10,2022,2.427,2.4707,2.2032,2.4769,-1.8353999999999937,-11.49540000000001,9.660000000000018,0.23000000000000043,2022-05-31,141,97,155,False
2022-01-11,2022,2.4165,2.4614,2.2056,2.4675,-1.8857999999999882,-10.999799999999992,9.114000000000004,0.2170000000000001,2022-05-31,140,96,156,False
2022-01-12,2022,2.4097,2.4571,2.1966,2.4593000000000003,-1.9908000000000046,-11.033400000000007,9.042600000000004,0.2153000000000001,2022-05-31,139,95,157,False
2022-01-13,2022,2.4105000000000003,2.4609,2.1896,2.4506,-2.1167999999999907,-10.962000000000005,8.845200000000014,0.21060000000000034,2022-05-31,138,94,158,False
2022-01-14,2022,2.4345,2.4595,2.1952000000000003,2.4447,-1.0499999999999963,-10.478999999999992,9.428999999999995,0.22449999999999987,2022-05-31,137,93,159,False
2022-01-18,2022,2.4392,2.4703999999999997,2.1956,2.4506,-1.3103999999999862,-10.709999999999996,9.39960000000001,0.22380000000000025,2022-05-31,133,92,160,False
2022-01-19,2022,2.455,2.4898,2.1992,2.4548,-1.4615999999999882,-10.735200000000011,9.273600000000023,0.22080000000000055,2022-05-31,132,91,161,False
2022-01-20,2022,2.4382,2.4813,2.2239,2.4816,-1.8101999999999965,-10.823399999999992,9.013199999999996,0.2145999999999999,2022-05-31,131,90,162,False
2022-01-21,2022,2.4402,2.4629,2.2055000000000002,2.4583,-0.9533999999999976,-10.617599999999987,9.66419999999999,0.23009999999999978,2022-05-31,130,89,163,False
2022-01-24,2022,2.4949,2.5144,2.2567,2.5076,-0.8190000000000124,-10.537800000000004,9.718799999999991,0.23139999999999977,2022-05-31,127,88,164,False
2022-01-25,2022,2.4667,2.4896000000000003,2.2481,2.491,-0.9618000000000153,-10.201800000000006,9.239999999999991,0.2199999999999998,2022-05-31,126,87,165,False
2022-01-26,2022,2.5036,2.5227,2.2858,2.5336000000000003,-0.8021999999999956,-10.40760000000001,9.605400000000014,0.22870000000000032,2022-05-31,125,86,166,False
2022-01-27,2022,2.4781,2.5177,2.281,2.5349,-1.6632000000000033,-10.663799999999991,9.000599999999988,0.2142999999999997,2022-05-31,124,85,167,False
2022-01-28,2022,2.4778000000000002,2.505,2.2739,2.5228,-1.142399999999986,-10.453800000000015,9.31140000000003,0.2217000000000007,2022-05-31,123,84,168,False
2022-01-31,2022,2.5098,2.5206999999999997,2.2939,2.5458000000000003,-0.4577999999999962,-10.57980000000002,10.122000000000025,0.2410000000000006,2022-05-31,120,83,169,False
2022-02-01,2022,2.5156,2.5278,2.2935,2.549,-0.5123999999999995,-10.731000000000002,10.218600000000002,0.24330000000000004,2022-05-31,119,82,170,False
2022-02-02,2022,2.5484,2.5675,2.3354,2.5831999999999997,-0.8021999999999956,-10.407599999999992,9.605399999999996,0.2286999999999999,2022-05-31,118,81,171,False
2022-02-03,2022,2.5892,2.5842,2.3603,2.6052,0.20999999999999552,-10.285799999999995,10.49579999999999,0.24989999999999976,2022-05-31,117,80,172,False
2022-02-04,2022,2.5474,2.5496,2.3132,2.5627999999999997,-0.09239999999998982,-10.483199999999982,10.390799999999992,0.2473999999999998,2022-05-31,116,79,173,False
2022-02-07,2022,2.5021,2.5183,2.2662999999999998,2.5263999999999998,-0.6803999999999997,-10.924199999999999,10.2438,0.2439,2022-05-31,113,78,174,False
2022-02-08,2022,2.492,2.5177,2.2551,2.5169,-1.0794000000000024,-10.995600000000001,9.9162,0.2361,2022-05-31,112,77,175,False
2022-02-09,2022,2.5063,2.5194,2.2717,2.5328,-0.5502000000000047,-10.966199999999995,10.41599999999999,0.24799999999999975,2022-05-31,111,76,176,False
2022-02-10,2022,2.5244,2.5421,2.2673,2.5303,-0.7434000000000021,-11.045999999999996,10.302599999999995,0.24529999999999988,2022-05-31,110,75,177,False
2022-02-11,2022,2.5444999999999998,2.549,2.2668,2.5213,-0.18900000000000716,-10.689000000000007,10.5,0.25,2022-05-31,109,74,178,False
2022-02-14,2022,2.5336000000000003,2.5471,2.2487,2.5025999999999997,-0.5669999999999842,-10.663799999999991,10.096800000000007,0.24040000000000017,2022-05-31,106,73,179,False
2022-02-15,2022,2.5007,2.517,2.2107,2.4648,-0.6845999999999899,-10.67219999999999,9.9876,0.2378,2022-05-31,105,72,180,False
2022-02-16,2022,2.4837000000000002,2.5171,2.2131,2.4756,-1.4027999999999947,-11.025000000000007,9.622200000000014,0.22910000000000033,2022-05-31,104,71,181,False
2022-02-17,2022,2.4824,2.5238,2.2118,2.4702,-1.738799999999995,-10.852799999999998,9.114000000000004,0.2170000000000001,2022-05-31,103,70,182,False
2022-02-18,2022,2.4611,2.5145,2.1927000000000003,2.4603,-2.2427999999999955,-11.239199999999993,8.996399999999998,0.21419999999999995,2022-05-31,102,69,183,False
2022-02-22,2022,2.4411,2.4775,2.1641,2.4291,-1.5287999999999995,-11.130000000000006,9.601200000000006,0.22860000000000014,2022-05-31,98,68,184,False
2022-02-23,2022,2.428,2.4724,2.1726,2.4344,-1.8647999999999998,-10.995600000000001,9.1308,0.2174,2022-05-31,97,67,185,False
2022-02-24,2022,2.4788,2.5098,2.2084,2.4697,-1.3019999999999872,-10.974599999999995,9.672600000000008,0.2303000000000002,2022-05-31,96,66,186,False
2022-02-25,2022,2.475,2.5212,2.2408,2.5025999999999997,-1.9403999999999915,-10.995599999999982,9.05519999999999,0.21559999999999976,2022-05-31,95,65,187,False
2022-02-28,2022,2.4735,2.5151,2.2194,2.4795,-1.747199999999994,-10.924199999999999,9.177000000000005,0.2185000000000001,2022-05-31,92,64,188,False
2022-03-01,2022,2.5183,2.5537,2.2540999999999998,2.5101,-1.4868000000000041,-10.75200000000001,9.265200000000005,0.22060000000000013,2022-05-31,91,63,189,False
2022-03-02,2022,2.5083,2.5393,2.2385,2.4964,-1.3019999999999872,-10.83179999999999,9.529800000000003,0.22690000000000007,2022-05-31,90,62,190,False
2022-03-03,2022,2.5288,2.5688,2.2822999999999998,2.5366999999999997,-1.6800000000000015,-10.6848,9.004799999999998,0.21439999999999995,2022-05-31,89,61,191,False
2022-03-04,2022,2.5391999999999997,2.5819,2.3047999999999997,2.5552,-1.793400000000017,-10.516800000000018,8.723400000000002,0.20770000000000005,2022-05-31,88,60,192,False
2022-03-07,2022,2.5471,2.5757,2.2880000000000003,2.535,-1.2011999999999983,-10.373999999999995,9.172799999999997,0.21839999999999993,2022-05-31,85,59,193,False
2022-03-08,2022,2.5229,2.5625999999999998,2.2641999999999998,2.5191999999999997,-1.6673999999999936,-10.709999999999996,9.042600000000002,0.21530000000000005,2022-05-31,84,58,194,False
2022-03-09,2022,2.5307,2.5803,2.2782,2.5349,-2.0831999999999944,-10.781399999999998,8.698200000000003,0.2071000000000001,2022-05-31,83,57,195,False
2022-03-10,2022,2.4840999999999998,2.5352,2.2203999999999997,2.4751,-2.1462000000000154,-10.697400000000005,8.55119999999999,0.20359999999999978,2022-05-31,82,56,196,False
2022-03-11,2022,2.4791,2.5277000000000003,2.2328,2.4896000000000003,-2.0412000000000177,-10.785600000000006,8.744399999999988,0.20819999999999972,2022-05-31,81,55,197,False
2022-03-14,2022,2.4733,2.5241,2.2266999999999997,2.4847,-2.133599999999989,-10.83600000000002,8.702400000000031,0.20720000000000074,2022-05-31,78,54,198,False
2022-03-15,2022,2.4712,2.5144,2.2105,2.4684,-1.8144000000000053,-10.83179999999999,9.017399999999984,0.2146999999999996,2022-05-31,77,53,199,False
2022-03-16,2022,2.4665,2.5162,2.2124,2.4583,-2.0874000000000033,-10.327799999999991,8.240399999999987,0.19619999999999968,2022-05-31,76,52,200,False
2022-03-17,2022,2.4314,2.4781999999999997,2.1819,2.416,-1.9655999999999887,-9.83219999999999,7.866600000000001,0.18730000000000002,2022-05-31,75,51,201,False
2022-03-18,2022,2.4085,2.4501,2.1593,2.3911000000000002,-1.747199999999994,-9.735600000000009,7.988400000000015,0.19020000000000034,2022-05-31,74,50,202,False
2022-03-21,2022,2.4109,2.4568,2.1639,2.4032,-1.9278000000000022,-10.050600000000003,8.122800000000002,0.19340000000000004,2022-05-31,71,49,203,False
2022-03-22,2022,2.3889,2.4399,2.1231,2.3662,-2.1420000000000066,-10.210200000000004,8.068199999999997,0.19209999999999994,2022-05-31,70,48,204,False
2022-03-23,2022,2.3924000000000003,2.4514,2.1356,2.3794999999999997,-2.477999999999988,-10.243799999999982,7.765799999999994,0.18489999999999987,2022-05-31,69,47,205,False
2022-03-24,2022,2.4167,2.48,2.1384,2.3891,-2.6585999999999963,-10.529400000000006,7.87080000000001,0.18740000000000023,2022-05-31,68,46,206,False
2022-03-25,2022,2.4835,2.5301,2.1927000000000003,2.4458,-1.9572000000000083,-10.630199999999995,8.672999999999988,0.2064999999999997,2022-05-31,67,45,207,False
2022-03-28,2022,2.4847,2.5439,2.2094,2.4666,-2.4863999999999873,-10.802400000000004,8.316000000000017,0.1980000000000004,2022-05-31,64,44,208,False
2022-03-29,2022,2.5063,2.5493,2.2125,2.4659999999999997,-1.8060000000000063,-10.646999999999993,8.840999999999987,0.2104999999999997,2022-05-31,63,43,209,False
2022-03-30,2022,2.4987,2.5397,2.2119,2.4611,-1.7219999999999969,-10.466400000000004,8.744400000000006,0.20820000000000013,2022-05-31,62,42,210,False
2022-03-31,2022,2.5205,2.5516,2.2092,2.4573,-1.306199999999996,-10.4202,9.114000000000004,0.2170000000000001,2022-05-31,61,41,211,False
2022-04-01,2022,2.5326,2.563,2.2225,2.4693,-1.2768000000000086,-10.365599999999997,9.088799999999988,0.21639999999999973,2022-05-31,60,40,212,False
2022-04-04,2022,2.543,2.5767,2.2417,2.4918,-1.4154000000000027,-10.504200000000008,9.088800000000006,0.21640000000000015,2022-05-31,57,39,213,False
2022-04-05,2022,2.5251,2.5553,2.2178999999999998,2.4743,-1.2683999999999909,-10.768800000000008,9.500400000000017,0.2262000000000004,2022-05-31,56,38,214,False
2022-04-06,2022,2.5503,2.5768,2.2358000000000002,2.4933,-1.1129999999999987,-10.814999999999994,9.701999999999995,0.23099999999999987,2022-05-31,55,37,215,False
2022-04-07,2022,2.6210000000000004,2.6366,2.3064,2.5554,-0.6551999999999838,-10.458000000000006,9.802800000000023,0.23340000000000055,2022-05-31,54,36,216,False
2022-04-08,2022,2.6165,2.6416000000000004,2.2983000000000002,2.5516,-1.0542000000000238,-10.638599999999993,9.58439999999997,0.2281999999999993,2022-05-31,53,35,217,False
2022-04-11,2022,2.6151,2.6403,2.3091999999999997,2.5625,-1.0583999999999953,-10.638600000000013,9.580200000000017,0.2281000000000004,2022-05-31,50,34,218,False
2022-04-12,2022,2.5987999999999998,2.6175,2.2762000000000002,2.5287,-0.7854000000000161,-10.604999999999997,9.81959999999998,0.2337999999999995,2022-05-31,49,33,219,False
2022-04-13,2022,2.6001,2.6258,2.3072999999999997,2.5587999999999997,-1.0794000000000024,-10.563000000000002,9.4836,0.22579999999999997,2022-05-31,48,32,220,False
2022-04-14,2022,2.638,2.6639,2.3404,2.5924,-1.0878000000000014,-10.58400000000001,9.496200000000009,0.22610000000000022,2022-05-31,47,31,221,False
2022-04-18,2022,2.6045,2.6293,2.2884,2.5427,-1.0416000000000158,-10.68059999999999,9.638999999999974,0.2294999999999994,2022-05-31,43,30,222,False
2022-04-19,2022,2.6098000000000003,2.6373,2.2875,2.5401,-1.154999999999994,-10.609199999999987,9.454199999999993,0.22509999999999983,2022-05-31,42,29,223,False
2022-04-20,2022,2.575,2.6283999999999996,2.2612,2.5209,-2.242799999999977,-10.907400000000003,8.664600000000025,0.2063000000000006,2022-05-31,41,28,224,False
2022-04-21,2022,2.5780000000000003,2.6136,2.2683,2.5111000000000003,-1.4951999999999845,-10.197600000000016,8.702400000000031,0.20720000000000074,2022-05-31,40,27,225,False
2022-04-22,2022,2.6011,2.6414,2.2746,2.529,-1.6925999999999908,-10.6848,8.992200000000008,0.21410000000000018,2022-05-31,39,26,226,False
2022-04-25,2022,2.6156,2.6399,2.2987,2.5457,-1.0205999999999902,-10.373999999999995,9.353400000000004,0.2227000000000001,2022-05-31,36,25,227,False
2022-04-26,2022,2.5719,2.6121,2.2699000000000003,2.5199000000000003,-1.6884000000000006,-10.5,8.811599999999999,0.20979999999999996,2022-05-31,35,24,228,False
2022-04-27,2022,2.5823,2.6008,2.2594,2.5006,-0.7769999999999984,-10.130400000000003,9.353400000000004,0.2227000000000001,2022-05-31,34,23,229,False
2022-04-28,2022,2.5278,2.5547,2.2209,2.4613,-1.1297999999999968,-10.096800000000007,8.96700000000001,0.21350000000000022,2022-05-31,33,22,230,False
2022-04-29,2022,2.5387,2.5547,2.2353,2.4711000000000003,-0.6720000000000006,-9.90360000000001,9.23160000000001,0.21980000000000022,2022-05-31,32,21,231,False
2022-05-02,2022,2.585,2.5938999999999997,2.2987,2.5331,-0.3737999999999868,-9.844799999999998,9.47100000000001,0.22550000000000026,2022-05-31,29,20,232,False
2022-05-03,2022,2.6062,2.637,2.3178,2.5613,-1.2936000000000067,-10.227000000000002,8.933399999999995,0.2126999999999999,2022-05-31,28,19,233,False
2022-05-04,2022,2.6099,2.6578,2.3356,2.5765,-2.011799999999993,-10.117799999999995,8.106000000000002,0.19300000000000003,2022-05-31,27,18,234,False
2022-05-05,2022,2.6548000000000003,2.7019,2.3899,2.6335,-1.9781999999999966,-10.231200000000012,8.253000000000014,0.19650000000000034,2022-05-31,26,17,235,False
2022-05-06,2022,2.634,2.6829,2.3645,2.6094,-2.053800000000007,-10.285799999999995,8.231999999999989,0.19599999999999973,2022-05-31,25,16,236,False
2022-05-09,2022,2.6389,2.6994,2.4052000000000002,2.6482,-2.5409999999999906,-10.205999999999996,7.665000000000005,0.18250000000000013,2022-05-31,22,15,237,False
2022-05-10,2022,2.653,2.7075,2.4221,2.6585,-2.2889999999999997,-9.928800000000006,7.639800000000006,0.18190000000000014,2022-05-31,21,14,238,False
2022-05-11,2022,2.6257,2.6927,2.4123,2.6466000000000003,-2.8139999999999885,-9.840600000000007,7.026600000000019,0.16730000000000045,2022-05-31,20,13,239,False
2022-05-12,2022,2.6105,2.6599,2.3893,2.6272,-2.0747999999999953,-9.991800000000008,7.917000000000013,0.1885000000000003,2022-05-31,19,12,240,False
2022-05-13,2022,2.6454000000000004,2.677,2.4151,2.6436,-1.3271999999999844,-9.597000000000016,8.269800000000032,0.19690000000000077,2022-05-31,18,11,241,False
2022-05-16,2022,2.5735,2.6083,2.3336,2.5534,-1.4615999999999882,-9.23159999999999,7.770000000000001,0.18500000000000003,2022-05-31,15,10,242,False
2022-05-17,2022,2.5749,2.6395,2.3574,2.5833999999999997,-2.7131999999999996,-9.49199999999998,6.77879999999998,0.16139999999999952,2022-05-31,14,9,243,False
2022-05-18,2022,2.5699,2.6341,2.3705000000000003,2.5931,-2.6964000000000015,-9.349199999999996,6.652799999999995,0.15839999999999987,2022-05-31,13,8,244,False
2022-05-19,2022,2.5403000000000002,2.6041000000000003,2.35,2.5687,-2.6796000000000033,-9.185400000000005,6.505800000000002,0.15490000000000004,2022-05-31,12,7,245,False
2022-05-20,2022,2.5382,2.5848,2.3169,2.5411,-1.9572000000000083,-9.416400000000007,7.459199999999998,0.17759999999999995,2022-05-31,11,6,246,False
2022-05-23,2022,2.4635,2.5237,2.2679,2.4874,-2.5284000000000013,-9.219000000000001,6.6906,0.1593,2022-05-31,8,5,247,False
2022-05-24,2022,2.4973,2.5522,2.2732,2.4993,-2.305799999999998,-9.49619999999999,7.1903999999999915,0.1711999999999998,2022-05-31,7,4,248,False
2022-05-25,2022,2.5065,2.5694,2.2659000000000002,2.4999000000000002,-2.641799999999998,-9.828,7.186200000000001,0.17110000000000003,2022-05-31,6,3,249,False
2022-05-26,2022,2.4955000000000003,2.5713,2.2838,2.5256,-3.183599999999985,-10.1556,6.972000000000015,0.16600000000000034,2022-05-31,5,2,250,False
2022-05-27,2022,2.4452000000000003,2.5297,2.2246,2.4802,-3.5489999999999915,-10.735199999999992,7.1862,0.1711,2022-05-31,4,1,251,False
2022-05-31,2022,2.4427000000000003,2.5422,2.2353,2.492,-4.178999999999978,-10.781399999999998,6.60240000000002,0.15720000000000048,2022-05-31,0,0,252,False
2022-06-01,2023,2.3837,2.4897,2.3325,2.5091,-4.451999999999995,-7.417200000000004,2.965200000000009,0.07060000000000022,2023-05-31,364,249,0,False
2022-06-02,2023,2.4033,2.4931,2.3401,2.5155000000000003,-3.771599999999995,-7.366800000000009,3.5952000000000144,0.08560000000000034,2023-05-31,363,248,1,False
2022-06-03,2023,2.3536,2.4457,2.2679,2.4484,-3.8681999999999936,-7.580999999999995,3.7128000000000014,0.08840000000000003,2023-05-31,362,247,2,False
2022-06-06,2023,2.3118,2.4334000000000002,2.2522,2.4422,-5.107200000000016,-7.979999999999998,2.872799999999982,0.06839999999999957,2023-05-31,359,246,3,False
2022-06-07,2023,2.3082,2.4237,2.2451,2.4306,-4.851000000000016,-7.791000000000009,2.9399999999999933,0.06999999999999984,2023-05-31,358,245,4,False
2022-06-08,2023,2.3233,2.4359,2.2671,2.4502,-4.729200000000001,-7.690200000000002,2.9610000000000003,0.07050000000000001,2023-05-31,357,244,5,False
2022-06-09,2023,2.3068,2.4393000000000002,2.2631,2.4452000000000003,-5.565000000000012,-7.648200000000006,2.0831999999999944,0.049599999999999866,2023-05-31,356,243,6,False
2022-06-10,2023,2.3512,2.4753,2.3003,2.4771,-5.212199999999995,-7.425600000000003,2.213400000000008,0.05270000000000019,2023-05-31,355,242,7,False
2022-06-13,2023,2.3778,2.5132,2.3521,2.5263999999999998,-5.686799999999989,-7.3205999999999865,1.6337999999999973,0.038899999999999935,2023-05-31,352,241,8,False
2022-06-14,2023,2.3521,2.4802,2.3224,2.4867,-5.380199999999995,-6.900599999999995,1.5204000000000004,0.03620000000000001,2023-05-31,351,240,9,False
2022-06-15,2023,2.3280000000000003,2.4661,2.2775,2.4548,-5.800199999999986,-7.44660000000001,1.6464000000000238,0.03920000000000057,2023-05-31,350,239,10,False
2022-06-16,2023,2.2894,2.4236,2.2278000000000002,2.404,-5.636399999999995,-7.400399999999987,1.7639999999999922,0.041999999999999815,2023-05-31,349,238,11,False
2022-06-17,2023,2.3075,2.4393000000000002,2.2268,2.4003,-5.535600000000006,-7.287000000000009,1.751400000000003,0.04170000000000007,2023-05-31,348,237,12,False
2022-06-21,2023,2.3181,2.4306,2.2279,2.3962,-4.725000000000011,-7.0685999999999956,2.3435999999999844,0.05579999999999963,2023-05-31,344,236,13,False
2022-06-22,2023,2.3571,2.4674,2.2609,2.4308,-4.632600000000003,-7.135800000000007,2.503200000000004,0.0596000000000001,2023-05-31,343,235,14,False
2022-06-23,2023,2.3897,2.4918,2.2826,2.4600999999999997,-4.288200000000003,-7.45499999999999,3.166799999999987,0.07539999999999969,2023-05-31,342,234,15,False
2022-06-24,2023,2.3863,2.5023,2.3078,2.4823,-4.872000000000004,-7.329000000000004,2.457,0.058499999999999996,2023-05-31,341,233,16,False
2022-06-27,2023,2.4515000000000002,2.5614,2.3838,2.5557,-4.615799999999986,-7.2197999999999976,2.6040000000000116,0.06200000000000028,2023-05-31,338,232,17,False
2022-06-28,2023,2.4415999999999998,2.5810000000000004,2.3876,2.5656,-5.854800000000027,-7.475999999999997,1.6211999999999707,0.0385999999999993,2023-05-31,337,231,18,False
2022-06-29,2023,2.4611,2.5846,2.3938,2.5669999999999997,-5.186999999999998,-7.274399999999982,2.0873999999999846,0.04969999999999963,2023-05-31,336,230,19,False
2022-06-30,2023,2.4541,2.5719,2.3733,2.5395,-4.947599999999996,-6.980399999999996,2.0328,0.0484,2023-05-31,335,229,20,False
2022-07-01,2023,2.48,2.5882,2.407,2.5604,-4.544400000000003,-6.442799999999999,1.898399999999996,0.04519999999999991,2023-05-31,334,228,21,False
2022-07-05,2023,2.5084,2.5994,2.4297999999999997,2.5764,-3.822000000000008,-6.157200000000012,2.335200000000004,0.055600000000000094,2023-05-31,330,227,22,False
2022-07-06,2023,2.4622,2.5553,2.3711,2.5158,-3.910199999999989,-6.077399999999993,2.167200000000004,0.05160000000000009,2023-05-31,329,226,23,False
2022-07-07,2023,2.5039,2.6001999999999996,2.421,2.5597,-4.044599999999993,-5.825400000000002,1.780800000000009,0.042400000000000215,2023-05-31,328,225,24,False
2022-07-08,2023,2.4838999999999998,2.5649,2.3903,2.531,-3.402000000000017,-5.909400000000011,2.5073999999999943,0.059699999999999864,2023-05-31,327,224,25,False
2022-07-11,2023,2.5155000000000003,2.5789,2.4141999999999997,2.5501,-2.6627999999999865,-5.707800000000015,3.0450000000000284,0.07250000000000068,2023-05-31,324,223,26,False
2022-07-12,2023,2.5153,2.5645,2.3954,2.5299,-2.0663999999999962,-5.649000000000003,3.5826000000000064,0.08530000000000015,2023-05-31,323,222,27,False
2022-07-13,2023,2.4962,2.5463,2.3723,2.5055,-2.1042000000000014,-5.594399999999999,3.490199999999998,0.08309999999999995,2023-05-31,322,221,28,False
2022-07-14,2023,2.4693,2.5107,2.3397,2.4789,-1.738799999999995,-5.84639999999999,4.107599999999995,0.09779999999999989,2023-05-31,321,220,29,False
2022-07-15,2023,2.5087,2.5534,2.4053,2.5391,-1.877399999999989,-5.619599999999997,3.7422000000000075,0.08910000000000018,2023-05-31,320,219,30,False
2022-07-18,2023,2.4884,2.5492,2.3973,2.5353,-2.5535999999999985,-5.795999999999996,3.2423999999999973,0.07719999999999994,2023-05-31,317,218,31,False
2022-07-19,2023,2.4749,2.5403000000000002,2.3763,2.5127,-2.7468000000000146,-5.728800000000003,2.9819999999999887,0.07099999999999973,2023-05-31,316,217,32,False
2022-07-20,2023,2.4644999999999997,2.5355000000000003,2.3491999999999997,2.489,-2.982000000000026,-5.871600000000006,2.88959999999998,0.06879999999999953,2023-05-31,315,216,33,False
2022-07-21,2023,2.4511000000000003,2.5106,2.3113,2.4483,-2.4989999999999952,-5.7540000000000004,3.2550000000000052,0.07750000000000012,2023-05-31,314,215,34,False
2022-07-22,2023,2.4527,2.5205,2.3262,2.4624,-2.8476000000000035,-5.720400000000004,2.8728000000000007,0.06840000000000002,2023-05-31,313,214,35,False
2022-07-25,2023,2.4755000000000003,2.5457,2.3657,2.505,-2.9483999999999924,-5.850599999999999,2.9022000000000068,0.06910000000000016,2023-05-31,310,213,36,False
2022-07-26,2023,2.4926,2.5635000000000003,2.3963,2.5357,-2.977800000000017,-5.854799999999989,2.8769999999999722,0.06849999999999934,2023-05-31,309,212,37,False
2022-07-27,2023,2.4958,2.5549,2.376,2.517,-2.482199999999997,-5.922000000000001,3.4398000000000035,0.08190000000000008,2023-05-31,308,211,38,False
2022-07-28,2023,2.5185,2.5673000000000004,2.3758,2.5143,-2.0496000000000167,-5.817000000000003,3.767399999999986,0.08969999999999967,2023-05-31,307,210,39,False
2022-07-29,2023,2.5176,2.5585,2.3667,2.496,-1.7178000000000067,-5.430600000000008,3.7128000000000014,0.08840000000000003,2023-05-31,306,209,40,False
2022-08-01,2023,2.4752,2.5249,2.3306999999999998,2.4682,-2.0874000000000033,-5.7750000000000075,3.687600000000004,0.0878000000000001,2023-05-31,303,208,41,False
2022-08-02,2023,2.4356999999999998,2.4947999999999997,2.3084000000000002,2.441,-2.482199999999997,-5.5691999999999835,3.0869999999999864,0.07349999999999968,2023-05-31,302,207,42,False
2022-08-03,2023,2.5153,2.5571,2.3413999999999997,2.4763,-1.7556000000000118,-5.6658000000000195,3.9102000000000077,0.09310000000000018,2023-05-31,301,206,43,False
2022-08-04,2023,2.4928,2.5443000000000002,2.325,2.4600999999999997,-2.1630000000000136,-5.674199999999981,3.5111999999999677,0.08359999999999923,2023-05-31,300,205,44,False
2022-08-05,2023,2.5158,2.5517,2.3165999999999998,2.4522,-1.5077999999999925,-5.695200000000007,4.187400000000014,0.09970000000000034,2023-05-31,299,204,45,False
2022-08-08,2023,2.5288,2.5781,2.3254,2.4631,-2.070600000000005,-5.783399999999988,3.712799999999983,0.08839999999999959,2023-05-31,296,203,46,False
2022-08-09,2023,2.5235,2.5799000000000003,2.347,2.488,-2.368800000000019,-5.922000000000001,3.5531999999999817,0.08459999999999956,2023-05-31,295,202,47,False
2022-08-10,2023,2.5162,2.5888,2.3465000000000003,2.4991,-3.0492,-6.409199999999984,3.3599999999999843,0.07999999999999963,2023-05-31,294,201,48,False
2022-08-11,2023,2.5395,2.6134,2.3901,2.5394,-3.1038000000000032,-6.270600000000009,3.1668000000000056,0.07540000000000013,2023-05-31,293,200,49,False
2022-08-12,2023,2.5614999999999997,2.6212,2.4090000000000003,2.5586,-2.507400000000013,-6.283199999999998,3.775799999999985,0.08989999999999965,2023-05-31,292,199,50,False
2022-08-15,2023,2.5707999999999998,2.6325,2.4346,2.5833,-2.5914000000000037,-6.245399999999993,3.6539999999999893,0.08699999999999974,2023-05-31,289,198,51,False
2022-08-16,2023,2.5603,2.6375,2.4387,2.5935,-3.242400000000016,-6.501600000000011,3.2591999999999954,0.07759999999999989,2023-05-31,288,197,52,False
2022-08-17,2023,2.5196,2.5677,2.3745,2.5267,-2.020199999999992,-6.392400000000005,4.372200000000013,0.1041000000000003,2023-05-31,287,196,53,False
2022-08-18,2023,2.5252,2.5753,2.4031000000000002,2.5515,-2.1042000000000014,-6.232799999999985,4.128599999999984,0.09829999999999961,2023-05-31,286,195,54,False
2022-08-19,2023,2.5345,2.5801999999999996,2.4008000000000003,2.545,-1.9193999999999845,-6.056399999999986,4.137000000000001,0.09850000000000003,2023-05-31,285,194,55,False
2022-08-22,2023,2.5448,2.5902999999999996,2.4103,2.5542,-1.9109999999999854,-6.0437999999999965,4.132800000000011,0.09840000000000027,2023-05-31,282,193,56,False
2022-08-23,2023,2.5727999999999995,2.6067,2.419,2.5594,-1.4238000000000204,-5.896800000000003,4.472999999999983,0.1064999999999996,2023-05-31,281,192,57,False
2022-08-24,2023,2.6239,2.6436,2.4600999999999997,2.5906000000000002,-0.8274000000000115,-5.481000000000021,4.65360000000001,0.11080000000000023,2023-05-31,280,191,58,False
2022-08-25,2023,2.6085000000000003,2.6406,2.4604,2.5998,-1.3481999999999914,-5.854800000000008,4.506600000000017,0.1073000000000004,2023-05-31,279,190,59,False
2022-08-26,2023,2.6245999999999996,2.6571,2.4838,2.6143,-1.3650000000000082,-5.4810000000000025,4.115999999999994,0.09799999999999986,2023-05-31,278,189,60,False
2022-08-29,2023,2.6163,2.6697,2.4977,2.6308,-2.242800000000014,-5.5901999999999905,3.3473999999999764,0.07969999999999944,2023-05-31,275,188,61,False
2022-08-30,2023,2.5816000000000003,2.6345,2.4383,2.5768,-2.2217999999999885,-5.817000000000003,3.5952000000000144,0.08560000000000034,2023-05-31,274,187,62,False
2022-08-31,2023,2.5419,2.6023,2.4032,2.5476,-2.5368000000000004,-6.0648000000000035,3.528000000000003,0.08400000000000007,2023-05-31,273,186,63,False
2022-09-01,2023,2.5429,2.5957,2.3936,2.5380000000000003,-2.2175999999999982,-6.0648000000000035,3.8472000000000053,0.09160000000000013,2023-05-31,272,185,64,False
2022-09-02,2023,2.5171,2.5721,2.3453,2.4978,-2.309999999999988,-6.404999999999994,4.095000000000006,0.09750000000000014,2023-05-31,271,184,65,False
2022-09-06,2023,2.5373,2.5979,2.3742,2.5276,-2.5451999999999995,-6.442799999999999,3.8975999999999997,0.0928,2023-05-31,267,183,66,False
2022-09-07,2023,2.5596,2.6157,2.4198,2.5756,-2.3561999999999923,-6.543600000000007,4.187400000000014,0.09970000000000034,2023-05-31,266,182,67,False
2022-09-08,2023,2.5705,2.6138,2.4102,2.5747000000000004,-1.8185999999999956,-6.909000000000013,5.090400000000018,0.12120000000000042,2023-05-31,265,181,68,False
2022-09-09,2023,2.5769,2.6071,2.4063999999999997,2.5762,-1.2683999999999909,-7.131600000000017,5.863200000000026,0.1396000000000006,2023-05-31,264,180,69,False
2022-09-12,2023,2.5841000000000003,2.6389,2.4174,2.593,-2.301599999999989,-7.37519999999999,5.073600000000001,0.12080000000000002,2023-05-31,261,179,70,False
2022-09-13,2023,2.5795999999999997,2.6436,2.4541,2.6212999999999997,-2.688000000000021,-7.022399999999991,4.33439999999997,0.10319999999999929,2023-05-31,260,178,71,False
2022-09-14,2023,2.5846,2.6542000000000003,2.4835,2.6532,-2.923200000000014,-7.127400000000008,4.204199999999994,0.10009999999999986,2023-05-31,259,177,72,False
2022-09-15,2023,2.6916,2.7462999999999997,2.5726,2.7420999999999998,-2.29739999999998,-7.11899999999999,4.82160000000001,0.11480000000000024,2023-05-31,258,176,73,False
2022-09-16,2023,2.6724,2.7439,2.5493,2.7226999999999997,-3.0029999999999957,-7.282799999999981,4.279799999999986,0.10189999999999966,2023-05-31,257,175,74,False
2022-09-19,2023,2.7129000000000003,2.7893,2.5805000000000002,2.7498,-3.2087999999999823,-7.110599999999991,3.9018000000000086,0.0929000000000002,2023-05-31,254,174,75,False
2022-09-20,2023,2.7155,2.7859,2.5734,2.7426999999999997,-2.9567999999999914,-7.110599999999991,4.1537999999999995,0.09889999999999999,2023-05-31,253,173,76,False
2022-09-21,2023,2.6954000000000002,2.7676,2.5613,2.7236000000000002,-3.032399999999983,-6.816600000000005,3.7842000000000215,0.09010000000000051,2023-05-31,252,172,77,False
2022-09-22,2023,2.721,2.7859,2.5906000000000002,2.7435,-2.725799999999989,-6.421799999999992,3.6960000000000033,0.08800000000000008,2023-05-31,251,171,78,False
2022-09-23,2023,2.7401999999999997,2.8105,2.6306,2.7806,-2.95260000000002,-6.300000000000015,3.347399999999995,0.07969999999999988,2023-05-31,250,170,79,False
2022-09-26,2023,2.7278,2.8176,2.6157,2.7832,-3.7716000000000136,-7.034999999999999,3.2633999999999856,0.07769999999999966,2023-05-31,247,169,80,False
2022-09-27,2023,2.7407999999999997,2.8295,2.6445,2.8051999999999997,-3.7254000000000094,-6.749399999999993,3.023999999999984,0.07199999999999962,2023-05-31,246,168,81,False
2022-09-28,2023,2.7392000000000003,2.8037,2.6113,2.7662,-2.7089999999999907,-6.505800000000002,3.796800000000011,0.09040000000000026,2023-05-31,245,167,82,False
2022-09-29,2023,2.7062,2.7772,2.5860000000000003,2.7441000000000004,-2.9820000000000073,-6.640200000000005,3.658199999999998,0.08709999999999996,2023-05-31,244,166,83,False
2022-09-30,2023,2.7594,2.8294,2.6311,2.7954000000000003,-2.940000000000012,-6.900600000000014,3.960600000000002,0.09430000000000005,2023-05-31,243,165,84,False
2022-10-03,2023,2.7622000000000004,2.8072000000000004,2.5868,2.7535000000000003,-1.889999999999997,-7.001400000000003,5.111400000000006,0.12170000000000014,2023-05-31,240,164,85,False
2022-10-04,2023,2.7459,2.7902,2.5702,2.7266000000000004,-1.8606000000000096,-6.568800000000023,4.708200000000013,0.11210000000000031,2023-05-31,239,163,86,False
2022-10-05,2023,2.76,2.8179000000000003,2.5816000000000003,2.7442,-2.4318000000000213,-6.829199999999994,4.397399999999973,0.10469999999999935,2023-05-31,238,162,87,False
2022-10-06,2023,2.8406000000000002,2.8874,2.6660000000000004,2.8345,-1.9655999999999887,-7.076999999999976,5.111399999999987,0.1216999999999997,2023-05-31,237,161,88,False
2022-10-07,2023,2.8567,2.8967,2.6832,2.8424,-1.6800000000000015,-6.68640000000001,5.006400000000008,0.1192000000000002,2023-05-31,236,160,89,False
2022-10-11,2023,2.8632999999999997,2.8973,2.6902,2.8531,-1.4280000000000106,-6.841800000000002,5.413799999999991,0.1288999999999998,2023-05-31,232,159,90,False
2022-10-12,2023,2.7958,2.8259,2.6087000000000002,2.7681999999999998,-1.2642000000000007,-6.69899999999998,5.43479999999998,0.12939999999999952,2023-05-31,231,158,91,False
2022-10-13,2023,2.7837,2.8045,2.5637,2.7274000000000003,-0.873599999999997,-6.875400000000017,6.00180000000002,0.14290000000000047,2023-05-31,230,157,92,False
2022-10-14,2023,2.8329000000000004,2.8407999999999998,2.5806,2.7426999999999997,-0.3317999999999728,-6.808199999999987,6.476400000000014,0.15420000000000034,2023-05-31,229,156,93,False
2022-10-17,2023,2.8157,2.8295,2.5963,2.7502,-0.5795999999999921,-6.463800000000006,5.884200000000014,0.14010000000000034,2023-05-31,226,155,94,False
2022-10-18,2023,2.8002999999999996,2.825,2.5743,2.7368,-1.0374000000000256,-6.825000000000004,5.787599999999978,0.13779999999999948,2023-05-31,225,154,95,False
2022-10-19,2023,2.8264,2.8289999999999997,2.5864999999999996,2.7413,-0.10919999999998797,-6.501600000000011,6.392400000000023,0.15220000000000056,2023-05-31,224,153,96,False
2022-10-20,2023,2.8171,2.8155,2.5566,2.7081,0.0671999999999926,-6.362999999999999,6.430199999999991,0.1530999999999998,2023-05-31,223,152,97,False
2022-10-21,2023,2.815,2.8160000000000003,2.5507,2.7028,-0.042000000000014026,-6.388199999999996,6.346199999999982,0.15109999999999957,2023-05-31,222,151,98,False
2022-10-24,2023,2.8087999999999997,2.8152,2.5767,2.7158999999999995,-0.2688000000000077,-5.846399999999972,5.577599999999964,0.13279999999999914,2023-05-31,219,150,99,False
2022-10-25,2023,2.839,2.8388999999999998,2.5976999999999997,2.7341,0.004200000000008863,-5.728800000000022,5.733000000000031,0.13650000000000073,2023-05-31,218,149,100,False
2022-10-26,2023,2.8079,2.823,2.5706,2.7118,-0.6341999999999954,-5.9304,5.296200000000004,0.1261000000000001,2023-05-31,217,148,101,False
2022-10-27,2023,2.7873,2.8363,2.5801,2.7321,-2.057999999999997,-6.384000000000006,4.3260000000000085,0.1030000000000002,2023-05-31,216,147,102,False
2022-10-28,2023,2.8062,2.8318,2.5898000000000003,2.7305,-1.0751999999999935,-5.909399999999993,4.834199999999999,0.11509999999999998,2023-05-31,215,146,103,False
2022-10-31,2023,2.7537000000000003,2.7777,2.5481,2.6932,-1.0079999999999822,-6.09420000000001,5.086200000000027,0.12110000000000065,2023-05-31,212,145,104,False
2022-11-01,2023,2.7316000000000003,2.7460000000000004,2.5218000000000003,2.6648,-0.604800000000008,-6.005999999999991,5.401199999999983,0.1285999999999996,2023-05-31,211,144,105,False
2022-11-02,2023,2.742,2.7488,2.5286,2.6660000000000004,-0.28560000000000585,-5.770800000000017,5.485200000000011,0.13060000000000027,2023-05-31,210,143,106,False
2022-11-03,2023,2.7725999999999997,2.7637,2.5542,2.6809,0.3737999999999868,-5.3214000000000015,5.695199999999988,0.13559999999999972,2023-05-31,209,142,107,False
2022-11-04,2023,2.7365,2.7201,2.499,2.6256,0.6887999999999987,-5.317199999999993,6.005999999999991,0.1429999999999998,2023-05-31,208,141,108,False
2022-11-07,2023,2.7171,2.7035,2.5038,2.6318,0.571199999999993,-5.376000000000005,5.947199999999998,0.14159999999999995,2023-05-31,205,140,109,False
2022-11-08,2023,2.7286,2.701,2.4985,2.6297,1.159200000000003,-5.510400000000009,6.6696000000000115,0.15880000000000027,2023-05-31,204,139,110,False
2022-11-09,2023,2.6841000000000004,2.65,2.4458,2.5754,1.4322000000000195,-5.443199999999997,6.875400000000017,0.1637000000000004,2023-05-31,203,138,111,False
2022-11-10,2023,2.6908,2.6626,2.4579,2.5764,1.1844000000000001,-4.977000000000002,6.161400000000002,0.14670000000000005,2023-05-31,202,137,112,False
2022-11-11,2023,2.6356,2.6231,2.4273,2.5463,0.5250000000000075,-4.998000000000009,5.523000000000017,0.1315000000000004,2023-05-31,201,136,113,False
2022-11-14,2023,2.6482,2.6308999999999996,2.4487,2.5723000000000003,0.7266000000000226,-5.1912000000000065,5.917800000000029,0.1409000000000007,2023-05-31,198,135,114,False
2022-11-15,2023,2.6231999999999998,2.6239,2.4435,2.5631,-0.029400000000006088,-5.023200000000006,4.9938,0.1189,2023-05-31,197,134,115,False
2022-11-16,2023,2.6014,2.6096,2.3925,2.517,-0.3443999999999994,-5.228999999999993,4.884599999999994,0.11629999999999985,2023-05-31,196,133,116,False
2022-11-17,2023,2.5591,2.5879000000000003,2.3601,2.4859,-1.209600000000016,-5.283599999999996,4.07399999999998,0.09699999999999953,2023-05-31,195,132,117,False
2022-11-18,2023,2.5961000000000003,2.6405000000000003,2.4141,2.5488999999999997,-1.8647999999999998,-5.661599999999992,3.796799999999992,0.09039999999999981,2023-05-31,194,131,118,False
2022-11-21,2023,2.6625,2.6893000000000002,2.4825,2.6199,-1.1256000000000066,-5.770799999999999,4.645199999999992,0.11059999999999981,2023-05-31,191,130,119,False
2022-11-22,2023,2.6745,2.7136,2.5005,2.6416000000000004,-1.6421999999999963,-5.9262000000000095,4.284000000000013,0.10200000000000031,2023-05-31,190,129,120,False
2022-11-23,2023,2.6826,2.7069,2.506,2.6382,-1.0206000000000088,-5.552400000000004,4.531799999999995,0.10789999999999988,2023-05-31,189,128,121,False
2022-11-25,2023,2.6656,2.6801,2.4681,2.5995,-0.6089999999999982,-5.518799999999989,4.909799999999991,0.11689999999999978,2023-05-31,187,127,122,False
2022-11-28,2023,2.6845999999999997,2.685,2.4813,2.6068000000000002,-0.0168000000000168,-5.271000000000007,5.25419999999999,0.12509999999999977,2023-05-31,184,126,123,False
2022-11-29,2023,2.6746,2.6826999999999996,2.4778000000000002,2.6086,-0.3401999999999905,-5.493599999999992,5.153400000000001,0.12270000000000003,2023-05-31,183,125,124,False
2022-11-30,2023,2.6649000000000003,2.6687,2.4531,2.5873000000000004,-0.15959999999998242,-5.636400000000013,5.476800000000031,0.13040000000000074,2023-05-31,182,124,125,False
2022-12-01,2023,2.7283,2.7034,2.4893,2.6316,1.045800000000006,-5.976600000000004,7.02240000000001,0.16720000000000024,2023-05-31,181,123,126,False
2022-12-02,2023,2.7481999999999998,2.7198,2.4903,2.6272,1.1927999999999805,-5.74980000000001,6.942599999999991,0.16529999999999978,2023-05-31,180,122,127,False
2022-12-05,2023,2.7006,2.7028,2.4606,2.6106,-0.09239999999998982,-6.299999999999996,6.2076000000000064,0.14780000000000015,2023-05-31,177,121,128,False
2022-12-06,2023,2.763,2.7638,2.5279,2.6743,-0.0335999999999963,-6.148800000000013,6.115200000000017,0.1456000000000004,2023-05-31,176,120,129,False
2022-12-07,2023,2.7678,2.7577,2.524,2.6666000000000003,0.4241999999999999,-5.989200000000012,6.413400000000012,0.15270000000000028,2023-05-31,175,119,130,False
2022-12-08,2023,2.8043,2.7886,2.5502000000000002,2.6887,0.6593999999999927,-5.816999999999984,6.476399999999977,0.15419999999999945,2023-05-31,174,118,131,False
2022-12-09,2023,2.7963,2.7911,2.5279,2.6705,0.2183999999999946,-5.989200000000012,6.2076000000000064,0.14780000000000015,2023-05-31,173,117,132,False
2022-12-12,2023,2.7796,2.787,2.52,2.6666000000000003,-0.3108000000000031,-6.157200000000012,5.846400000000009,0.1392000000000002,2023-05-31,170,116,133,False
2022-12-13,2023,2.7839,2.8002,2.5423,2.6864999999999997,-0.6845999999999899,-6.056399999999986,5.371799999999996,0.1278999999999999,2023-05-31,169,115,134,False
2022-12-14,2023,2.8373000000000004,2.8478,2.5784,2.7247000000000003,-0.4409999999999794,-6.144600000000023,5.703600000000043,0.13580000000000103,2023-05-31,168,114,135,False
2022-12-15,2023,2.8263,2.8426,2.5711,2.7203,-0.6846000000000085,-6.2664,5.581799999999991,0.1328999999999998,2023-05-31,167,113,136,False
2022-12-16,2023,2.7888,2.822,2.5493,2.7100999999999997,-1.3943999999999956,-6.753599999999984,5.359199999999988,0.1275999999999997,2023-05-31,166,112,137,False
2022-12-19,2023,2.782,2.8089,2.5195,2.6822000000000004,-1.1297999999999968,-6.8334000000000215,5.703600000000025,0.1358000000000006,2023-05-31,163,111,138,False
2022-12-20,2023,2.7906,2.8249,2.5580000000000003,2.7201,-1.4405999999999999,-6.808199999999987,5.367599999999987,0.1277999999999997,2023-05-31,162,110,139,False
2022-12-21,2023,2.7887,2.8265,2.5631,2.733,-1.587599999999993,-7.135800000000007,5.548200000000014,0.13210000000000033,2023-05-31,161,109,140,False
2022-12-22,2023,2.7829,2.7972,2.5546,2.718,-0.6005999999999991,-6.86279999999999,6.262199999999991,0.1490999999999998,2023-05-31,160,108,141,False
2022-12-23,2023,2.802,2.8089999999999997,2.5571,2.7172,-0.2939999999999863,-6.724199999999996,6.43020000000001,0.15310000000000024,2023-05-31,159,107,142,False
2022-12-27,2023,2.745,2.7601,2.5277000000000003,2.6822000000000004,-0.6341999999999954,-6.489000000000003,5.854800000000008,0.1394000000000002,2023-05-31,155,106,143,False
2022-12-28,2023,2.6916,2.7048,2.4824,2.6395999999999997,-0.5543999999999949,-6.602399999999982,6.047999999999987,0.14399999999999968,2023-05-31,154,105,144,False
2022-12-29,2023,2.641,2.662,2.4463,2.6083999999999996,-0.8819999999999961,-6.808199999999987,5.926199999999991,0.14109999999999978,2023-05-31,153,104,145,False
2022-12-30,2023,2.6349,2.6494,2.4313,2.5854000000000004,-0.6089999999999982,-6.472200000000024,5.863200000000026,0.1396000000000006,2023-05-31,152,103,146,False
2023-01-03,2023,2.6420999999999997,2.6652,2.4563,2.6072,-0.9702000000000144,-6.337800000000001,5.367599999999987,0.1277999999999997,2023-05-31,148,102,147,False
2023-01-04,2023,2.6942000000000004,2.7131,2.508,2.6666000000000003,-0.7937999999999779,-6.6612000000000124,5.867400000000035,0.13970000000000082,2023-05-31,147,101,148,False
2023-01-05,2023,2.6616000000000004,2.6598,2.4659,2.6173,0.07560000000001033,-6.3588000000000084,6.434400000000019,0.15320000000000045,2023-05-31,146,100,149,False
2023-01-06,2023,2.6289999999999996,2.6264999999999996,2.4159,2.5682,0.10499999999999776,-6.396599999999995,6.501599999999993,0.15479999999999983,2023-05-31,145,99,150,False
2023-01-09,2023,2.6588,2.6335,2.4065,2.5511,1.0625999999999856,-6.073200000000003,7.135799999999988,0.16989999999999972,2023-05-31,142,98,151,False
2023-01-10,2023,2.6569,2.6571,2.4346,2.5837,-0.008399999999999075,-6.262199999999991,6.253799999999992,0.1488999999999998,2023-05-31,141,97,152,False
2023-01-11,2023,2.6971,2.6925,2.4776,2.6264999999999996,0.19319999999999737,-6.253799999999992,6.446999999999989,0.15349999999999975,2023-05-31,140,96,153,False
2023-01-12,2023,2.7477,2.7257,2.5184,2.6562,0.9240000000000101,-5.787599999999997,6.711600000000007,0.15980000000000016,2023-05-31,139,95,154,False
2023-01-13,2023,2.7147,2.6825,2.4729,2.6083999999999996,1.3524000000000003,-5.690999999999979,7.04339999999998,0.16769999999999952,2023-05-31,138,94,155,False
2023-01-17,2023,2.7546,2.7247000000000003,2.5154,2.6536,1.255799999999983,-5.804399999999995,7.060199999999978,0.16809999999999947,2023-05-31,134,93,156,False
2023-01-18,2023,2.7116000000000002,2.7004,2.4965,2.6299,0.47040000000000415,-5.6027999999999984,6.073200000000003,0.14460000000000006,2023-05-31,133,92,157,False
2023-01-19,2023,2.7125,2.7023,2.4925,2.6332,0.4283999999999901,-5.909399999999993,6.337799999999983,0.1508999999999996,2023-05-31,132,91,158,False
2023-01-20,2023,2.7620999999999998,2.7409,2.526,2.6735,0.8903999999999952,-6.195000000000017,7.085400000000012,0.1687000000000003,2023-05-31,131,90,159,False
2023-01-23,2023,2.8082,2.7744999999999997,2.5586,2.7039,1.4154000000000027,-6.10259999999999,7.517999999999993,0.17899999999999983,2023-05-31,128,89,160,False
2023-01-24,2023,2.8331,2.7986,2.5735,2.7194,1.448999999999999,-6.127799999999987,7.576799999999986,0.18039999999999967,2023-05-31,127,88,161,False
2023-01-25,2023,2.8234,2.7952999999999997,2.5688999999999997,2.7108,1.18020000000001,-5.959800000000006,7.140000000000016,0.17000000000000037,2023-05-31,126,87,162,False
2023-01-26,2023,2.8327999999999998,2.7879,2.5735,2.707,1.8857999999999882,-5.606999999999989,7.492799999999977,0.17839999999999945,2023-05-31,125,86,163,False
2023-01-27,2023,2.8379000000000003,2.8011,2.585,2.7308,1.5456000000000163,-6.123599999999997,7.669200000000013,0.18260000000000032,2023-05-31,124,85,164,False
2023-01-30,2023,2.8572,2.8098,2.6123000000000003,2.7614,1.9908000000000046,-6.262199999999991,8.252999999999997,0.19649999999999992,2023-05-31,121,84,165,False
2023-01-31,2023,2.7973000000000003,2.7595,2.5737,2.7300999999999997,1.5876000000000117,-6.568799999999985,8.156399999999998,0.19419999999999996,2023-05-31,120,83,166,False
2023-02-01,2023,2.7962000000000002,2.7667,2.5726,2.7393,1.2390000000000034,-7.001400000000003,8.240400000000006,0.19620000000000015,2023-05-31,119,82,167,False
2023-02-02,2023,2.7929000000000004,2.7588,2.5454,2.7192000000000003,1.4322000000000195,-7.299600000000017,8.731800000000035,0.20790000000000083,2023-05-31,118,81,168,False
2023-02-03,2023,2.8188999999999997,2.8082,2.5861,2.7628,0.44939999999999714,-7.421399999999994,7.870799999999991,0.1873999999999998,2023-05-31,117,80,169,False
2023-02-06,2023,2.7963999999999998,2.7801,2.5527,2.7323000000000004,0.6845999999999899,-7.543200000000009,8.227799999999998,0.19589999999999996,2023-05-31,114,79,170,False
2023-02-07,2023,2.815,2.7649,2.5332,2.7060000000000004,2.1042000000000014,-7.257600000000021,9.361800000000024,0.22290000000000057,2023-05-31,113,78,171,False
2023-02-08,2023,2.8647000000000005,2.7873,2.5521000000000003,2.7256,3.250800000000015,-7.28699999999999,10.537800000000004,0.2509000000000001,2023-05-31,112,77,172,False
2023-02-09,2023,2.877,2.7864999999999998,2.5433000000000003,2.7155,3.801000000000001,-7.232399999999987,11.033399999999988,0.2626999999999997,2023-05-31,111,76,173,False
2023-02-10,2023,2.8723,2.784,2.551,2.7263,3.708600000000011,-7.3626000000000005,11.071200000000012,0.2636000000000003,2023-05-31,110,75,174,False
2023-02-13,2023,2.8094,2.741,2.508,2.6891000000000003,2.8728000000000007,-7.606200000000011,10.479000000000012,0.24950000000000028,2023-05-31,107,74,175,False
2023-02-14,2023,2.8324000000000003,2.7470999999999997,2.5324,2.7045999999999997,3.582600000000025,-7.232399999999987,10.815000000000012,0.2575000000000003,2023-05-31,106,73,176,False
2023-02-15,2023,2.8487999999999998,2.7455000000000003,2.5506,2.7161,4.338599999999979,-6.95099999999999,11.289599999999968,0.26879999999999926,2023-05-31,105,72,177,False
2023-02-16,2023,2.8446,2.7552999999999996,2.5563,2.7245999999999997,3.7506000000000066,-7.0685999999999956,10.819200000000002,0.25760000000000005,2023-05-31,104,71,178,False
2023-02-17,2023,2.8280000000000003,2.7547,2.5459,2.7218,3.078600000000006,-7.387799999999998,10.466400000000004,0.2492000000000001,2023-05-31,103,70,179,False
2023-02-21,2023,2.7785,2.7177,2.5159000000000002,2.6955,2.553600000000017,-7.54319999999999,10.096800000000007,0.24040000000000017,2023-05-31,99,69,180,False
2023-02-22,2023,2.7741000000000002,2.6896,2.4804,2.6492,3.54900000000001,-7.089600000000003,10.638600000000013,0.2533000000000003,2023-05-31,98,68,181,False
2023-02-23,2023,2.7916000000000003,2.7041000000000004,2.5088,2.6789,3.6749999999999963,-7.144200000000006,10.819200000000002,0.25760000000000005,2023-05-31,97,67,182,False
2023-02-24,2023,2.8402,2.7460000000000004,2.573,2.7449,3.9563999999999746,-7.2197999999999976,11.176199999999973,0.26609999999999934,2023-05-31,96,66,183,False
2023-02-27,2023,2.891,2.7950999999999997,2.6121,2.7861000000000002,4.027800000000013,-7.308000000000016,11.33580000000003,0.2699000000000007,2023-05-31,93,65,184,False
2023-02-28,2023,2.9072000000000005,2.8185000000000002,2.6403,2.8164999999999996,3.7254000000000094,-7.400399999999987,11.125799999999996,0.2648999999999999,2023-05-31,92,64,185,False
2023-03-01,2023,2.9081,2.8175,2.6551,2.8212,3.80520000000001,-6.976200000000006,10.781400000000016,0.2567000000000004,2023-05-31,91,63,186,False
2023-03-02,2023,2.9052999999999995,2.8212,2.6643,2.8244,3.5321999999999747,-6.724199999999996,10.25639999999997,0.2441999999999993,2023-05-31,90,62,187,False
2023-03-03,2023,2.9207,2.8619,2.6944,2.8585000000000003,2.469600000000008,-6.892200000000015,9.361800000000024,0.22290000000000057,2023-05-31,89,61,188,False
2023-03-06,2023,2.8845,2.8377999999999997,2.675,2.8434,1.9614000000000171,-7.072800000000004,9.034200000000022,0.2151000000000005,2023-05-31,86,60,189,False
2023-03-07,2023,2.9019,2.8542,2.7070999999999996,2.865,2.003399999999994,-6.631800000000025,8.635200000000019,0.20560000000000045,2023-05-31,85,59,190,False
2023-03-08,2023,2.9238999999999997,2.8885,2.74,2.9081,1.4867999999999855,-7.0601999999999965,8.546999999999983,0.2034999999999996,2023-05-31,84,58,191,False
2023-03-09,2023,2.927,2.8651999999999997,2.7276,2.8855,2.5956000000000126,-6.631800000000006,9.227400000000019,0.21970000000000045,2023-05-31,83,57,192,False
2023-03-10,2023,2.8703,2.8253,2.6715,2.8339999999999996,1.889999999999997,-6.824999999999985,8.714999999999982,0.20749999999999957,2023-05-31,82,56,193,False
2023-03-13,2023,2.8943,2.8437,2.6845,2.8381,2.1251999999999898,-6.451199999999998,8.576399999999989,0.20419999999999974,2023-05-31,79,55,194,False
2023-03-14,2023,2.9282999999999997,2.8819,2.7100999999999997,2.8703,1.9487999999999905,-6.728400000000005,8.677199999999996,0.2065999999999999,2023-05-31,78,54,195,False
2023-03-15,2023,2.9372000000000003,2.8977999999999997,2.7142,2.8764999999999996,1.654800000000023,-6.816599999999986,8.47140000000001,0.20170000000000024,2023-05-31,77,53,196,False
2023-03-16,2023,2.9068,2.8693,2.6831,2.8508,1.5750000000000037,-7.043399999999998,8.618400000000001,0.20520000000000002,2023-05-31,76,52,197,False
2023-03-17,2023,2.8716000000000004,2.8174,2.6324,2.804,2.2764000000000104,-7.20719999999999,9.4836,0.22579999999999997,2023-05-31,75,51,198,False
2023-03-20,2023,2.9025,2.8501999999999996,2.6792000000000002,2.8494,2.19660000000001,-7.148399999999996,9.345000000000006,0.22250000000000014,2023-05-31,72,50,199,False
2023-03-21,2023,2.9006,2.8457,2.6664999999999996,2.8352,2.305799999999998,-7.085400000000012,9.39120000000001,0.22360000000000024,2023-05-31,71,49,200,False
2023-03-22,2023,2.8994,2.8339,2.6745,2.847,2.7510000000000048,-7.244999999999995,9.995999999999999,0.23799999999999996,2023-05-31,70,48,201,False
2023-03-23,2023,2.915,2.8416,2.6933,2.86,3.082799999999996,-7.001400000000003,10.0842,0.24009999999999998,2023-05-31,69,47,202,False
2023-03-24,2023,2.9059,2.8279,2.6735,2.8387000000000002,3.2759999999999936,-6.938400000000001,10.214399999999994,0.24319999999999986,2023-05-31,68,46,203,False
2023-03-27,2023,2.9019999999999997,2.8425,2.6823,2.8493,2.4989999999999952,-7.013999999999992,9.512999999999987,0.2264999999999997,2023-05-31,65,45,204,False
2023-03-28,2023,2.8951,2.8413,2.6795999999999998,2.8462,2.2595999999999936,-6.997200000000013,9.256800000000005,0.22040000000000012,2023-05-31,64,44,205,False
2023-03-29,2023,2.8514,2.8015,2.6487,2.8169,2.0958000000000023,-7.064400000000005,9.160200000000007,0.21810000000000015,2023-05-31,63,43,206,False
2023-03-30,2023,2.802,2.7574,2.6272,2.7882,1.8731999999999989,-6.761999999999983,8.635199999999982,0.20559999999999956,2023-05-31,62,42,207,False
2023-03-31,2023,2.8212,2.7791,2.6445,2.8087999999999997,1.768200000000001,-6.900599999999995,8.668799999999997,0.20639999999999994,2023-05-31,61,41,208,False
2023-04-03,2023,2.8385000000000002,2.8002999999999996,2.6662,2.8308,1.6044000000000285,-6.913200000000003,8.517600000000032,0.20280000000000076,2023-05-31,58,40,209,False
2023-04-04,2023,2.7992000000000004,2.7551,2.6143,2.7727,1.8522000000000105,-6.652799999999995,8.505000000000006,0.20250000000000015,2023-05-31,57,39,210,False
2023-04-05,2023,2.8211,2.778,2.6233,2.7795,1.8101999999999965,-6.560400000000005,8.370600000000001,0.19930000000000003,2023-05-31,56,38,211,False
2023-04-06,2023,2.8316000000000003,2.8029,2.6589,2.8101,1.2054000000000071,-6.350399999999991,7.555799999999998,0.17989999999999995,2023-05-31,55,37,212,False
2023-04-10,2023,2.8706,2.8285,2.6824,2.8306999999999998,1.768200000000001,-6.228599999999995,7.996799999999996,0.1903999999999999,2023-05-31,51,36,213,False
2023-04-11,2023,2.864,2.8247000000000004,2.6614999999999998,2.8142,1.6505999999999768,-6.413400000000012,8.06399999999999,0.19199999999999975,2023-05-31,50,35,214,False
2023-04-12,2023,2.8975,2.8453,2.6900999999999997,2.8412,2.192400000000001,-6.346200000000019,8.53860000000002,0.20330000000000048,2023-05-31,49,34,215,False
2023-04-13,2023,2.8792,2.8381,2.6864999999999997,2.8465,1.7262000000000057,-6.720000000000006,8.446200000000012,0.20110000000000028,2023-05-31,48,33,216,False
2023-04-14,2023,2.8274,2.8092,2.6442,2.8139,0.7643999999999904,-7.127399999999989,7.8917999999999795,0.1878999999999995,2023-05-31,47,32,217,False
2023-04-17,2023,2.8253,2.8211,2.636,2.8194999999999997,0.17639999999999922,-7.706999999999981,7.88339999999998,0.18769999999999953,2023-05-31,44,31,218,False
2023-04-18,2023,2.7683,2.7777999999999996,2.5773,2.7667,-0.39899999999998403,-7.9548000000000005,7.5558000000000165,0.1799000000000004,2023-05-31,43,30,219,False
2023-04-19,2023,2.7577999999999996,2.7957,2.5894,2.7904,-1.5918000000000205,-8.442000000000004,6.850199999999983,0.1630999999999996,2023-05-31,42,29,220,False
2023-04-20,2023,2.7774,2.8034,2.6175,2.8026999999999997,-1.0919999999999916,-7.778399999999983,6.686399999999991,0.1591999999999998,2023-05-31,41,28,221,False
2023-04-21,2023,2.8067,2.8347,2.6538999999999997,2.8306,-1.176000000000001,-7.421400000000013,6.245400000000012,0.14870000000000028,2023-05-31,40,27,222,False
2023-04-24,2023,2.8264,2.8597,2.6705,2.8519,-1.3986000000000045,-7.6188,6.220199999999996,0.1480999999999999,2023-05-31,37,26,223,False
2023-04-25,2023,2.83,2.8623000000000003,2.6704000000000003,2.8538,-1.3566000000000091,-7.702799999999991,6.346199999999982,0.15109999999999957,2023-05-31,36,25,224,False
2023-04-26,2023,2.8362,2.8675,2.6775,2.8632999999999997,-1.3146000000000138,-7.80359999999998,6.488999999999966,0.1544999999999992,2023-05-31,35,24,225,False
2023-04-27,2023,2.8404000000000003,2.8535000000000004,2.6555,2.8368,-0.5502000000000047,-7.61460000000001,7.064400000000005,0.16820000000000013,2023-05-31,34,23,226,False
2023-04-28,2023,2.8207,2.8301,2.6275,2.8078,-0.3947999999999938,-7.572599999999996,7.177800000000002,0.17090000000000005,2023-05-31,33,22,227,False
2023-05-01,2023,2.8156,2.8221,2.6382,2.812,-0.2729999999999979,-7.299599999999998,7.0266,0.1673,2023-05-31,30,21,228,False
2023-05-02,2023,2.7960000000000003,2.8124000000000002,2.6094,2.7835,-0.6887999999999987,-7.312200000000006,6.623400000000007,0.15770000000000017,2023-05-31,29,20,229,False
2023-05-03,2023,2.8364999999999996,2.8668,2.6433999999999997,2.8248,-1.2726000000000184,-7.618800000000019,6.3462000000000005,0.1511,2023-05-31,28,19,230,False
2023-05-04,2023,2.8508,2.8794,2.6737,2.8451999999999997,-1.2011999999999983,-7.202999999999981,6.0017999999999825,0.14289999999999958,2023-05-31,27,18,231,False
2023-05-05,2023,2.8720999999999997,2.8967,2.6916,2.8606,-1.0332000000000168,-7.097999999999983,6.064799999999966,0.1443999999999992,2023-05-31,26,17,232,False
2023-05-08,2023,2.8729,2.8998000000000004,2.6975,2.8694,-1.1298000000000155,-7.219800000000016,6.090000000000001,0.14500000000000002,2023-05-31,23,16,233,False
2023-05-09,2023,2.8974,2.9156999999999997,2.6847000000000003,2.8575,-0.7685999999999806,-7.257599999999984,6.489000000000003,0.15450000000000008,2023-05-31,22,15,234,False
2023-05-10,2023,2.9627999999999997,2.9519,2.7456,2.9138,0.45779999999997756,-7.064400000000005,7.522199999999983,0.1790999999999996,2023-05-31,21,14,235,False
2023-05-11,2023,2.9360000000000004,2.9379000000000004,2.7172,2.8935000000000004,-0.07980000000000054,-7.4046000000000145,7.324800000000014,0.17440000000000033,2023-05-31,20,13,236,False
2023-05-12,2023,2.9694,2.9599,2.727,2.9008999999999996,0.39899999999998403,-7.303799999999988,7.702799999999972,0.18339999999999934,2023-05-31,19,12,237,False
2023-05-15,2023,2.9594,2.9665,2.7195,2.9016,-0.29819999999999514,-7.648200000000006,7.350000000000011,0.17500000000000027,2023-05-31,16,11,238,False
2023-05-16,2023,2.966,2.9696,2.7209,2.9066,-0.15119999999998335,-7.799400000000008,7.648200000000025,0.1821000000000006,2023-05-31,15,10,239,False
2023-05-17,2023,2.9219,2.9377999999999997,2.6784,2.875,-0.6677999999999917,-8.257200000000005,7.589400000000013,0.1807000000000003,2023-05-31,14,9,240,False
2023-05-18,2023,2.9275,2.9367,2.6952,2.8829000000000002,-0.38639999999999475,-7.883400000000018,7.497000000000023,0.17850000000000055,2023-05-31,13,8,241,False
2023-05-19,2023,2.923,2.9261,2.6854,2.8739999999999997,-0.130199999999995,-7.921199999999986,7.790999999999991,0.18549999999999978,2023-05-31,12,7,242,False
2023-05-22,2023,2.9192,2.9191000000000003,2.6820999999999997,2.8634,0.0041999999999902116,-7.61460000000001,7.6188,0.1814,2023-05-31,9,6,243,False
2023-05-23,2023,2.9282999999999997,2.9249,2.6875,2.8676999999999997,0.14279999999998427,-7.568399999999987,7.711199999999971,0.18359999999999932,2023-05-31,8,5,244,False
2023-05-24,2023,2.9444999999999997,2.9389,2.6839999999999997,2.8689,0.23519999999999275,-7.765800000000012,8.001000000000005,0.1905000000000001,2023-05-31,7,4,245,False
2023-05-25,2023,2.9443,2.9218,2.6670999999999996,2.8482,0.9449999999999985,-7.606200000000011,8.551200000000009,0.2036000000000002,2023-05-31,6,3,246,False
2023-05-26,2023,2.8903,2.867,2.6258,2.7986,0.9785999999999948,-7.257600000000003,8.236199999999997,0.1960999999999999,2023-05-31,5,2,247,False
2023-05-30,2023,2.9095,2.8771,2.6307,2.8139,1.3607999999999993,-7.694399999999992,9.055199999999992,0.21559999999999982,2023-05-31,1,1,248,False
2023-05-31,2023,2.9279,2.8892,2.6385,2.8224,1.6253999999999982,-7.723799999999998,9.349199999999996,0.2225999999999999,2023-05-31,0,0,249,False
2023-06-01,2024,2.8273,2.7775,2.6893000000000002,2.8082,2.091600000000012,-4.993799999999982,7.085399999999994,0.16869999999999985,2024-05-31,365,251,0,False
2023-06-02,2024,2.8009,2.7602999999999995,2.6745,2.793,1.7052000000000174,-4.977000000000002,6.6822000000000195,0.15910000000000046,2024-05-31,364,250,1,False
2023-06-05,2024,2.833,2.7834,2.6906,2.8067,2.083200000000013,-4.876200000000013,6.959400000000026,0.16570000000000062,2024-05-31,361,249,2,False
2023-06-06,2024,2.8269,2.7798000000000003,2.7098,2.8262,1.9781999999999966,-4.8888000000000025,6.866999999999999,0.16349999999999998,2024-05-31,360,248,3,False
2023-06-07,2024,2.7923,2.7609,2.6713,2.7892,1.318800000000004,-4.951800000000005,6.270600000000009,0.1493000000000002,2024-05-31,359,247,4,False
2023-06-08,2024,2.8117,2.7806,2.7001,2.8301,1.306199999999996,-5.4599999999999955,6.7661999999999916,0.1610999999999998,2024-05-31,358,246,5,False
2023-06-09,2024,2.8113,2.7749,2.6943,2.8231,1.5287999999999995,-5.409600000000001,6.938400000000001,0.1652,2024-05-31,357,245,6,False
2023-06-12,2024,2.8011,2.7805,2.6718,2.8171,0.865199999999998,-6.10259999999999,6.967799999999988,0.16589999999999971,2024-05-31,354,244,7,False
2023-06-13,2024,2.8360000000000003,2.8174,2.7112,2.8577,0.7812000000000072,-6.153000000000003,6.93420000000001,0.16510000000000025,2024-05-31,353,243,8,False
2023-06-14,2024,2.8364,2.8150999999999997,2.6839,2.8361,0.8946000000000041,-6.392400000000005,7.287000000000009,0.1735000000000002,2024-05-31,352,242,9,False
2023-06-15,2024,2.8466000000000005,2.8175,2.6630000000000003,2.8081,1.222200000000024,-6.094199999999991,7.316400000000015,0.17420000000000035,2024-05-31,351,241,10,False
2023-06-16,2024,2.8282,2.803,2.6511,2.7966,1.0583999999999953,-6.111000000000008,7.169400000000003,0.17070000000000007,2024-05-31,350,240,11,False
2023-06-20,2024,2.8636,2.821,2.667,2.8135000000000003,1.7891999999999895,-6.153000000000022,7.942200000000011,0.18910000000000027,2024-05-31,346,239,12,False
2023-06-21,2024,2.8586,2.8152999999999997,2.6889999999999996,2.8412,1.8186000000000142,-6.392400000000023,8.211000000000038,0.1955000000000009,2024-05-31,345,238,13,False
2023-06-22,2024,2.8531999999999997,2.7963,2.6814,2.8245,2.3897999999999886,-6.0102,8.399999999999988,0.1999999999999997,2024-05-31,344,237,14,False
2023-06-23,2024,2.8149,2.7906999999999997,2.6751,2.8147,1.0164000000000186,-5.863200000000007,6.879600000000026,0.1638000000000006,2024-05-31,343,236,15,False
2023-06-26,2024,2.7741000000000002,2.7662999999999998,2.6275999999999997,2.7773000000000003,0.3276000000000199,-6.287400000000026,6.6150000000000455,0.15750000000000108,2024-05-31,340,235,16,False
2023-06-27,2024,2.8001,2.7832999999999997,2.6441000000000003,2.7941000000000003,0.7056000000000155,-6.299999999999996,7.005600000000012,0.16680000000000028,2024-05-31,339,234,17,False
2023-06-28,2024,2.7914999999999996,2.7943000000000002,2.6449000000000003,2.8025,-0.11760000000002435,-6.619199999999998,6.501599999999974,0.15479999999999938,2024-05-31,338,233,18,False
2023-06-29,2024,2.8207,2.8093,2.6525,2.8098,0.4788000000000032,-6.606600000000009,7.085400000000012,0.1687000000000003,2024-05-31,337,232,19,False
2023-06-30,2024,2.832,2.8063,2.6435000000000004,2.7967,1.0794000000000024,-6.4343999999999815,7.513799999999984,0.17889999999999961,2024-05-31,336,231,20,False
2023-07-03,2024,2.8103,2.7855000000000003,2.6058,2.7706,1.0415999999999785,-6.921600000000002,7.963199999999981,0.18959999999999955,2024-05-31,333,230,21,False
2023-07-05,2024,2.7918000000000003,2.7689,2.5797000000000003,2.7439,0.9618000000000153,-6.8963999999999865,7.858200000000002,0.18710000000000004,2024-05-31,331,229,22,False
2023-07-06,2024,2.7933999999999997,2.7689,2.5904000000000003,2.7507,1.0289999999999893,-6.732599999999995,7.7615999999999845,0.18479999999999963,2024-05-31,330,228,23,False
2023-07-07,2024,2.7815,2.7483999999999997,2.568,2.7270999999999996,1.3902000000000054,-6.682199999999982,8.072399999999988,0.1921999999999997,2024-05-31,329,227,24,False
2023-07-10,2024,2.7491000000000003,2.7089,2.5236,2.6794,1.6884000000000192,-6.543599999999988,8.232000000000006,0.19600000000000015,2024-05-31,326,226,25,False
2023-07-11,2024,2.7444,2.6877999999999997,2.5288,2.6772000000000005,2.377200000000018,-6.232800000000022,8.61000000000004,0.20500000000000096,2024-05-31,325,225,26,False
2023-07-12,2024,2.725,2.6877,2.5229,2.6689999999999996,1.5666000000000047,-6.136199999999986,7.702799999999991,0.18339999999999979,2024-05-31,324,224,27,False
2023-07-13,2024,2.7468,2.7083,2.5391,2.6860000000000004,1.616999999999999,-6.16980000000002,7.786800000000019,0.18540000000000045,2024-05-31,323,223,28,False
2023-07-14,2024,2.8196,2.7735000000000003,2.6106,2.7573000000000003,1.9361999999999826,-6.161400000000021,8.097600000000003,0.19280000000000008,2024-05-31,322,222,29,False
2023-07-17,2024,2.8032999999999997,2.7441000000000004,2.5754,2.7229,2.4863999999999686,-6.1949999999999985,8.681399999999968,0.20669999999999925,2024-05-31,319,221,30,False
2023-07-18,2024,2.7853,2.7344999999999997,2.5543,2.7029,2.1336000000000075,-6.241200000000003,8.374800000000011,0.19940000000000027,2024-05-31,318,220,31,False
2023-07-19,2024,2.7467,2.7105,2.4887,2.6523000000000003,1.5204000000000004,-6.871200000000008,8.391600000000007,0.19980000000000017,2024-05-31,317,219,32,False
2023-07-20,2024,2.7407,2.6885000000000003,2.4815,2.6329000000000002,2.1923999999999824,-6.3588000000000084,8.55119999999999,0.20359999999999978,2024-05-31,316,218,33,False
2023-07-21,2024,2.7521,2.7049000000000003,2.5047,2.6585,1.9823999999999868,-6.459599999999997,8.441999999999984,0.20099999999999962,2024-05-31,315,217,34,False
2023-07-24,2024,2.7409,2.7111,2.5181,2.6732,1.2515999999999927,-6.514200000000001,7.765799999999993,0.18489999999999984,2024-05-31,312,216,35,False
2023-07-25,2024,2.748,2.7070999999999996,2.5144,2.6704000000000003,1.7178000000000253,-6.552000000000006,8.269800000000032,0.19690000000000077,2024-05-31,311,215,36,False
2023-07-26,2024,2.7685000000000004,2.7260000000000004,2.5551,2.7081999999999997,1.7849999999999993,-6.430199999999991,8.21519999999999,0.19559999999999977,2024-05-31,310,214,37,False
2023-07-27,2024,2.7460000000000004,2.7111,2.5394,2.6886,1.4658000000000158,-6.2664,7.732200000000016,0.18410000000000037,2024-05-31,309,213,38,False
2023-07-28,2024,2.739,2.7064,2.5317,2.6814999999999998,1.3691999999999984,-6.291599999999997,7.660799999999996,0.1823999999999999,2024-05-31,308,212,39,False
2023-07-31,2024,2.7792000000000003,2.7165,2.559,2.7104000000000004,2.6334000000000177,-6.3588000000000084,8.992200000000025,0.2141000000000006,2024-05-31,305,211,40,False
2023-08-01,2024,2.7668,2.7076,2.529,2.6849000000000003,2.486400000000006,-6.547800000000016,9.034200000000022,0.2151000000000005,2024-05-31,304,210,41,False
2023-08-02,2024,2.7287,2.6658999999999997,2.4816,2.6372000000000004,2.637600000000008,-6.535200000000026,9.172800000000034,0.21840000000000082,2024-05-31,303,209,42,False
2023-08-03,2024,2.7426999999999997,2.6674,2.4855,2.6335,3.162599999999978,-6.2160000000000055,9.378599999999985,0.22329999999999964,2024-05-31,302,208,43,False
2023-08-04,2024,2.7898,2.7072000000000003,2.5441,2.6860000000000004,3.469199999999991,-5.959800000000024,9.429000000000016,0.2245000000000004,2024-05-31,301,207,44,False
2023-08-07,2024,2.8505000000000003,2.7667,2.6101,2.7489999999999997,3.519600000000004,-5.833799999999982,9.353399999999986,0.22269999999999968,2024-05-31,298,206,45,False
2023-08-08,2024,2.8561,2.7657,2.6004,2.7379000000000002,3.796800000000011,-5.7750000000000075,9.571800000000017,0.2279000000000004,2024-05-31,297,205,46,False
2023-08-09,2024,2.8575999999999997,2.7807,2.597,2.7349,3.2297999999999893,-5.791800000000006,9.021599999999996,0.2147999999999999,2024-05-31,296,204,47,False
2023-08-10,2024,2.8676999999999997,2.7906999999999997,2.594,2.7366,3.233999999999998,-5.989200000000012,9.22320000000001,0.2196000000000002,2024-05-31,295,203,48,False
2023-08-11,2024,2.8596,2.7792000000000003,2.5874,2.7291000000000003,3.3767999999999825,-5.951400000000007,9.328199999999988,0.22209999999999971,2024-05-31,294,202,49,False
2023-08-14,2024,2.8928,2.8173000000000004,2.6157999999999997,2.7670999999999997,3.170999999999977,-6.3546,9.525599999999976,0.22679999999999942,2024-05-31,291,201,50,False
2023-08-15,2024,2.9177999999999997,2.8346,2.6632,2.8015,3.494399999999988,-5.808600000000004,9.302999999999992,0.2214999999999998,2024-05-31,290,200,51,False
2023-08-16,2024,2.937,2.8404000000000003,2.6745,2.8213999999999997,4.057199999999982,-6.169799999999983,10.226999999999965,0.24349999999999916,2024-05-31,289,199,52,False
2023-08-17,2024,2.9441,2.8366000000000002,2.6805000000000003,2.8223000000000003,4.514999999999997,-5.955599999999997,10.470599999999994,0.24929999999999986,2024-05-31,288,198,53,False
2023-08-18,2024,2.9816000000000003,2.8588999999999998,2.7007,2.8383,5.15340000000002,-5.779199999999998,10.932600000000019,0.2603000000000004,2024-05-31,287,197,54,False
2023-08-21,2024,2.9747000000000003,2.8487999999999998,2.6862,2.8191,5.287800000000024,-5.58180000000001,10.869600000000034,0.2588000000000008,2024-05-31,284,196,55,False
2023-08-22,2024,3.0172000000000003,2.8962,2.7518000000000002,2.8764999999999996,5.0820000000000185,-5.237399999999973,10.319399999999991,0.24569999999999978,2024-05-31,283,195,56,False
2023-08-23,2024,3.0474,2.9353,2.7974,2.9224,4.708200000000013,-5.25,9.958200000000012,0.23710000000000028,2024-05-31,282,194,57,False
2023-08-24,2024,3.0404,2.9272000000000005,2.7817000000000003,2.9081,4.75439999999998,-5.3087999999999935,10.063199999999973,0.23959999999999937,2024-05-31,281,193,58,False
2023-08-25,2024,3.022,2.9126,2.7758999999999996,2.9068,4.5947999999999976,-5.497800000000019,10.092600000000017,0.2403000000000004,2024-05-31,280,192,59,False
2023-08-28,2024,2.9960000000000004,2.8894,2.7412,2.8745,4.4772000000000105,-5.59859999999999,10.075800000000001,0.23990000000000003,2024-05-31,277,191,60,False
2023-08-29,2024,3.0032,2.8906,2.7558999999999996,2.8857999999999997,4.729200000000001,-5.455800000000005,10.185000000000006,0.24250000000000013,2024-05-31,276,190,61,False
2023-08-30,2024,3.0101,2.8836,2.7317,2.862,5.313000000000002,-5.4726000000000035,10.785600000000006,0.25680000000000014,2024-05-31,275,189,62,False
2023-08-31,2024,2.9665,2.8285,2.688,2.7974,5.795999999999996,-4.5947999999999976,10.390799999999993,0.24739999999999984,2024-05-31,274,188,63,False
2023-09-01,2024,2.9511000000000003,2.8041,2.6705,2.7811000000000003,6.17400000000001,-4.645200000000011,10.81920000000002,0.2576000000000005,2024-05-31,273,187,64,False
2023-09-05,2024,2.8487999999999998,2.707,2.5616000000000003,2.6811000000000003,5.955599999999997,-5.0189999999999975,10.974599999999995,0.26129999999999987,2024-05-31,269,186,65,False
2023-09-06,2024,2.8218,2.6895,2.5326,2.6556,5.556600000000013,-5.166000000000009,10.722600000000021,0.2553000000000005,2024-05-31,268,185,66,False
2023-09-07,2024,2.8239,2.7033,2.5517,2.6716,5.065200000000002,-5.035800000000014,10.101000000000017,0.2405000000000004,2024-05-31,267,184,67,False
2023-09-08,2024,2.8255,2.7322,2.5595,2.6941,3.918599999999988,-5.6532000000000115,9.5718,0.2279,2024-05-31,266,183,68,False
2023-09-11,2024,2.8150999999999997,2.7336,2.5836,2.7171,3.4229999999999867,-5.606999999999989,9.029999999999976,0.21499999999999944,2024-05-31,263,182,69,False
2023-09-12,2024,2.7839,2.6889999999999996,2.5435,2.6756,3.985800000000018,-5.548200000000014,9.534000000000031,0.22700000000000073,2024-05-31,262,181,70,False
2023-09-13,2024,2.807,2.6984,2.5668,2.6973000000000003,4.561200000000001,-5.4810000000000025,10.042200000000005,0.23910000000000012,2024-05-31,261,180,71,False
2023-09-14,2024,2.8273,2.7231,2.5805000000000002,2.7085000000000004,4.376400000000003,-5.376000000000005,9.752400000000009,0.2322000000000002,2024-05-31,260,179,72,False
2023-09-15,2024,2.7582999999999998,2.6787,2.5258000000000003,2.6569,3.343199999999986,-5.506199999999981,8.849399999999967,0.21069999999999922,2024-05-31,259,178,73,False
2023-09-18,2024,2.7596,2.6832,2.5447,2.6814,3.208800000000001,-5.7413999999999925,8.950199999999993,0.21309999999999985,2024-05-31,256,177,74,False
2023-09-19,2024,2.7451999999999996,2.6842,2.5425999999999997,2.6883999999999997,2.561999999999979,-6.123599999999997,8.685599999999976,0.20679999999999943,2024-05-31,255,176,75,False
2023-09-20,2024,2.7422000000000004,2.6807,2.5311000000000003,2.6737,2.5830000000000233,-5.989199999999993,8.572200000000016,0.2041000000000004,2024-05-31,254,175,76,False
2023-09-21,2024,2.722,2.6662,2.4962999999999997,2.6302999999999996,2.343600000000003,-5.627999999999996,7.971599999999999,0.18979999999999997,2024-05-31,253,174,77,False
2023-09-22,2024,2.761,2.7077999999999998,2.5599000000000003,2.6872000000000003,2.234400000000015,-5.346599999999999,7.581000000000014,0.18050000000000033,2024-05-31,252,173,78,False
2023-09-25,2024,2.755,2.718,2.5627,2.6927,1.5539999999999967,-5.4599999999999955,7.013999999999992,0.16699999999999982,2024-05-31,249,172,79,False
2023-09-26,2024,2.7653,2.7492,2.5812,2.7166,0.6761999999999908,-5.686800000000008,6.362999999999999,0.15149999999999997,2024-05-31,248,171,80,False
2023-09-27,2024,2.7777,2.7618,2.5951999999999997,2.7392000000000003,0.6677999999999917,-6.048000000000024,6.715800000000016,0.15990000000000038,2024-05-31,247,170,81,False
2023-09-28,2024,2.7727,2.7626,2.6041000000000003,2.7443,0.4241999999999999,-5.888399999999986,6.312599999999986,0.15029999999999966,2024-05-31,246,169,82,False
2023-09-29,2024,2.847,2.812,2.6675,2.7966,1.470000000000006,-5.422200000000009,6.892200000000015,0.16410000000000036,2024-05-31,245,168,83,False
2023-10-02,2024,2.8463,2.8202999999999996,2.7020999999999997,2.8308,1.0920000000000103,-5.405400000000011,6.497400000000021,0.1547000000000005,2024-05-31,242,167,84,False
2023-10-03,2024,2.8387000000000002,2.8298,2.6819,2.8139,0.37380000000000546,-5.543999999999986,5.917799999999992,0.1408999999999998,2024-05-31,241,166,85,False
2023-10-04,2024,2.8265,2.8164,2.6542000000000003,2.7856,0.4241999999999999,-5.518799999999989,5.942999999999989,0.14149999999999974,2024-05-31,240,165,86,False
2023-10-05,2024,2.8102,2.8045,2.6277999999999997,2.7641000000000004,0.2394000000000016,-5.724600000000032,5.964000000000033,0.1420000000000008,2024-05-31,239,164,87,False
2023-10-06,2024,2.7971,2.8146,2.6318,2.7744,-0.735000000000003,-5.989199999999993,5.25419999999999,0.12509999999999977,2024-05-31,238,163,88,False
2023-10-09,2024,2.8157,2.8339999999999996,2.6578,2.7988,-0.7685999999999806,-5.922000000000001,5.15340000000002,0.12270000000000048,2024-05-31,235,162,89,False
2023-10-10,2024,2.7987,2.8285,2.6472,2.7943000000000002,-1.2515999999999927,-6.1782,4.926600000000008,0.11730000000000018,2024-05-31,234,161,90,False
2023-10-11,2024,2.8027999999999995,2.8304,2.6502,2.7988,-1.1592000000000215,-6.241200000000003,5.081999999999981,0.12099999999999955,2024-05-31,233,160,91,False
2023-10-12,2024,2.8363,2.8526,2.6888,2.8373000000000004,-0.6845999999999899,-6.2370000000000125,5.552400000000023,0.13220000000000054,2024-05-31,232,159,92,False
2023-10-13,2024,2.8044,2.8174,2.6475,2.7893,-0.5460000000000145,-5.955599999999997,5.409599999999982,0.12879999999999958,2024-05-31,231,158,93,False
2023-10-16,2024,2.8125999999999998,2.8272000000000004,2.6677999999999997,2.8027999999999995,-0.6132000000000257,-5.669999999999991,5.056799999999965,0.12039999999999917,2024-05-31,228,157,94,False
2023-10-17,2024,2.7986,2.8105,2.6624,2.7883999999999998,-0.49980000000001024,-5.291999999999995,4.792199999999985,0.11409999999999965,2024-05-31,227,156,95,False
2023-10-18,2024,2.8289,2.8394999999999997,2.7056,2.8329000000000004,-0.44519999999998827,-5.346600000000017,4.901400000000029,0.11670000000000069,2024-05-31,226,155,96,False
2023-10-19,2024,2.8152,2.8295999999999997,2.7036000000000002,2.8306999999999998,-0.6047999999999893,-5.338199999999981,4.733399999999992,0.1126999999999998,2024-05-31,225,154,97,False
2023-10-20,2024,2.8528,2.8655,2.7657,2.8841,-0.5334000000000065,-4.972800000000012,4.439400000000005,0.10570000000000013,2024-05-31,224,153,98,False
2023-10-23,2024,2.8561,2.8695999999999997,2.7704000000000004,2.8829000000000002,-0.5669999999999842,-4.7249999999999925,4.158000000000008,0.0990000000000002,2024-05-31,221,152,99,False
2023-10-24,2024,2.8634,2.8724000000000003,2.7897000000000003,2.8985000000000003,-0.3780000000000143,-4.5696,4.191599999999986,0.09979999999999967,2024-05-31,220,151,100,False
2023-10-25,2024,2.8838999999999997,2.8912,2.7948000000000004,2.9057,-0.30660000000001286,-4.657799999999981,4.351199999999968,0.10359999999999925,2024-05-31,219,150,101,False
2023-10-26,2024,2.9545,2.9613,2.8866,2.9943,-0.28560000000000585,-4.523399999999996,4.23779999999999,0.10089999999999977,2024-05-31,218,149,102,False
2023-10-27,2024,2.9341000000000004,2.9438,2.8550999999999997,2.9731,-0.4073999999999831,-4.956000000000014,4.548600000000031,0.10830000000000073,2024-05-31,217,148,103,False
2023-10-30,2024,2.9023000000000003,2.9221,2.8259,2.9486000000000003,-0.831599999999983,-5.15340000000002,4.321800000000037,0.10290000000000088,2024-05-31,214,147,104,False
2023-10-31,2024,2.8569999999999998,2.8958,2.8031,2.9235,-1.629600000000007,-5.056800000000003,3.4271999999999956,0.0815999999999999,2024-05-31,213,146,105,False
2023-11-01,2024,2.8731999999999998,2.9181,2.8352999999999997,2.9619999999999997,-1.8858000000000068,-5.3214000000000015,3.4355999999999947,0.08179999999999987,2024-05-31,212,145,106,False
2023-11-02,2024,2.9139,2.9345,2.8707,2.9892000000000003,-0.865199999999998,-4.977000000000021,4.111800000000023,0.09790000000000054,2024-05-31,211,144,107,False
2023-11-03,2024,2.9307999999999996,2.9526999999999997,2.8794,3.0012,-0.9198000000000013,-5.115599999999996,4.195799999999995,0.09989999999999988,2024-05-31,210,143,108,False
2023-11-06,2024,2.9029000000000003,2.9263,2.8514999999999997,2.9722000000000004,-0.982799999999985,-5.069400000000029,4.086600000000044,0.09730000000000105,2024-05-31,207,142,109,False
2023-11-07,2024,2.8613,2.8826,2.8308999999999997,2.9515,-0.8946000000000041,-5.065200000000002,4.170599999999998,0.09929999999999994,2024-05-31,206,141,110,False
2023-11-08,2024,2.9004000000000003,2.9065,2.8689,2.9856,-0.2561999999999811,-4.901399999999992,4.645200000000011,0.11060000000000025,2024-05-31,205,140,111,False
2023-11-09,2024,2.8993,2.9010000000000002,2.8577,2.9682,-0.07140000000000146,-4.641000000000002,4.5696,0.10880000000000001,2024-05-31,204,139,112,False
2023-11-10,2024,2.9194999999999998,2.9208,2.8663,2.9804000000000004,-0.05460000000000331,-4.792200000000022,4.737600000000019,0.11280000000000046,2024-05-31,203,138,113,False
2023-11-13,2024,2.8489999999999998,2.8602999999999996,2.8176,2.9295,-0.47459999999999436,-4.699799999999995,4.225200000000001,0.10060000000000002,2024-05-31,200,137,114,False
2023-11-14,2024,2.8539999999999996,2.845,2.8188999999999997,2.9233,0.377999999999977,-4.384800000000002,4.762799999999979,0.1133999999999995,2024-05-31,199,136,115,False
2023-11-15,2024,2.8333,2.8274,2.7834,2.8931,0.2478000000000007,-4.6074000000000055,4.855200000000006,0.11560000000000015,2024-05-31,198,135,116,False
2023-11-16,2024,2.8029,2.8098,2.7502,2.8704,-0.28979999999999606,-5.0484000000000036,4.7586000000000075,0.11330000000000018,2024-05-31,197,134,117,False
2023-11-17,2024,2.8254,2.8292,2.7794,2.9069,-0.15960000000000107,-5.354999999999998,5.195399999999997,0.12369999999999992,2024-05-31,196,133,118,False
2023-11-20,2024,2.8185000000000002,2.7969999999999997,2.7437,2.8689999999999998,0.9030000000000218,-5.262599999999989,6.165600000000011,0.14680000000000026,2024-05-31,193,132,119,False
2023-11-21,2024,2.8564,2.8342,2.7880000000000003,2.9119,0.9323999999999906,-5.203799999999996,6.136199999999986,0.14609999999999967,2024-05-31,192,131,120,False
2023-11-22,2024,2.8789,2.8454,2.8024,2.9303,1.406999999999985,-5.371799999999996,6.778799999999981,0.16139999999999954,2024-05-31,191,130,121,False
2023-11-24,2024,2.8435,2.8169999999999997,2.7556,2.8848000000000003,1.1130000000000173,-5.426400000000018,6.539400000000035,0.15570000000000084,2024-05-31,189,129,122,False
2023-11-27,2024,2.8416,2.7942,2.7310000000000003,2.8588999999999998,1.9908000000000046,-5.371799999999977,7.362599999999982,0.17529999999999957,2024-05-31,186,128,123,False
2023-11-28,2024,2.8322000000000003,2.7920999999999996,2.7245,2.8583,1.684200000000029,-5.619599999999997,7.303800000000026,0.1739000000000006,2024-05-31,185,127,124,False
2023-11-29,2024,2.7851,2.7476,2.668,2.8001,1.5750000000000037,-5.548199999999995,7.123199999999999,0.16959999999999997,2024-05-31,184,126,125,False
2023-11-30,2024,2.8253,2.7769,2.7048,2.842,2.0328,-5.7623999999999995,7.7951999999999995,0.1856,2024-05-31,183,125,126,False
2023-12-01,2024,2.8167,2.7698,2.7213,2.8563,1.9697999999999976,-5.67000000000001,7.639800000000007,0.18190000000000017,2024-05-31,182,124,127,False
2023-12-04,2024,2.7805,2.7441000000000004,2.6847000000000003,2.8237,1.5287999999999808,-5.837999999999991,7.366799999999972,0.17539999999999933,2024-05-31,179,123,128,False
2023-12-05,2024,2.783,2.7308,2.6568,2.7933999999999997,2.192400000000001,-5.737199999999984,7.929599999999985,0.18879999999999963,2024-05-31,178,122,129,False
2023-12-06,2024,2.7722,2.7270999999999996,2.6586000000000003,2.7813999999999997,1.8942000000000245,-5.157599999999973,7.051799999999997,0.16789999999999994,2024-05-31,177,121,130,False
2023-12-07,2024,2.7798000000000003,2.7445,2.6711,2.7938,1.482600000000014,-5.153400000000001,6.636000000000015,0.15800000000000036,2024-05-31,176,120,131,False
2023-12-08,2024,2.7881,2.7479,2.6587,2.7856,1.6884000000000006,-5.3298000000000005,7.018200000000001,0.16710000000000003,2024-05-31,175,119,132,False
2023-12-11,2024,2.7719,2.7116000000000002,2.6277999999999997,2.7487,2.5325999999999915,-5.07780000000001,7.610400000000001,0.18120000000000003,2024-05-31,172,118,133,False
2023-12-12,2024,2.781,2.7014,2.6098000000000003,2.7243,3.343200000000005,-4.808999999999983,8.152199999999988,0.19409999999999972,2024-05-31,171,117,134,False
2023-12-13,2024,2.8147,2.6974,2.6307,2.7346,4.926600000000008,-4.363799999999995,9.290400000000002,0.22120000000000004,2024-05-31,170,116,135,False
2023-12-14,2024,2.8265,2.698,2.6302,2.7292,5.396999999999993,-4.158000000000008,9.555000000000001,0.22750000000000004,2024-05-31,169,115,136,False
2023-12-15,2024,2.7438,2.6568,2.5783,2.6922,3.6539999999999893,-4.783800000000005,8.437799999999994,0.20089999999999986,2024-05-31,168,114,137,False
2023-12-18,2024,2.7322,2.6336,2.5702,2.6731,4.14120000000001,-4.3218,8.46300000000001,0.20150000000000023,2024-05-31,165,113,138,False
2023-12-19,2024,2.7469,2.6281,2.5616000000000003,2.6541,4.98960000000001,-3.884999999999992,8.874600000000001,0.21130000000000002,2024-05-31,164,112,139,False
2023-12-20,2024,2.6718,2.5543,2.4912,2.588,4.935000000000007,-4.0656,9.000600000000006,0.21430000000000013,2024-05-31,163,111,140,False
2023-12-21,2024,2.6422000000000003,2.5473,2.4858000000000002,2.5862,3.985800000000018,-4.216799999999983,8.2026,0.1953,2024-05-31,162,110,141,False
2023-12-22,2024,2.6026,2.511,2.4537999999999998,2.5553,3.8471999999999866,-4.263000000000006,8.110199999999992,0.1930999999999998,2024-05-31,161,109,142,False
2023-12-26,2024,2.6064999999999996,2.5164,2.4581,2.5633999999999997,3.7841999999999842,-4.4225999999999885,8.206799999999973,0.19539999999999935,2024-05-31,157,108,143,False
2023-12-27,2024,2.5906000000000002,2.5087,2.4296,2.5317,3.4398000000000035,-4.288199999999985,7.727999999999988,0.18399999999999972,2024-05-31,156,107,144,False
2023-12-28,2024,2.6236,2.5428,2.4637000000000002,2.5706,3.3935999999999993,-4.4898,7.883399999999999,0.18769999999999998,2024-05-31,155,106,145,False
2023-12-29,2024,2.5924,2.5424,2.4621,2.5836,2.0999999999999925,-5.103000000000007,7.202999999999999,0.17149999999999999,2024-05-31,154,105,146,False
2024-01-02,2024,2.5639,2.5126,2.425,2.5501,2.154599999999996,-5.254200000000009,7.408800000000005,0.1764000000000001,2024-05-31,150,104,147,False
2024-01-03,2024,2.5287,2.4778000000000002,2.3964,2.5144,2.1377999999999977,-4.956000000000014,7.093800000000011,0.16890000000000027,2024-05-31,149,103,148,False
2024-01-04,2024,2.5263999999999998,2.4635,2.3714,2.4934,2.641799999999998,-5.123999999999995,7.765799999999993,0.18489999999999984,2024-05-31,148,102,149,False
2024-01-05,2024,2.5216,2.4661,2.3813,2.4998,2.330999999999995,-4.977000000000002,7.307999999999997,0.17399999999999993,2024-05-31,147,101,150,False
2024-01-08,2024,2.4730000000000003,2.4343,2.3213,2.4465,1.6254000000000168,-5.258399999999999,6.883800000000016,0.16390000000000038,2024-05-31,144,100,151,False
2024-01-09,2024,2.4952,2.472,2.3701,2.4979,0.9744000000000046,-5.367600000000006,6.34200000000001,0.15100000000000025,2024-05-31,143,99,152,False
2024-01-10,2024,2.4965,2.4663999999999997,2.3575999999999997,2.4859,1.2642000000000193,-5.388600000000013,6.652800000000032,0.15840000000000076,2024-05-31,142,98,153,False
2024-01-11,2024,2.4588,2.4227000000000003,2.333,2.449,1.5161999999999916,-4.871999999999986,6.388199999999977,0.15209999999999946,2024-05-31,141,97,154,False
2024-01-12,2024,2.4705,2.4305000000000003,2.3493,2.4605,1.6799999999999828,-4.670400000000008,6.350399999999991,0.15119999999999978,2024-05-31,140,96,155,False
2024-01-16,2024,2.479,2.4394,2.3531,2.4634,1.6632000000000033,-4.632600000000003,6.295800000000006,0.14990000000000014,2024-05-31,136,95,156,False
2024-01-17,2024,2.4513,2.4238,2.3226,2.4341,1.154999999999994,-4.682999999999997,5.837999999999991,0.1389999999999998,2024-05-31,135,94,157,False
2024-01-18,2024,2.5066,2.4641,2.35,2.4539,1.7849999999999993,-4.363799999999995,6.148799999999994,0.14639999999999986,2024-05-31,134,93,158,False
2024-01-19,2024,2.5232,2.4781999999999997,2.3718,2.4708,1.8900000000000157,-4.158000000000008,6.048000000000024,0.14400000000000057,2024-05-31,133,92,159,False
2024-01-22,2024,2.5168,2.4735,2.3452,2.4423,1.8185999999999956,-4.078199999999989,5.896799999999985,0.14039999999999964,2024-05-31,130,91,160,False
2024-01-23,2024,2.5439,2.5007,2.3538,2.4537999999999998,1.8143999999999867,-4.199999999999985,6.014399999999972,0.14319999999999933,2024-05-31,129,90,161,False
2024-01-24,2024,2.4852000000000003,2.4718999999999998,2.3272999999999997,2.4296,0.5586000000000224,-4.296600000000021,4.8552000000000435,0.11560000000000104,2024-05-31,128,89,162,False
2024-01-25,2024,2.4621,2.4599,2.3074,2.4131,0.09239999999998982,-4.439400000000005,4.531799999999995,0.10789999999999988,2024-05-31,127,88,163,False
2024-01-26,2024,2.4451,2.4627,2.3296,2.4272,-0.7391999999999932,-4.099199999999996,3.360000000000003,0.08000000000000007,2024-05-31,126,87,164,False
2024-01-29,2024,2.4565,2.4825999999999997,2.3423,2.4466,-1.0961999999999819,-4.380600000000012,3.28440000000003,0.07820000000000071,2024-05-31,123,86,165,False
2024-01-30,2024,2.437,2.4514,2.3181,2.4204,-0.604800000000008,-4.296600000000002,3.6917999999999944,0.08789999999999987,2024-05-31,122,85,166,False
2024-01-31,2024,2.4543,2.4708,2.319,2.4263999999999997,-0.6930000000000076,-4.510799999999988,3.8177999999999805,0.09089999999999954,2024-05-31,121,84,167,False
2024-02-01,2024,2.4569,2.4786,2.2950999999999997,2.4036,-0.9114000000000022,-4.557000000000011,3.645600000000009,0.08680000000000021,2024-05-31,120,83,168,False
2024-02-02,2024,2.5044999999999997,2.5284,2.35,2.4653,-1.0038000000000107,-4.842599999999998,3.8387999999999876,0.0913999999999997,2024-05-31,119,82,169,False
2024-02-05,2024,2.4949,2.5254,2.3594999999999997,2.4769,-1.2809999999999988,-4.9308000000000165,3.6498000000000177,0.08690000000000042,2024-05-31,116,81,170,False
2024-02-06,2024,2.4785,2.512,2.3337,2.4525,-1.4070000000000036,-4.98960000000001,3.5826000000000064,0.08530000000000015,2024-05-31,115,80,171,False
2024-02-07,2024,2.4627,2.4819,2.2655000000000003,2.3872,-0.8064000000000044,-5.111399999999987,4.304999999999983,0.10249999999999959,2024-05-31,114,79,172,False
2024-02-08,2024,2.4702,2.5012,2.2882,2.4104,-1.3019999999999872,-5.132400000000013,3.830400000000026,0.09120000000000061,2024-05-31,113,78,173,False
2024-02-09,2024,2.4849,2.5082,2.3066,2.4263999999999997,-0.9785999999999948,-5.031599999999987,4.052999999999992,0.09649999999999981,2024-05-31,112,77,174,False
2024-02-12,2024,2.5147,2.5239,2.3462,2.458,-0.38639999999999475,-4.695600000000005,4.30920000000001,0.10260000000000025,2024-05-31,109,76,175,False
2024-02-13,2024,2.526,2.5318,2.3507,2.4659999999999997,-0.24360000000001047,-4.842599999999998,4.598999999999988,0.10949999999999971,2024-05-31,108,75,176,False
2024-02-14,2024,2.5677999999999996,2.5745,2.3799,2.5034,-0.28140000000001564,-5.186999999999998,4.905599999999982,0.11679999999999957,2024-05-31,107,74,177,False
2024-02-15,2024,2.5403000000000002,2.5372,2.3287,2.4528,0.13020000000001364,-5.212199999999995,5.3424000000000085,0.1272000000000002,2024-05-31,106,73,178,False
2024-02-16,2024,2.568,2.5604,2.3391,2.4604,0.31920000000000215,-5.094599999999989,5.413799999999991,0.1288999999999998,2024-05-31,105,72,179,False
2024-02-20,2024,2.5496,2.535,2.3175,2.4359,0.6131999999999884,-4.972800000000012,5.586,0.133,2024-05-31,101,71,180,False
2024-02-21,2024,2.5812,2.5707,2.3579,2.4828,0.44099999999999806,-5.24580000000001,5.686800000000008,0.1354000000000002,2024-05-31,100,70,181,False
2024-02-22,2024,2.5591,2.5437,2.3346999999999998,2.4609,0.6468000000000034,-5.300400000000013,5.9472000000000165,0.1416000000000004,2024-05-31,99,69,182,False
2024-02-23,2024,2.5066,2.5244999999999997,2.2828,2.4223,-0.7517999999999825,-5.858999999999998,5.107200000000016,0.12160000000000037,2024-05-31,98,68,183,False
2024-02-26,2024,2.475,2.4873,2.2351,2.373,-0.5165999999999897,-5.791800000000006,5.275200000000016,0.12560000000000038,2024-05-31,95,67,184,False
2024-02-27,2024,2.4837000000000002,2.5122999999999998,2.2702,2.4200999999999997,-1.2011999999999796,-6.295799999999987,5.094600000000008,0.12130000000000019,2024-05-31,94,66,185,False
2024-02-28,2024,2.4621,2.4981999999999998,2.2218,2.3834999999999997,-1.5161999999999916,-6.791399999999989,5.275199999999997,0.12559999999999993,2024-05-31,93,65,186,False
2024-02-29,2024,2.4530000000000003,2.4823,2.1986000000000003,2.3582,-1.2305999999999857,-6.703199999999989,5.4726000000000035,0.13030000000000008,2024-05-31,92,64,187,False
2024-03-01,2024,2.4488,2.4622,2.1839,2.3432,-0.5628000000000126,-6.6906,6.127799999999987,0.1458999999999997,2024-05-31,91,63,188,False
2024-03-04,2024,2.4981999999999998,2.5095,2.2402,2.4015,-0.474600000000013,-6.774599999999991,6.299999999999978,0.14999999999999947,2024-05-31,88,62,189,False
2024-03-05,2024,2.5657,2.5671,2.2924,2.4615,-0.058799999999993524,-7.102199999999992,7.043399999999998,0.16769999999999996,2024-05-31,87,61,190,False
2024-03-06,2024,2.5288,2.5368,2.2774,2.4431,-0.3360000000000003,-6.959399999999989,6.623399999999989,0.15769999999999973,2024-05-31,86,60,191,False
2024-03-07,2024,2.4928,2.5149,2.271,2.4346,-0.9282000000000004,-6.871200000000008,5.943000000000008,0.14150000000000018,2024-05-31,85,59,192,False
2024-03-08,2024,2.4947999999999997,2.5251,2.2880000000000003,2.4482,-1.2726000000000184,-6.728399999999986,5.455799999999968,0.12989999999999924,2024-05-31,84,58,193,False
2024-03-11,2024,2.4914,2.5197,2.2576,2.4183000000000003,-1.1885999999999903,-6.749400000000012,5.560800000000022,0.13240000000000052,2024-05-31,81,57,194,False
2024-03-12,2024,2.5305,2.5349,2.2716,2.43,-0.1847999999999983,-6.652800000000013,6.468000000000015,0.15400000000000036,2024-05-31,80,56,195,False
2024-03-13,2024,2.5436,2.5469,2.2982,2.4545,-0.13859999999999406,-6.564599999999995,6.426000000000001,0.15300000000000002,2024-05-31,79,55,196,False
2024-03-14,2024,2.6256,2.633,2.3826,2.5444999999999998,-0.3108000000000031,-6.799799999999988,6.488999999999985,0.15449999999999964,2024-05-31,78,54,197,False
2024-03-15,2024,2.6247000000000003,2.6477,2.4067,2.5623,-0.9659999999999869,-6.535200000000008,5.569200000000021,0.1326000000000005,2024-05-31,77,53,198,False
2024-03-18,2024,2.6245,2.6437,2.4135,2.5738,-0.8064000000000044,-6.732599999999995,5.926199999999991,0.14109999999999978,2024-05-31,74,52,199,False
2024-03-19,2024,2.5875,2.6025,2.3766,2.542,-0.6300000000000052,-6.9468,6.316799999999994,0.15039999999999987,2024-05-31,73,51,200,False
2024-03-20,2024,2.5858999999999996,2.5924,2.3912,2.5506,-0.27300000000001656,-6.694800000000009,6.421799999999992,0.1528999999999998,2024-05-31,72,50,201,False
2024-03-21,2024,2.575,2.5864999999999996,2.3794,2.54,-0.4829999999999748,-6.745200000000003,6.262200000000028,0.14910000000000068,2024-05-31,71,49,202,False
2024-03-22,2024,2.6201999999999996,2.6233,2.423,2.5876,-0.13020000000001364,-6.913200000000003,6.78299999999999,0.16149999999999975,2024-05-31,70,48,203,False
2024-03-25,2024,2.6285000000000003,2.6384,2.4339,2.6017,-0.4157999999999822,-7.047600000000007,6.631800000000025,0.1579000000000006,2024-05-31,67,47,204,False
2024-03-26,2024,2.6115,2.6329000000000002,2.4225,2.6008,-0.8988000000000129,-7.488600000000005,6.589799999999992,0.15689999999999982,2024-05-31,66,46,205,False
2024-03-27,2024,2.6408,2.6675999999999997,2.444,2.6286,-1.125599999999988,-7.753200000000004,6.627600000000016,0.15780000000000038,2024-05-31,65,45,206,False
2024-03-28,2024,2.6715,2.6886,2.4692,2.6519999999999997,-0.7182000000000048,-7.677599999999994,6.959399999999989,0.16569999999999974,2024-05-31,64,44,207,False
2024-04-01,2024,2.6614999999999998,2.6674,2.4674,2.6517,-0.24780000000001934,-7.740599999999996,7.492799999999977,0.17839999999999945,2024-05-31,60,43,208,False
2024-04-02,2024,2.6335,2.6456,2.4537999999999998,2.6433999999999997,-0.5081999999999907,-7.9632,7.455000000000009,0.1775000000000002,2024-05-31,59,42,209,False
2024-04-03,2024,2.6334,2.617,2.4456,2.6268000000000002,0.6887999999999987,-7.610400000000001,8.299199999999999,0.19759999999999997,2024-05-31,58,41,210,False
2024-04-04,2024,2.6567000000000003,2.6488,2.4715000000000003,2.6527999999999996,0.3318000000000101,-7.614599999999973,7.946399999999983,0.1891999999999996,2024-05-31,57,40,211,False
2024-04-05,2024,2.6891000000000003,2.6782999999999997,2.4648,2.6531000000000002,0.45360000000002465,-7.908600000000015,8.36220000000004,0.19910000000000097,2024-05-31,56,39,212,False
2024-04-08,2024,2.6941,2.6949,2.4722999999999997,2.6608,-0.0335999999999963,-7.917000000000014,7.883400000000018,0.18770000000000042,2024-05-31,53,38,213,False
2024-04-09,2024,2.6885000000000003,2.6870999999999996,2.4527,2.6332999999999998,0.05880000000003083,-7.585199999999985,7.644000000000016,0.18200000000000038,2024-05-31,52,37,214,False
2024-04-10,2024,2.7146,2.7133999999999996,2.4744,2.6554,0.0504000000000131,-7.602000000000002,7.652400000000015,0.18220000000000036,2024-05-31,51,36,215,False
2024-04-11,2024,2.6982,2.6952999999999996,2.4824,2.6604,0.12180000000001456,-7.475999999999997,7.597800000000012,0.18090000000000028,2024-05-31,50,35,216,False
2024-04-12,2024,2.7144999999999997,2.7072000000000003,2.4914,2.6693000000000002,0.30659999999997556,-7.471800000000007,7.778399999999983,0.1851999999999996,2024-05-31,49,34,217,False
2024-04-15,2024,2.6775,2.6656,2.4392,2.613,0.49980000000001024,-7.299599999999998,7.799400000000008,0.1857000000000002,2024-05-31,46,33,218,False
2024-04-16,2024,2.6544,2.6451,2.4362,2.605,0.3906000000000036,-7.089600000000003,7.480200000000006,0.17810000000000015,2024-05-31,45,32,219,False
2024-04-17,2024,2.6516,2.6275999999999997,2.4267,2.5858999999999996,1.0080000000000195,-6.686399999999991,7.694400000000011,0.18320000000000025,2024-05-31,44,31,220,False
2024-04-18,2024,2.6385,2.6111,2.4192,2.5677,1.1508000000000038,-6.236999999999994,7.387799999999998,0.17589999999999995,2024-05-31,43,30,221,False
2024-04-19,2024,2.6513,2.6228,2.4351,2.5819,1.197000000000008,-6.165600000000011,7.362600000000019,0.17530000000000046,2024-05-31,42,29,222,False
2024-04-22,2024,2.6329000000000002,2.6112,2.4424,2.5887000000000002,0.9114000000000022,-6.144600000000004,7.056000000000006,0.16800000000000015,2024-05-31,39,28,223,False
2024-04-23,2024,2.6475999999999997,2.6165,2.4546,2.6075999999999997,1.306199999999996,-6.425999999999982,7.732199999999978,0.1840999999999995,2024-05-31,38,27,224,False
2024-04-24,2024,2.6708,2.6411000000000002,2.4584,2.6245,1.2473999999999839,-6.976199999999987,8.223599999999971,0.1957999999999993,2024-05-31,37,26,225,False
2024-04-25,2024,2.6164,2.6017,2.3864,2.5614999999999997,0.6173999999999973,-7.354199999999983,7.97159999999998,0.18979999999999952,2024-05-31,36,25,226,False
2024-04-26,2024,2.6271,2.6058999999999997,2.3884,2.5605,0.8904000000000138,-7.228200000000015,8.11860000000003,0.1933000000000007,2024-05-31,35,24,227,False
2024-04-29,2024,2.6911,2.6661,2.4505,2.6174,1.0499999999999963,-7.009800000000002,8.0598,0.1919,2024-05-31,32,23,228,False
2024-04-30,2024,2.655,2.6523000000000003,2.4573,2.6134,0.11339999999997818,-6.556199999999996,6.669599999999974,0.15879999999999939,2024-05-31,31,22,229,False
2024-05-01,2024,2.6700999999999997,2.6636,2.485,2.6439999999999997,0.27299999999997926,-6.677999999999992,6.950999999999971,0.16549999999999931,2024-05-31,30,21,230,False
2024-05-02,2024,2.6745,2.6708999999999996,2.4977,2.6574,0.15120000000002065,-6.707399999999998,6.858600000000019,0.16330000000000044,2024-05-31,29,20,231,False
2024-05-03,2024,2.6784,2.6675999999999997,2.4987,2.6547,0.453600000000006,-6.552000000000006,7.005600000000012,0.16680000000000028,2024-05-31,28,19,232,False
2024-05-06,2024,2.6682,2.6609,2.4806,2.64,0.30660000000001286,-6.694800000000009,7.001400000000022,0.16670000000000051,2024-05-31,25,18,233,False
2024-05-07,2024,2.7423,2.7226,2.5561000000000003,2.7194,0.8274000000000115,-6.858599999999981,7.685999999999993,0.18299999999999983,2024-05-31,24,17,234,False
2024-05-08,2024,2.7997,2.7601,2.5984,2.7584,1.6632000000000033,-6.720000000000006,8.38320000000001,0.19960000000000022,2024-05-31,23,16,235,False
2024-05-09,2024,2.8284,2.7614,2.6036,2.7539,2.8139999999999885,-6.312599999999986,9.126599999999975,0.2172999999999994,2024-05-31,22,15,236,False
2024-05-10,2024,2.8108,2.75,2.5951999999999997,2.7418,2.5535999999999985,-6.157200000000012,8.71080000000001,0.20740000000000022,2024-05-31,21,14,237,False
2024-05-13,2024,2.8168,2.7548000000000004,2.5934,2.7415,2.603999999999993,-6.220199999999996,8.824199999999989,0.21009999999999973,2024-05-31,18,13,238,False
2024-05-14,2024,2.8112,2.7634,2.5894999999999997,2.7493,2.0076000000000027,-6.711600000000007,8.71920000000001,0.20760000000000023,2024-05-31,17,12,239,False
2024-05-15,2024,2.8462,2.7845999999999997,2.6217,2.7802,2.5872000000000135,-6.656999999999985,9.2442,0.2201,2024-05-31,16,11,240,False
2024-05-16,2024,2.8524000000000003,2.7864999999999998,2.6304000000000003,2.7832999999999997,2.7678000000000216,-6.4217999999999735,9.189599999999995,0.21879999999999988,2024-05-31,15,10,241,False
2024-05-17,2024,2.8331,2.7588999999999997,2.5984,2.7453,3.116400000000011,-6.169800000000001,9.286200000000012,0.22110000000000027,2024-05-31,14,9,242,False
2024-05-20,2024,2.7954000000000003,2.7333999999999996,2.5595,2.7093000000000003,2.6040000000000303,-6.291600000000016,8.895600000000046,0.2118000000000011,2024-05-31,11,8,243,False
2024-05-21,2024,2.7416,2.7077999999999998,2.5246,2.6814999999999998,1.4196000000000115,-6.589799999999992,8.009400000000003,0.19070000000000006,2024-05-31,10,7,244,False
2024-05-22,2024,2.7289999999999996,2.7044,2.5191999999999997,2.6820999999999997,1.0331999999999795,-6.841800000000002,7.874999999999981,0.18749999999999956,2024-05-31,9,6,245,False
2024-05-23,2024,2.7485000000000004,2.7119,2.5244,2.6938,1.5372000000000172,-7.1148,8.652000000000017,0.2060000000000004,2024-05-31,8,5,246,False
2024-05-24,2024,2.7983999999999996,2.7522,2.5652999999999997,2.733,1.9403999999999728,-7.043400000000017,8.98379999999999,0.21389999999999976,2024-05-31,7,4,247,False
2024-05-28,2024,2.7772,2.7214,2.526,2.6944,2.343600000000003,-7.072800000000004,9.416400000000007,0.22420000000000015,2024-05-31,3,3,248,False
2024-05-29,2024,2.702,2.6239999999999997,2.439,2.6045,3.2760000000000122,-6.95099999999999,10.227000000000002,0.24350000000000005,2024-05-31,2,2,249,False
2024-05-30,2024,2.7213,2.6464999999999996,2.457,2.6210000000000004,3.1416000000000084,-6.888000000000025,10.029600000000034,0.23880000000000082,2024-05-31,1,1,250,False
2024-05-31,2024,2.7547,2.6842,2.5029,2.661,2.9610000000000003,-6.640200000000005,9.601200000000006,0.22860000000000014,2024-05-31,0,0,251,False
2024-06-03,2025,2.6357999999999997,2.6194,2.4442,2.6494,0.6887999999999801,-8.618400000000001,9.30719999999998,0.22159999999999952,2025-05-30,361,249,0,False
2024-06-04,2025,2.6170999999999998,2.6088,2.4302,2.6363,0.3485999999999896,-8.656199999999988,9.004799999999978,0.21439999999999948,2025-05-30,360,248,1,False
2024-06-05,2025,2.5995999999999997,2.6073000000000004,2.4241,2.6263,-0.32340000000002966,-8.492399999999996,8.168999999999967,0.1944999999999992,2025-05-30,359,247,2,False
2024-06-06,2025,2.6038,2.6033999999999997,2.4187,2.6074,0.0168000000000168,-7.925400000000013,7.94220000000003,0.1891000000000007,2025-05-30,358,246,3,False
2024-06-07,2025,2.6143,2.6168,2.4427000000000003,2.6313999999999997,-0.10499999999999776,-7.925399999999976,7.820399999999978,0.18619999999999948,2025-05-30,357,245,4,False
2024-06-10,2025,2.6096,2.6218,2.4483,2.6414,-0.5123999999999995,-8.110199999999992,7.597799999999992,0.1808999999999998,2025-05-30,354,244,5,False
2024-06-11,2025,2.5906000000000002,2.5845,2.3971,2.5963,0.2562000000000184,-8.366399999999992,8.62260000000001,0.2053000000000002,2025-05-30,353,243,6,False
2024-06-12,2025,2.6334,2.5999,2.4238999999999997,2.6092,1.4070000000000036,-7.78260000000001,9.189600000000013,0.2188000000000003,2025-05-30,352,242,7,False
2024-06-13,2025,2.6869,2.6401999999999997,2.4972,2.6761,1.9614000000000171,-7.5138000000000025,9.475200000000019,0.22560000000000044,2025-05-30,351,241,8,False
2024-06-14,2025,2.7473,2.6987,2.5787,2.7572,2.041199999999999,-7.497000000000004,9.538200000000003,0.22710000000000008,2025-05-30,350,240,9,False
2024-06-17,2025,2.7088,2.6532999999999998,2.5241,2.7049000000000003,2.3310000000000137,-7.593600000000022,9.924600000000035,0.23630000000000084,2025-05-30,347,239,10,False
2024-06-18,2025,2.7045999999999997,2.6438,2.5214,2.7118,2.55359999999998,-7.996800000000015,10.550399999999994,0.25119999999999987,2025-05-30,346,238,11,False
2024-06-20,2025,2.6938,2.6277,2.5059,2.6956,2.776200000000002,-7.9674000000000085,10.743600000000011,0.25580000000000025,2025-05-30,344,237,12,False
2024-06-21,2025,2.6449000000000003,2.5911,2.4552,2.6477999999999997,2.2596000000000123,-8.089199999999986,10.348799999999997,0.24639999999999992,2025-05-30,343,236,13,False
2024-06-24,2025,2.6362,2.5852999999999997,2.4446,2.6414999999999997,2.1378000000000164,-8.269799999999993,10.40760000000001,0.24780000000000021,2025-05-30,340,235,14,False
2024-06-25,2025,2.6733999999999996,2.6436,2.5122,2.7114,1.251599999999974,-8.366399999999992,9.617999999999967,0.2289999999999992,2025-05-30,339,234,15,False
2024-06-26,2025,2.654,2.6105,2.4966999999999997,2.6845999999999997,1.8269999999999946,-7.891799999999998,9.718799999999993,0.23139999999999983,2025-05-30,338,233,16,False
2024-06-27,2025,2.6506,2.6039,2.4865,2.6767000000000003,1.9613999999999985,-7.9884000000000155,9.949800000000014,0.23690000000000033,2025-05-30,337,232,17,False
2024-06-28,2025,2.6624,2.6256,2.5118,2.6994,1.5455999999999976,-7.87919999999999,9.424799999999987,0.22439999999999968,2025-05-30,336,231,18,False
2024-07-01,2025,2.6667,2.6471,2.5137,2.7147,0.8232000000000026,-8.442000000000004,9.265200000000007,0.22060000000000018,2025-05-30,333,230,19,False
2024-07-02,2025,2.6401999999999997,2.6373,2.5128,2.7151,0.12179999999997726,-8.496600000000006,8.618399999999983,0.2051999999999996,2025-05-30,332,229,20,False
2024-07-03,2025,2.5892,2.5822000000000003,2.4516,2.6403,0.2939999999999863,-7.9253999999999944,8.21939999999998,0.19569999999999954,2025-05-30,331,228,21,False
2024-07-05,2025,2.5707,2.5668,2.4165,2.6112,0.16379999999999129,-8.177400000000004,8.341199999999995,0.1985999999999999,2025-05-30,329,227,22,False
2024-07-08,2025,2.5691,2.5614,2.4324,2.6201999999999996,0.323400000000011,-7.887599999999989,8.211,0.1955,2025-05-30,326,226,23,False
2024-07-09,2025,2.4994,2.5234,2.3811,2.5811,-1.008000000000001,-8.400000000000007,7.392000000000007,0.17600000000000016,2025-05-30,325,225,24,False
2024-07-10,2025,2.4838999999999998,2.5177,2.3667,2.5671,-1.4196000000000115,-8.416800000000006,6.997199999999994,0.16659999999999986,2025-05-30,324,224,25,False
2024-07-11,2025,2.4861,2.5173,2.3661000000000003,2.5692000000000004,-1.310400000000005,-8.530200000000002,7.2197999999999976,0.17189999999999994,2025-05-30,323,223,26,False
2024-07-12,2025,2.4697,2.5111000000000003,2.3348,2.54,-1.7388000000000137,-8.618400000000001,6.8795999999999875,0.1637999999999997,2025-05-30,322,222,27,False
2024-07-15,2025,2.4529,2.4675,2.2918000000000003,2.4949,-0.6131999999999884,-8.530199999999983,7.9169999999999945,0.18849999999999986,2025-05-30,319,221,28,False
2024-07-16,2025,2.5063,2.5135,2.3529,2.553,-0.302400000000004,-8.404199999999998,8.101799999999994,0.19289999999999985,2025-05-30,318,220,29,False
2024-07-17,2025,2.454,2.4697,2.2902,2.4993,-0.6593999999999927,-8.782199999999992,8.1228,0.1934,2025-05-30,317,219,30,False
2024-07-18,2025,2.4221,2.4545,2.2573,2.4695,-1.3607999999999993,-8.912400000000007,7.551600000000008,0.17980000000000018,2025-05-30,316,218,31,False
2024-07-19,2025,2.4168000000000003,2.4612,2.2758000000000003,2.4891,-1.8647999999999811,-8.958599999999993,7.093800000000012,0.1689000000000003,2025-05-30,315,217,32,False
2024-07-22,2025,2.4093999999999998,2.4537,2.2833,2.5011,-1.8606000000000096,-9.1476,7.286999999999991,0.1734999999999998,2025-05-30,312,216,33,False
2024-07-23,2025,2.4242,2.4659,2.295,2.5145,-1.751400000000003,-9.219000000000001,7.467599999999998,0.17779999999999996,2025-05-30,311,215,34,False
2024-07-24,2025,2.3714,2.4385,2.2680000000000002,2.4885,-2.8181999999999974,-9.260999999999996,6.442799999999998,0.15339999999999995,2025-05-30,310,214,35,False
2024-07-25,2025,2.3822,2.4558,2.2793,2.4998,-3.0911999999999953,-9.260999999999996,6.1698,0.1469,2025-05-30,309,213,36,False
2024-07-26,2025,2.3963,2.4721,2.3047999999999997,2.5265,-3.1836000000000038,-9.31140000000001,6.127800000000006,0.14590000000000014,2025-05-30,308,212,37,False
2024-07-29,2025,2.4678999999999998,2.5334,2.3633,2.5826,-2.7510000000000048,-9.210599999999983,6.459599999999979,0.1537999999999995,2025-05-30,305,211,38,False
2024-07-30,2025,2.4789,2.5218000000000003,2.3468999999999998,2.5688999999999997,-1.801800000000016,-9.323999999999998,7.522199999999982,0.17909999999999957,2025-05-30,304,210,39,False
2024-07-31,2025,2.4815,2.5084999999999997,2.3284000000000002,2.5413,-1.133999999999987,-8.941799999999994,7.8078000000000065,0.18590000000000015,2025-05-30,303,209,40,False
2024-08-01,2025,2.4508,2.4711000000000003,2.2902,2.4959000000000002,-0.8526000000000087,-8.639400000000009,7.7868,0.1854,2025-05-30,302,208,41,False
2024-08-02,2025,2.4565,2.4583,2.2646,2.4712,-0.07559999999999167,-8.677199999999996,8.601600000000005,0.20480000000000012,2025-05-30,301,207,42,False
2024-08-05,2025,2.4162,2.4223,2.2431,2.4495,-0.25619999999999976,-8.668799999999997,8.412599999999998,0.20029999999999995,2025-05-30,298,206,43,False
2024-08-06,2025,2.4122,2.4132,2.2399,2.4414,-0.041999999999995374,-8.46299999999999,8.420999999999996,0.2004999999999999,2025-05-30,297,205,44,False
2024-08-07,2025,2.426,2.4252000000000002,2.2712,2.4661,0.0335999999999963,-8.185800000000004,8.2194,0.1957,2025-05-30,296,204,45,False
2024-08-08,2025,2.4605,2.4539,2.3084000000000002,2.5000999999999998,0.2772000000000068,-8.05139999999998,8.328599999999987,0.1982999999999997,2025-05-30,295,203,46,False
2024-08-09,2025,2.4556,2.4503,2.2894,2.4806,0.22260000000000346,-8.030399999999993,8.252999999999997,0.19649999999999992,2025-05-30,294,202,47,False
2024-08-12,2025,2.4059,2.408,2.2332,2.4205,-0.08819999999999961,-7.866600000000001,7.778400000000001,0.18520000000000003,2025-05-30,291,201,48,False
2024-08-13,2025,2.43,2.4294,2.2540999999999998,2.4454,0.025200000000015876,-8.034600000000001,8.059800000000017,0.1919000000000004,2025-05-30,290,200,49,False
2024-08-14,2025,2.4373,2.4452000000000003,2.2822,2.4711000000000003,-0.3318000000000101,-7.933800000000012,7.602000000000002,0.18100000000000005,2025-05-30,289,199,50,False
2024-08-15,2025,2.4228,2.4192,2.2659000000000002,2.4432,0.151200000000002,-7.446599999999991,7.597799999999993,0.18089999999999984,2025-05-30,288,198,51,False
2024-08-16,2025,2.3896,2.3964,2.2487,2.43,-0.2855999999999872,-7.61460000000001,7.329000000000023,0.17450000000000054,2025-05-30,287,197,52,False
2024-08-19,2025,2.3597,2.3554,2.2013,2.3853999999999997,0.1806000000000081,-7.732199999999997,7.912800000000005,0.18840000000000012,2025-05-30,284,196,53,False
2024-08-20,2025,2.403,2.3922,2.2377000000000002,2.4197,0.453600000000006,-7.6439999999999975,8.097600000000003,0.19280000000000008,2025-05-30,283,195,54,False
2024-08-21,2025,2.3931999999999998,2.3858,2.2321,2.4122,0.3107999999999844,-7.564199999999997,7.874999999999981,0.18749999999999956,2025-05-30,282,194,55,False
2024-08-22,2025,2.3716999999999997,2.3682,2.2124,2.3931,0.14699999999999314,-7.589399999999994,7.736399999999987,0.1841999999999997,2025-05-30,281,193,56,False
2024-08-23,2025,2.3741,2.3558000000000003,2.1841999999999997,2.3675,0.7685999999999806,-7.698600000000019,8.4672,0.2016,2025-05-30,280,192,57,False
2024-08-26,2025,2.3588999999999998,2.3339,2.173,2.3584,1.0499999999999963,-7.7868,8.836799999999997,0.21039999999999992,2025-05-30,277,191,58,False
2024-08-27,2025,2.3376,2.322,2.1796,2.3569999999999998,0.6552000000000024,-7.450799999999981,8.105999999999984,0.19299999999999962,2025-05-30,276,190,59,False
2024-08-28,2025,2.3637,2.3464,2.1828,2.3681,0.7266000000000039,-7.78260000000001,8.509200000000014,0.20260000000000034,2025-05-30,275,189,60,False
2024-08-29,2025,2.4419,2.3945,2.2284,2.4037,1.9908000000000046,-7.3626000000000005,9.353400000000004,0.2227000000000001,2025-05-30,274,188,61,False
2024-08-30,2025,2.4199,2.3744,2.2314,2.4013999999999998,1.911000000000004,-7.139999999999997,9.051000000000002,0.21550000000000005,2025-05-30,273,187,62,False
2024-09-03,2025,2.3798,2.3438999999999997,2.1811000000000003,2.3569999999999998,1.5078000000000111,-7.387799999999979,8.895599999999991,0.2117999999999998,2025-05-30,269,186,63,False
2024-09-04,2025,2.3908,2.3550999999999997,2.2030000000000003,2.3783000000000003,1.499400000000012,-7.3626000000000005,8.862000000000013,0.2110000000000003,2025-05-30,268,185,64,False
2024-09-05,2025,2.4247,2.3644,2.1989,2.3648,2.53260000000001,-6.967799999999988,9.500399999999999,0.22619999999999998,2025-05-30,267,184,65,False
2024-09-06,2025,2.4184,2.3594999999999997,2.2049000000000003,2.3741,2.4738000000000167,-7.106399999999982,9.580199999999998,0.22809999999999994,2025-05-30,266,183,66,False
2024-09-09,2025,2.4406,2.3636,2.2224,2.3848,3.233999999999998,-6.820799999999995,10.054799999999993,0.23939999999999984,2025-05-30,263,182,67,False
2024-09-10,2025,2.4644,2.3907,2.2668,2.4255,3.095400000000004,-6.665400000000003,9.760800000000007,0.23240000000000016,2025-05-30,262,181,68,False
2024-09-11,2025,2.4036,2.3316,2.2281999999999997,2.3761,3.0240000000000027,-6.211800000000015,9.235800000000019,0.21990000000000046,2025-05-30,261,180,69,False
2024-09-12,2025,2.4202,2.3209999999999997,2.2386,2.386,4.166400000000007,-6.190800000000008,10.357200000000017,0.2466000000000004,2025-05-30,260,179,70,False
2024-09-13,2025,2.3999,2.3211,2.201,2.3592,3.3096000000000085,-6.644399999999996,9.954000000000004,0.2370000000000001,2025-05-30,259,178,71,False
2024-09-16,2025,2.3775,2.2938,2.1963,2.3409,3.515399999999995,-6.073200000000003,9.588599999999998,0.22829999999999995,2025-05-30,256,177,72,False
2024-09-17,2025,2.3826,2.2836000000000003,2.1830000000000003,2.3232,4.15799999999999,-5.888399999999986,10.046399999999975,0.2391999999999994,2025-05-30,255,176,73,False
2024-09-18,2025,2.3849,2.2988,2.1751,2.3181,3.6162000000000027,-6.005999999999991,9.622199999999994,0.22909999999999986,2025-05-30,254,175,74,False
2024-09-19,2025,2.3722,2.3001,2.1721,2.3181,3.028199999999993,-6.131999999999996,9.160199999999989,0.21809999999999974,2025-05-30,253,174,75,False
2024-09-20,2025,2.4130000000000003,2.3328,2.2111,2.3472,3.368400000000002,-5.716199999999995,9.084599999999998,0.21629999999999996,2025-05-30,252,173,76,False
2024-09-23,2025,2.3941,2.3331999999999997,2.2168,2.3594,2.5578000000000074,-5.989199999999993,8.547,0.20350000000000001,2025-05-30,249,172,77,False
2024-09-24,2025,2.3156,2.266,2.1427,2.2876,2.0831999999999944,-6.085799999999992,8.168999999999986,0.19449999999999967,2025-05-30,248,171,78,False
2024-09-25,2025,2.3007,2.2563999999999997,2.1537,2.2979,1.8606000000000096,-6.056399999999986,7.916999999999995,0.1884999999999999,2025-05-30,247,170,79,False
2024-09-26,2025,2.2717,2.2153,2.1054,2.2468,2.3688000000000002,-5.938799999999999,8.307599999999999,0.19779999999999998,2025-05-30,246,169,80,False
2024-09-27,2025,2.2716,2.1935,2.0718,2.2119,3.2802000000000024,-5.884199999999995,9.164399999999997,0.21819999999999992,2025-05-30,245,168,81,False
2024-09-30,2025,2.2333000000000003,2.1725,2.0468,2.1893000000000002,2.553600000000017,-5.985000000000003,8.53860000000002,0.20330000000000048,2025-05-30,242,167,82,False
2024-10-01,2025,2.2132,2.1665,2.046,2.1933000000000002,1.9613999999999985,-6.186600000000018,8.148000000000017,0.19400000000000042,2025-05-30,241,166,83,False
2024-10-02,2025,2.2333000000000003,2.1763999999999997,2.0654,2.2073,2.389800000000026,-5.959800000000006,8.34960000000003,0.19880000000000073,2025-05-30,240,165,84,False
2024-10-03,2025,2.2263,2.1854,2.0436,2.2,1.7178000000000067,-6.568800000000004,8.28660000000001,0.19730000000000025,2025-05-30,239,164,85,False
2024-10-04,2025,2.2056,2.1707,2.0243,2.1847,1.465799999999997,-6.7367999999999855,8.202599999999983,0.19529999999999959,2025-05-30,238,163,86,False
2024-10-07,2025,2.2237,2.2008,2.0262000000000002,2.1905,0.9617999999999967,-6.900599999999995,7.862399999999992,0.1871999999999998,2025-05-30,235,162,87,False
2024-10-08,2025,2.261,2.2429,2.066,2.2296,0.7602000000000002,-6.871200000000008,7.631400000000008,0.1817000000000002,2025-05-30,234,161,88,False
2024-10-09,2025,2.2932,2.2695,2.0780000000000003,2.2455000000000003,0.9954000000000116,-7.034999999999999,8.03040000000001,0.19120000000000026,2025-05-30,233,160,89,False
2024-10-10,2025,2.2396000000000003,2.2079,2.0165,2.1797999999999997,1.331400000000012,-6.858599999999981,8.189999999999994,0.19499999999999987,2025-05-30,232,159,90,False
2024-10-11,2025,2.1942,2.1588,1.9597,2.1361000000000003,1.4868000000000041,-7.408800000000014,8.895600000000018,0.21180000000000043,2025-05-30,231,158,91,False
2024-10-14,2025,2.2230000000000003,2.1924,1.9953,2.1762,1.2852000000000077,-7.597800000000003,8.88300000000001,0.21150000000000024,2025-05-30,228,157,92,False
2024-10-15,2025,2.2422,2.1885,1.9806,2.1611000000000002,2.2554000000000034,-7.581000000000014,9.836400000000017,0.2342000000000004,2025-05-30,227,156,93,False
2024-10-16,2025,2.2603999999999997,2.2086,2.0017,2.1761,2.175599999999984,-7.324799999999995,9.50039999999998,0.2261999999999995,2025-05-30,226,155,94,False
2024-10-17,2025,2.2403,2.2138999999999998,2.0036,2.1815,1.1088000000000084,-7.471800000000007,8.580600000000015,0.20430000000000034,2025-05-30,225,154,95,False
2024-10-18,2025,2.2285,2.1897,1.9561000000000002,2.1406,1.6295999999999884,-7.748999999999995,9.378599999999985,0.22329999999999964,2025-05-30,224,153,96,False
2024-10-21,2025,2.2158,2.1758,1.9457,2.1256,1.6800000000000015,-7.555799999999998,9.2358,0.21989999999999998,2025-05-30,221,152,97,False
2024-10-22,2025,2.218,2.1935,1.9585,2.1464,1.029000000000008,-7.891799999999998,8.920800000000007,0.21240000000000017,2025-05-30,220,151,98,False
2024-10-23,2025,2.2417,2.2163,1.9731999999999998,2.1715,1.0667999999999944,-8.328600000000005,9.395399999999999,0.22369999999999995,2025-05-30,219,150,99,False
2024-10-24,2025,2.2416,2.2127,1.9524000000000001,2.1521,1.2138000000000062,-8.38739999999999,9.601199999999997,0.22859999999999991,2025-05-30,218,149,100,False
2024-10-25,2025,2.2344,2.2074000000000003,1.9627000000000001,2.1592,1.133999999999987,-8.252999999999986,9.386999999999972,0.22349999999999934,2025-05-30,217,148,101,False
2024-10-28,2025,2.1731,2.155,1.9111000000000002,2.1128,0.7602000000000002,-8.47139999999999,9.23159999999999,0.21979999999999975,2025-05-30,214,147,102,False
2024-10-29,2025,2.1498,2.1427,1.903,2.1106,0.29819999999999514,-8.71919999999999,9.017399999999984,0.2146999999999996,2025-05-30,213,146,103,False
2024-10-30,2025,2.1236,2.1318,1.8881000000000001,2.1007,-0.3443999999999994,-8.929199999999987,8.584799999999987,0.2043999999999997,2025-05-30,212,145,104,False
2024-10-31,2025,2.1019,2.1082,1.8621,2.0711,-0.26459999999999884,-8.777999999999993,8.513399999999994,0.20269999999999985,2025-05-30,211,144,105,False
2024-11-01,2025,2.0781,2.0901,1.8488,2.0587,-0.5040000000000004,-8.8158,8.311799999999998,0.19789999999999996,2025-05-30,210,143,106,False
2024-11-04,2025,2.0628,2.069,1.8532,2.0518,-0.26039999999999,-8.341200000000004,8.080800000000014,0.19240000000000035,2025-05-30,207,142,107,False
2024-11-05,2025,2.1065,2.0968999999999998,1.8853,2.0834,0.40320000000001155,-8.320200000000007,8.72340000000002,0.20770000000000047,2025-05-30,206,141,108,False
2024-11-06,2025,2.1293,2.1002,1.9080000000000001,2.0977,1.2222000000000053,-7.9674,9.189600000000006,0.21880000000000013,2025-05-30,205,140,109,False
2024-11-07,2025,2.1517,2.1126,1.8984999999999999,2.0959,1.6421999999999963,-8.2908,9.932999999999996,0.2364999999999999,2025-05-30,204,139,110,False
2024-11-08,2025,2.1547,2.123,1.9128,2.1172999999999997,1.3313999999999933,-8.588999999999986,9.92039999999998,0.23619999999999952,2025-05-30,203,138,111,False
2024-11-11,2025,2.1896,2.1062,1.8973,2.094,3.502800000000006,-8.261399999999995,11.7642,0.2801,2025-05-30,200,137,112,False
2024-11-12,2025,2.2405,2.1473,1.9412,2.1377,3.914399999999998,-8.253000000000005,12.167400000000004,0.2897000000000001,2025-05-30,199,136,113,False
2024-11-13,2025,2.2505,2.1822,1.9603,2.1634,2.8686000000000105,-8.530200000000011,11.398800000000023,0.27140000000000053,2025-05-30,198,135,114,False
2024-11-14,2025,2.2721999999999998,2.2043,1.999,2.184,2.8517999999999937,-7.770000000000002,10.621799999999997,0.2528999999999999,2025-05-30,197,134,115,False
2024-11-15,2025,2.2418,2.1825,1.9704,2.164,2.490599999999996,-8.131200000000009,10.621800000000004,0.25290000000000007,2025-05-30,196,133,116,False
2024-11-18,2025,2.2411000000000003,2.1790000000000003,1.9772,2.1686,2.608200000000002,-8.0388,10.647000000000002,0.25350000000000006,2025-05-30,193,132,117,False
2024-11-19,2025,2.2013,2.1397999999999997,1.9206,2.1153,2.5830000000000046,-8.177399999999995,10.7604,0.25620000000000004,2025-05-30,192,131,118,False
2024-11-20,2025,2.2181,2.1616999999999997,1.9408,2.1384,2.368800000000019,-8.29919999999999,10.66800000000001,0.2540000000000002,2025-05-30,191,130,119,False
2024-11-21,2025,2.2083,2.145,1.9106,2.1165000000000003,2.6585999999999963,-8.647800000000007,11.306400000000004,0.2692000000000001,2025-05-30,190,129,120,False
2024-11-22,2025,2.2916,2.2201,1.9849,2.1892,3.0029999999999957,-8.580599999999997,11.583599999999993,0.2757999999999998,2025-05-30,189,128,121,False
2024-11-25,2025,2.2766,2.198,1.9753999999999998,2.1841,3.3012000000000095,-8.765400000000005,12.066600000000015,0.2873000000000004,2025-05-30,186,127,122,False
2024-11-26,2025,2.2866999999999997,2.2071,1.9813,2.1889,3.343199999999986,-8.71919999999999,12.062399999999975,0.2871999999999994,2025-05-30,185,126,123,False
2024-11-27,2025,2.2697,2.1932,1.9718,2.1734,3.212999999999991,-8.4672,11.680199999999992,0.2780999999999998,2025-05-30,184,125,124,False
2024-11-29,2025,2.2687,2.1966,1.9794,2.1797,3.028199999999993,-8.412599999999998,11.44079999999999,0.27239999999999975,2025-05-30,182,124,125,False
2024-12-02,2025,2.3122,2.2297,2.0147999999999997,2.2156000000000002,3.4650000000000007,-8.433600000000023,11.898600000000023,0.28330000000000055,2025-05-30,179,123,126,False
2024-12-03,2025,2.335,2.2573,2.0551,2.2612,3.2634000000000043,-8.656200000000007,11.919600000000012,0.2838000000000003,2025-05-30,178,122,127,False
2024-12-04,2025,2.3489,2.2619,2.0656,2.2593,3.654000000000008,-8.135400000000008,11.789400000000015,0.28070000000000034,2025-05-30,177,121,128,False
2024-12-05,2025,2.3613999999999997,2.2786,2.0937,2.2787,3.47759999999999,-7.770000000000002,11.247599999999991,0.2677999999999998,2025-05-30,176,120,129,False
2024-12-06,2025,2.3281,2.2398,2.0351,2.2154,3.708600000000011,-7.572599999999996,11.281200000000007,0.26860000000000017,2025-05-30,175,119,130,False
2024-12-09,2025,2.3078,2.2187,2.001,2.1825,3.742199999999989,-7.623000000000009,11.365199999999998,0.27059999999999995,2025-05-30,172,118,131,False
2024-12-10,2025,2.2963999999999998,2.2148,2.001,2.1898,3.4271999999999956,-7.929600000000003,11.3568,0.2704,2025-05-30,171,117,132,False
2024-12-11,2025,2.2832,2.2268,2.0084999999999997,2.2053,2.3688000000000002,-8.265600000000003,10.634400000000003,0.2532000000000001,2025-05-30,170,116,133,False
2024-12-12,2025,2.2893,2.2241,2.015,2.2036000000000002,2.738399999999997,-7.921200000000004,10.659600000000001,0.2538,2025-05-30,169,115,134,False
2024-12-13,2025,2.2921,2.2336,2.0093,2.1968,2.457,-7.875,10.332,0.24600000000000002,2025-05-30,168,114,135,False
2024-12-16,2025,2.3134,2.2385,2.0125,2.2005,3.1457999999999986,-7.895999999999988,11.041799999999988,0.2628999999999997,2025-05-30,165,113,136,False
2024-12-17,2025,2.3428,2.2723,2.0562,2.25,2.9610000000000003,-8.139599999999998,11.100599999999998,0.2643,2025-05-30,164,112,137,False
2024-12-18,2025,2.358,2.2640000000000002,2.0235,2.2229,3.947999999999994,-8.374800000000011,12.322800000000004,0.2934000000000001,2025-05-30,163,111,138,False
2024-12-19,2025,2.3265000000000002,2.227,1.9855,2.1861,4.179000000000015,-8.425200000000004,12.60420000000002,0.3001000000000005,2025-05-30,162,110,139,False
2024-12-20,2025,2.34,2.2232,1.9931,2.1917,4.905600000000001,-8.341199999999995,13.246799999999997,0.3153999999999999,2025-05-30,161,109,140,False
2024-12-23,2025,2.349,2.2148,2.0055,2.1922,5.636400000000013,-7.841400000000004,13.477800000000016,0.3209000000000004,2025-05-30,158,108,141,False
2024-12-24,2025,2.3442,2.2146,2.0126,2.1894,5.443199999999997,-7.425600000000003,12.8688,0.3064,2025-05-30,157,107,142,False
2024-12-26,2025,2.3796,2.2393,2.0305,2.2065,5.8925999999999945,-7.392000000000007,13.284600000000001,0.3163,2025-05-30,155,106,143,False
2024-12-27,2025,2.3357,2.2018,1.979,2.1607,5.6238000000000055,-7.6313999999999895,13.255199999999995,0.3155999999999999,2025-05-30,154,105,144,False
2024-12-30,2025,2.3813,2.2322,2.0209,2.1993,6.262199999999991,-7.4927999999999955,13.754999999999987,0.3274999999999997,2025-05-30,151,104,145,False
2024-12-31,2025,2.4278999999999997,2.2838,2.0806,2.2607,6.052199999999996,-7.564199999999997,13.616399999999992,0.3241999999999998,2025-05-30,150,103,146,False
2025-01-02,2025,2.4461,2.2934,2.0984,2.2743,6.413399999999993,-7.387800000000016,13.801200000000009,0.3286000000000002,2025-05-30,148,102,147,False
2025-01-03,2025,2.3978,2.2569999999999997,2.0608,2.2376,5.91360000000002,-7.425600000000003,13.339200000000023,0.31760000000000055,2025-05-30,147,101,148,False
2025-01-06,2025,2.4009,2.2705,2.061,2.2340999999999998,5.476799999999994,-7.270199999999992,12.746999999999986,0.30349999999999966,2025-05-30,144,100,149,False
2025-01-07,2025,2.4337999999999997,2.3007,2.0991,2.2647,5.5901999999999905,-6.955199999999999,12.54539999999999,0.29869999999999974,2025-05-30,143,99,150,False
2025-01-08,2025,2.4543,2.3008,2.1153,2.269,6.446999999999989,-6.455400000000007,12.902399999999997,0.3071999999999999,2025-05-30,142,98,151,False
2025-01-09,2025,2.4851,2.3287,2.1325,2.2835,6.568800000000004,-6.34200000000001,12.910800000000014,0.30740000000000034,2025-05-30,141,97,152,False
2025-01-10,2025,2.4619,2.3044,2.11,2.2666999999999997,6.615000000000008,-6.581399999999993,13.1964,0.31420000000000003,2025-05-30,140,96,153,False
2025-01-13,2025,2.4665,2.2847,2.0853,2.2436000000000003,7.635599999999998,-6.6486000000000045,14.284200000000002,0.34010000000000007,2025-05-30,137,95,154,False
2025-01-14,2025,2.4678,2.2847999999999997,2.0785,2.2424,7.6860000000000115,-6.883799999999997,14.569800000000008,0.3469000000000002,2025-05-30,136,94,155,False
2025-01-15,2025,2.4130000000000003,2.2305,2.0372,2.1959,7.6650000000000045,-6.665400000000003,14.330400000000008,0.34120000000000017,2025-05-30,135,93,156,False
2025-01-16,2025,2.4359,2.241,2.0484,2.2013,8.185800000000004,-6.421799999999992,14.607599999999996,0.3477999999999999,2025-05-30,134,92,157,False
2025-01-17,2025,2.4052000000000002,2.2343,2.0276,2.186,7.177800000000002,-6.652799999999995,13.830599999999997,0.3292999999999999,2025-05-30,133,91,158,False
2025-01-21,2025,2.3572,2.1872,1.9983000000000002,2.155,7.140000000000016,-6.581399999999984,13.7214,0.3267,2025-05-30,129,90,159,False
2025-01-22,2025,2.3691999999999998,2.1907,2.0155000000000003,2.1601,7.496999999999986,-6.073199999999984,13.57019999999997,0.3230999999999993,2025-05-30,128,89,160,False
2025-01-23,2025,2.3615,2.1784,2.0118,2.1451,7.690200000000002,-5.59859999999999,13.288799999999991,0.3163999999999998,2025-05-30,127,88,161,False
2025-01-24,2025,2.3515,2.1864,2.0305,2.1572,6.93420000000001,-5.3214000000000015,12.255600000000012,0.2918000000000003,2025-05-30,126,87,162,False
2025-01-27,2025,2.3676,2.2033,2.0597,2.1814,6.900599999999995,-5.111400000000006,12.012,0.28600000000000003,2025-05-30,123,86,163,False
2025-01-28,2025,2.3506,2.1634,2.0379,2.1526,7.862399999999992,-4.817400000000001,12.679799999999993,0.30189999999999984,2025-05-30,122,85,164,False
2025-01-29,2025,2.3201,2.1221,2.0095,2.1250999999999998,8.315999999999999,-4.8551999999999875,13.171199999999986,0.31359999999999966,2025-05-30,121,84,165,False
2025-01-30,2025,2.3596,2.1717,2.0766999999999998,2.1904,7.891799999999998,-4.775400000000006,12.667200000000005,0.3016000000000001,2025-05-30,120,83,166,False
2025-01-31,2025,2.4128,2.2254,2.127,2.2415000000000003,7.870799999999991,-4.809000000000021,12.67980000000001,0.3019000000000003,2025-05-30,119,82,167,False
2025-02-03,2025,2.4168000000000003,2.2384,2.1299,2.2535,7.492800000000014,-5.191199999999988,12.684000000000001,0.30200000000000005,2025-05-30,116,81,168,False
2025-02-04,2025,2.4788,2.2931,2.1867,2.3112,7.799400000000008,-5.228999999999993,13.028400000000001,0.31020000000000003,2025-05-30,115,80,169,False
2025-02-05,2025,2.4712,2.2954,2.1915999999999998,2.3218,7.3836000000000075,-5.468400000000013,12.852000000000022,0.3060000000000005,2025-05-30,114,79,170,False
2025-02-06,2025,2.4477,2.2878,2.1843,2.3168,6.715800000000016,-5.565000000000012,12.280800000000028,0.29240000000000066,2025-05-30,113,78,171,False
2025-02-07,2025,2.387,2.2485,2.1656,2.3099000000000003,5.817000000000003,-6.060600000000013,11.877600000000015,0.2828000000000004,2025-05-30,112,77,172,False
2025-02-10,2025,2.3771,2.2491,2.1591,2.3054,5.376000000000005,-6.144600000000004,11.520600000000009,0.2743000000000002,2025-05-30,109,76,173,False
2025-02-11,2025,2.4021,2.265,2.1773,2.3265000000000002,5.758199999999991,-6.266400000000019,12.02460000000001,0.2863000000000002,2025-05-30,108,75,174,False
2025-02-12,2025,2.3796,2.2499000000000002,2.1508000000000003,2.3011,5.447399999999988,-6.312599999999986,11.759999999999973,0.27999999999999936,2025-05-30,107,74,175,False
2025-02-13,2025,2.3829,2.237,2.1396,2.2855000000000003,6.127799999999987,-6.127800000000006,12.255599999999994,0.29179999999999984,2025-05-30,106,73,176,False
2025-02-14,2025,2.3923,2.2514,2.1592,2.3080000000000003,5.91780000000001,-6.2496000000000205,12.16740000000003,0.28970000000000073,2025-05-30,105,72,177,False
2025-02-18,2025,2.367,2.2287,2.1484,2.2942,5.808600000000004,-6.123599999999997,11.932200000000002,0.2841,2025-05-30,101,71,178,False
2025-02-19,2025,2.3289,2.1884,2.0949,2.248,5.900999999999994,-6.43020000000001,12.331200000000003,0.2936000000000001,2025-05-30,100,70,179,False
2025-02-20,2025,2.3521,2.202,2.1025,2.2495,6.304200000000005,-6.1739999999999915,12.478199999999998,0.2970999999999999,2025-05-30,99,69,180,False
2025-02-21,2025,2.3381,2.2041,2.1016999999999997,2.2441999999999998,5.627999999999996,-5.985000000000003,11.613,0.27649999999999997,2025-05-30,98,68,181,False
2025-02-24,2025,2.3612,2.204,2.1093,2.244,6.6024,-5.657400000000002,12.259800000000002,0.29190000000000005,2025-05-30,95,67,182,False
2025-02-25,2025,2.3309,2.1751,2.0797,2.2146,6.543600000000007,-5.665800000000001,12.209400000000008,0.2907000000000002,2025-05-30,94,66,183,False
2025-02-26,2025,2.2988,2.1632,2.0669,2.2009,5.695200000000007,-5.627999999999996,11.323200000000003,0.26960000000000006,2025-05-30,93,65,184,False
2025-02-27,2025,2.356,2.2096,2.0965000000000003,2.2349,6.148799999999994,-5.812799999999994,11.961599999999988,0.2847999999999997,2025-05-30,92,64,185,False
2025-02-28,2025,2.3294,2.1737,2.0863,2.2142,6.539399999999998,-5.371799999999996,11.911199999999994,0.28359999999999985,2025-05-30,91,63,186,False
2025-03-03,2025,2.3002000000000002,2.1372999999999998,2.0582,2.1869,6.8418000000000205,-5.405400000000011,12.247200000000031,0.29160000000000075,2025-05-30,88,62,187,False
2025-03-04,2025,2.2919,2.1327000000000003,2.0541,2.1821,6.686399999999991,-5.376000000000005,12.062399999999997,0.2871999999999999,2025-05-30,87,61,188,False
2025-03-05,2025,2.3221000000000003,2.1526,2.0746,2.2025,7.119000000000009,-5.371799999999996,12.490800000000004,0.2974000000000001,2025-05-30,86,60,189,False
2025-03-06,2025,2.3329,2.1633,2.0726,2.2056999999999998,7.123199999999999,-5.5901999999999905,12.71339999999999,0.30269999999999975,2025-05-30,85,59,190,False
2025-03-07,2025,2.3478,2.1844,2.123,2.2453,6.86279999999999,-5.1365999999999845,11.999399999999975,0.2856999999999994,2025-05-30,84,58,191,False
2025-03-10,2025,2.3734,2.2108000000000003,2.1317,2.2539,6.829199999999994,-5.132399999999994,11.961599999999988,0.2847999999999997,2025-05-30,81,57,192,False
2025-03-11,2025,2.3758,2.1996,2.1281,2.2478,7.400399999999987,-5.0273999999999965,12.427799999999984,0.2958999999999996,2025-05-30,80,56,193,False
2025-03-12,2025,2.3855,2.2066999999999997,2.1362,2.2458,7.509600000000012,-4.603199999999997,12.112800000000009,0.2884000000000002,2025-05-30,79,55,194,False
2025-03-13,2025,2.3815,2.2128,2.1379,2.2462999999999997,7.085399999999994,-4.5527999999999835,11.638199999999976,0.27709999999999946,2025-05-30,78,54,195,False
2025-03-14,2025,2.3891999999999998,2.2304,2.1531000000000002,2.2683,6.669599999999993,-4.838399999999989,11.507999999999981,0.2739999999999996,2025-05-30,77,53,196,False
2025-03-17,2025,2.406,2.2451,2.1689,2.2846,6.757800000000011,-4.859400000000015,11.617200000000025,0.2766000000000006,2025-05-30,74,52,197,False
2025-03-18,2025,2.3853,2.2328,2.1387,2.2584,6.404999999999994,-5.0273999999999965,11.43239999999999,0.2721999999999998,2025-05-30,73,51,198,False
2025-03-19,2025,2.345,2.1987,2.0899,2.2148,6.144600000000004,-5.245799999999991,11.390399999999996,0.2711999999999999,2025-05-30,72,50,199,False
2025-03-20,2025,2.3746,2.2096,2.1138,2.2359999999999998,6.9300000000000015,-5.132399999999994,12.062399999999997,0.2871999999999999,2025-05-30,71,49,200,False
2025-03-21,2025,2.3923,2.2374,2.1395,2.2615,6.505800000000002,-5.123999999999995,11.629799999999996,0.2768999999999999,2025-05-30,70,48,201,False
2025-03-24,2025,2.4277,2.2795,2.1856999999999998,2.2988999999999997,6.224400000000005,-4.754399999999999,10.978800000000003,0.2614000000000001,2025-05-30,67,47,202,False
2025-03-25,2025,2.4352,2.2862999999999998,2.1892,2.291,6.253800000000011,-4.275599999999995,10.529400000000006,0.25070000000000014,2025-05-30,66,46,203,False
2025-03-26,2025,2.4365,2.3051,2.1911,2.2971,5.518800000000008,-4.451999999999995,9.970800000000002,0.23740000000000006,2025-05-30,65,45,204,False
2025-03-27,2025,2.4488,2.2972,2.2172,2.3178,6.367199999999989,-4.225200000000001,10.59239999999999,0.25219999999999976,2025-05-30,64,44,205,False
2025-03-28,2025,2.4897,2.3246,2.229,2.3226,6.934199999999992,-3.931199999999996,10.865399999999987,0.2586999999999997,2025-05-30,63,43,206,False
2025-03-31,2025,2.5052000000000003,2.3335,2.2606,2.3504,7.211400000000017,-3.771599999999995,10.983000000000011,0.2615000000000003,2025-05-30,60,42,207,False
2025-04-01,2025,2.4729,2.3053,2.222,2.3132,7.039200000000008,-3.830400000000007,10.869600000000016,0.25880000000000036,2025-05-30,59,41,208,False
2025-04-02,2025,2.4589,2.3047999999999997,2.2112,2.3178,6.472200000000005,-4.4772000000000105,10.949400000000015,0.2607000000000004,2025-05-30,58,40,209,False
2025-04-03,2025,2.4303,2.2763,2.1741,2.2851,6.467999999999996,-4.66199999999999,11.129999999999987,0.2649999999999997,2025-05-30,57,39,210,False
2025-04-04,2025,2.4232,2.2878,2.1721,2.2965999999999998,5.686800000000008,-5.228999999999993,10.9158,0.2599,2025-05-30,56,38,211,False
2025-04-07,2025,2.4381,2.2842,2.1784,2.2969,6.463800000000006,-4.977000000000002,11.440800000000008,0.2724000000000002,2025-05-30,53,37,212,False
2025-04-08,2025,2.3837,2.2441999999999998,2.1288,2.2445,5.859000000000017,-4.859399999999996,10.718400000000013,0.2552000000000003,2025-05-30,52,36,213,False
2025-04-09,2025,2.3262,2.2316,2.1177,2.2495,3.97320000000001,-5.535599999999987,9.508799999999997,0.22639999999999993,2025-05-30,51,35,214,False
2025-04-10,2025,2.3003,2.2124,2.1077,2.2409,3.6917999999999944,-5.594399999999999,9.286199999999994,0.22109999999999985,2025-05-30,50,34,215,False
2025-04-11,2025,2.2686,2.2077,2.0772999999999997,2.2276,2.5578000000000074,-6.312600000000004,8.87040000000001,0.21120000000000025,2025-05-30,49,33,216,False
2025-04-14,2025,2.3101,2.2446,2.1262,2.2776,2.750999999999986,-6.3588000000000084,9.109799999999995,0.21689999999999987,2025-05-30,46,32,217,False
2025-04-15,2025,2.3252,2.242,2.1234,2.2768,3.494400000000007,-6.442799999999999,9.937200000000006,0.23660000000000014,2025-05-30,45,31,218,False
2025-04-16,2025,2.3165999999999998,2.2309,2.1334,2.2843,3.599399999999986,-6.337800000000001,9.937199999999986,0.23659999999999967,2025-05-30,44,30,219,False
2025-04-17,2025,2.3555,2.2506,2.1577,2.3021000000000003,4.405800000000009,-6.0648000000000035,10.470600000000012,0.24930000000000027,2025-05-30,43,29,220,False
2025-04-21,2025,2.3836,2.2662,2.1699,2.3138,4.930799999999998,-6.0437999999999965,10.974599999999995,0.26129999999999987,2025-05-30,39,28,221,False
2025-04-22,2025,2.4313,2.3012,2.1963,2.3336,5.464199999999986,-5.766600000000008,11.230799999999995,0.26739999999999986,2025-05-30,38,27,222,False
2025-04-23,2025,2.4530000000000003,2.3162000000000003,2.2044,2.3408,5.745600000000001,-5.728800000000003,11.474400000000005,0.2732000000000001,2025-05-30,37,26,223,False
2025-04-24,2025,2.4808000000000003,2.3325,2.2338,2.3642,6.2286000000000135,-5.476799999999994,11.705400000000008,0.27870000000000017,2025-05-30,36,25,224,False
2025-04-25,2025,2.4705,2.3131,2.2072,2.3318,6.610799999999999,-5.233200000000002,11.844000000000001,0.28200000000000003,2025-05-30,35,24,225,False
2025-04-28,2025,2.4822,2.3218,2.2085,2.3336,6.736800000000004,-5.254200000000009,11.991000000000014,0.2855000000000003,2025-05-30,32,23,226,False
2025-04-29,2025,2.5017,2.3245,2.2186000000000003,2.3416,7.442400000000001,-5.165999999999991,12.608399999999993,0.3001999999999998,2025-05-30,31,22,227,False
2025-04-30,2025,2.4916,2.3113,2.1936,2.3295,7.572599999999996,-5.707799999999996,13.280399999999993,0.3161999999999998,2025-05-30,30,21,228,False
2025-05-01,2025,2.5099,2.3191,2.1938999999999997,2.3295,8.013599999999993,-5.695200000000007,13.7088,0.3264,2025-05-30,29,20,229,False
2025-05-02,2025,2.5052000000000003,2.3162000000000003,2.1877,2.3247,7.938000000000002,-5.7540000000000004,13.692000000000004,0.32600000000000007,2025-05-30,28,19,230,False
2025-05-05,2025,2.4695,2.2869,2.1827,2.3142,7.669199999999995,-5.522999999999998,13.192199999999993,0.3140999999999998,2025-05-30,25,18,231,False
2025-05-06,2025,2.499,2.2993,2.1912000000000003,2.3252,8.3874,-5.627999999999996,14.015399999999996,0.3336999999999999,2025-05-30,24,17,232,False
2025-05-07,2025,2.4887,2.269,2.1683000000000003,2.2987,9.2274,-5.476799999999994,14.704199999999993,0.35009999999999986,2025-05-30,23,16,233,False
2025-05-08,2025,2.4519,2.2640000000000002,2.1471999999999998,2.2898,7.891799999999998,-5.989200000000012,13.88100000000001,0.33050000000000024,2025-05-30,22,15,234,False
2025-05-09,2025,2.4779,2.2872,2.169,2.3121,8.009400000000003,-6.0102,14.019600000000004,0.3338000000000001,2025-05-30,21,14,235,False
2025-05-12,2025,2.5171,2.3355,2.2218,2.3721,7.627199999999999,-6.312600000000004,13.939800000000004,0.3319000000000001,2025-05-30,18,13,236,False
2025-05-13,2025,2.5357,2.3581,2.2508,2.4,7.459199999999999,-6.2664,13.7256,0.3268,2025-05-30,17,12,237,False
2025-05-14,2025,2.5387,2.3479,2.2415000000000003,2.3928,8.013599999999993,-6.354599999999981,14.368199999999973,0.34209999999999935,2025-05-30,16,11,238,False
2025-05-15,2025,2.5492,2.3397,2.2327,2.3863,8.798999999999992,-6.451199999999998,15.25019999999999,0.36309999999999976,2025-05-30,15,10,239,False
2025-05-16,2025,2.5242,2.3407,2.2413,2.4028,7.707,-6.783000000000008,14.490000000000009,0.3450000000000002,2025-05-30,14,9,240,False
2025-05-19,2025,2.4524,2.285,2.1699,2.3392,7.03079999999999,-7.110599999999991,14.141399999999981,0.33669999999999956,2025-05-30,11,8,241,False
2025-05-20,2025,2.443,2.2842,2.1708000000000003,2.3358000000000003,6.6696000000000115,-6.9300000000000015,13.599600000000013,0.3238000000000003,2025-05-30,10,7,242,False
2025-05-21,2025,2.4198,2.2606,2.13,2.3011,6.686399999999991,-7.186200000000001,13.872599999999991,0.3302999999999998,2025-05-30,9,6,243,False
2025-05-22,2025,2.4063999999999997,2.258,2.1285,2.2956,6.232799999999985,-7.018200000000001,13.250999999999987,0.31549999999999967,2025-05-30,8,5,244,False
2025-05-23,2025,2.3914,2.2586,2.1245,2.3049,5.577600000000001,-7.576800000000005,13.154400000000006,0.31320000000000014,2025-05-30,7,4,245,False
2025-05-27,2025,2.3534,2.2275,2.1105,2.2952,5.287800000000005,-7.757399999999994,13.0452,0.3106,2025-05-30,3,3,246,False
2025-05-28,2025,2.3531,2.205,2.0982,2.276,6.220199999999996,-7.467599999999998,13.687799999999994,0.32589999999999986,2025-05-30,2,2,247,False
2025-05-29,2025,2.3385,2.1909,2.1049,2.2784999999999997,6.199199999999989,-7.29119999999998,13.490399999999969,0.32119999999999926,2025-05-30,1,1,248,False
2025-05-30,2025,2.3754,2.2086,2.1107,2.2756,7.005599999999993,-6.925799999999993,13.931399999999986,0.33169999999999966,2025-05-30,0,0,249,False
2025-06-02,2026,2.3458,2.3345,2.1977,2.4202,0.474600000000013,-9.344999999999988,9.819600000000001,0.23380000000000004,2026-05-29,361,249,0,False
2025-06-03,2026,2.3823,2.3571,2.2284,2.4425,1.0583999999999953,-8.99219999999999,10.050599999999985,0.23929999999999965,2026-05-29,360,248,1,False
2025-06-04,2026,2.362,2.3455,2.218,2.4368,0.6930000000000076,-9.189599999999995,9.882600000000004,0.2353000000000001,2026-05-29,359,247,2,False
2025-06-05,2026,2.378,2.3632,2.2625,2.4703999999999997,0.6216000000000061,-8.73179999999998,9.353399999999986,0.22269999999999968,2026-05-29,358,246,3,False
2025-06-06,2026,2.3731999999999998,2.3581,2.2474000000000003,2.4571,0.6341999999999954,-8.80739999999999,9.441599999999987,0.2247999999999997,2026-05-29,357,245,4,False
2025-06-09,2026,2.4058,2.392,2.3125999999999998,2.516,0.5796000000000108,-8.54280000000001,9.12240000000002,0.21720000000000048,2026-05-29,354,244,5,False
2025-06-10,2026,2.421,2.4114,2.3079,2.5133,0.4031999999999929,-8.626800000000001,9.029999999999994,0.21499999999999986,2026-05-29,353,243,6,False
2025-06-11,2026,2.4261,2.4081,2.3052,2.5063999999999997,0.7559999999999913,-8.450399999999984,9.206399999999975,0.21919999999999942,2026-05-29,352,242,7,False
2025-06-12,2026,2.4116,2.4078,2.279,2.4928,0.15960000000000107,-8.9796,9.1392,0.21760000000000002,2026-05-29,351,241,8,False
2025-06-13,2026,2.3599,2.3486000000000002,2.1957,2.4038999999999997,0.47459999999999436,-8.744399999999988,9.218999999999983,0.2194999999999996,2026-05-29,350,240,9,False
2025-06-16,2026,2.3424,2.3296,2.1567,2.3701,0.5375999999999967,-8.962800000000001,9.500399999999999,0.22619999999999998,2026-05-29,347,239,10,False
2025-06-17,2026,2.2954,2.2954,2.0941,2.3034,0.0,-8.790599999999992,8.790599999999992,0.20929999999999982,2026-05-29,346,238,11,False
2025-06-18,2026,2.2426,2.2640000000000002,2.0701,2.2876,-0.8988000000000129,-9.134999999999991,8.236199999999979,0.1960999999999995,2026-05-29,345,237,12,False
2025-06-20,2026,2.2136,2.2271,2.0541,2.2525,-0.5670000000000028,-8.332799999999995,7.7657999999999925,0.18489999999999981,2026-05-29,343,236,13,False
2025-06-23,2026,2.2188999999999997,2.1932,2.0177,2.2037999999999998,1.0793999999999837,-7.816199999999988,8.895599999999972,0.21179999999999932,2026-05-29,340,235,14,False
2025-06-24,2026,2.2333000000000003,2.2091,2.0554,2.2391,1.0164000000000186,-7.715399999999999,8.731800000000018,0.20790000000000042,2026-05-29,339,234,15,False
2025-06-25,2026,2.2303,2.2059,2.0557,2.2340999999999998,1.024799999999999,-7.4927999999999955,8.517599999999995,0.20279999999999987,2026-05-29,338,233,16,False
2025-06-26,2026,2.2398,2.2336,2.0694,2.2518000000000002,0.26039999999999,-7.660800000000014,7.921200000000004,0.1886000000000001,2026-05-29,337,232,17,False
2025-06-27,2026,2.2053,2.2138,2.0495,2.2340999999999998,-0.3570000000000073,-7.753199999999985,7.396199999999978,0.17609999999999948,2026-05-29,336,231,18,False
2025-06-30,2026,2.1572,2.1418,1.9687000000000001,2.1431,0.6468000000000034,-7.324799999999995,7.971599999999999,0.18979999999999997,2026-05-29,333,230,19,False
2025-07-01,2026,2.2127,2.1978,2.0352,2.2142,0.6257999999999964,-7.517999999999993,8.143799999999988,0.1938999999999997,2026-05-29,332,229,20,False
2025-07-02,2026,2.2217,2.202,2.0431,2.2231,0.8273999999999928,-7.560000000000007,8.3874,0.1997,2026-05-29,331,228,21,False
2025-07-03,2026,2.1781,2.1599,1.9787000000000001,2.1605000000000003,0.7644000000000091,-7.635600000000007,8.400000000000016,0.2000000000000004,2026-05-29,330,227,22,False
2025-07-07,2026,2.1804,2.1715999999999998,1.974,2.161,0.36960000000001525,-7.854000000000003,8.223600000000019,0.19580000000000045,2026-05-29,326,226,23,False
2025-07-08,2026,2.1952000000000003,2.1856,1.9778,2.1744,0.40320000000001155,-8.257199999999996,8.660400000000006,0.20620000000000016,2026-05-29,325,225,24,False
2025-07-09,2026,2.1967,2.2055000000000002,1.9923,2.1963,-0.36960000000001525,-8.567999999999998,8.198399999999982,0.19519999999999957,2026-05-29,324,224,25,False
2025-07-10,2026,2.1329,2.1641,1.9476,2.1542,-1.310400000000005,-8.677199999999996,7.366799999999991,0.17539999999999978,2026-05-29,323,223,26,False
2025-07-11,2026,2.119,2.1379,1.9306,2.1311,-0.7937999999999965,-8.420999999999996,7.627199999999999,0.18159999999999998,2026-05-29,322,222,27,False
2025-07-14,2026,2.1949,2.2025,2.0091,2.2006,-0.31920000000000215,-8.043,7.723799999999997,0.18389999999999992,2026-05-29,319,221,28,False
2025-07-15,2026,2.1709,2.202,2.0234,2.2193,-1.306199999999996,-8.227799999999998,6.921600000000002,0.16480000000000006,2026-05-29,318,220,29,False
2025-07-16,2026,2.1405000000000003,2.1868,2.0175,2.2132,-1.9445999999999817,-8.2194,6.274800000000019,0.14940000000000045,2026-05-29,317,219,30,False
2025-07-17,2026,2.1172999999999997,2.1719999999999997,2.006,2.201,-2.2973999999999988,-8.190000000000012,5.892600000000013,0.1403000000000003,2026-05-29,316,218,31,False
2025-07-18,2026,2.1222,2.1655,1.9888,2.1751,-1.8186000000000142,-7.8246000000000056,6.005999999999991,0.1429999999999998,2026-05-29,315,217,32,False
2025-07-21,2026,2.0953,2.1496,1.9477000000000002,2.1445,-2.2806000000000006,-8.265599999999985,5.984999999999984,0.14249999999999963,2026-05-29,312,216,33,False
2025-07-22,2026,2.0881,2.1336,1.9421000000000002,2.1425,-1.911000000000004,-8.416799999999997,6.505799999999993,0.15489999999999982,2026-05-29,311,215,34,False
2025-07-23,2026,2.115,2.1604,1.9813,2.1833,-1.9067999999999952,-8.483999999999998,6.577200000000003,0.15660000000000007,2026-05-29,310,214,35,False
2025-07-24,2026,2.1685,2.2188,2.05,2.2435,-2.1126000000000005,-8.12700000000001,6.014400000000009,0.14320000000000022,2026-05-29,309,213,36,False
2025-07-25,2026,2.2163999999999997,2.2525999999999997,2.0962,2.2847,-1.5204000000000004,-7.916999999999995,6.396599999999995,0.15229999999999988,2026-05-29,308,212,37,False
2025-07-28,2026,2.2107,2.2382,2.0754,2.2614,-1.154999999999994,-7.811999999999998,6.657000000000004,0.15850000000000009,2026-05-29,305,211,38,False
2025-07-29,2026,2.1977,2.2078,2.0549,2.2299,-0.4241999999999999,-7.350000000000011,6.925800000000011,0.16490000000000027,2026-05-29,304,210,39,False
2025-07-30,2026,2.1816999999999998,2.1904,2.0652,2.2384,-0.3654000000000064,-7.274400000000001,6.9089999999999945,0.16449999999999987,2026-05-29,303,209,40,False
2025-07-31,2026,2.1824,2.1629,2.0401,2.2046,0.8189999999999937,-6.909000000000013,7.728000000000007,0.18400000000000016,2026-05-29,302,208,41,False
2025-08-01,2026,2.1806,2.1884,2.0418000000000003,2.2099,-0.3276000000000012,-7.0601999999999965,6.732599999999995,0.1602999999999999,2026-05-29,301,207,42,False
2025-08-04,2026,2.23,2.2262,2.0745,2.2449,0.15960000000000107,-7.156799999999995,7.316399999999996,0.1741999999999999,2026-05-29,298,206,43,False
2025-08-05,2026,2.2073,2.2284,2.0576,2.2429,-0.886200000000005,-7.78260000000001,6.896400000000005,0.16420000000000012,2026-05-29,297,205,44,False
2025-08-06,2026,2.2197,2.2523,2.0819,2.2657,-1.3691999999999984,-7.719599999999989,6.350399999999991,0.15119999999999978,2026-05-29,296,204,45,False
2025-08-07,2026,2.1895,2.2363,2.0674,2.2542,-1.9656000000000073,-7.845599999999994,5.879999999999987,0.13999999999999968,2026-05-29,295,203,46,False
2025-08-08,2026,2.1545,2.1913,1.9994999999999998,2.1902,-1.5455999999999976,-8.009400000000003,6.463800000000005,0.15390000000000012,2026-05-29,294,202,47,False
2025-08-11,2026,2.2161,2.2403999999999997,2.0465999999999998,2.2328,-1.0205999999999902,-7.820400000000015,6.799800000000025,0.1619000000000006,2026-05-29,291,201,48,False
2025-08-12,2026,2.2544999999999997,2.2681,2.0765000000000002,2.252,-0.5712000000000117,-7.370999999999981,6.799799999999969,0.16189999999999927,2026-05-29,290,200,49,False
2025-08-13,2026,2.2397,2.2575,2.0709999999999997,2.2516,-0.7475999999999923,-7.585200000000004,6.837600000000012,0.16280000000000028,2026-05-29,289,199,50,False
2025-08-14,2026,2.2409,2.2673,2.053,2.2422999999999997,-1.1088000000000084,-7.950599999999992,6.841799999999983,0.1628999999999996,2026-05-29,288,198,51,False
2025-08-15,2026,2.273,2.2881,2.0778,2.2587,-0.6341999999999954,-7.597800000000012,6.963600000000016,0.1658000000000004,2026-05-29,287,197,52,False
2025-08-18,2026,2.2865,2.3012,2.0827,2.2544,-0.6173999999999973,-7.2113999999999985,6.594000000000001,0.15700000000000003,2026-05-29,284,196,53,False
2025-08-19,2026,2.2543,2.2522,2.0334,2.1926,0.08819999999999961,-6.68640000000001,6.774600000000009,0.16130000000000022,2026-05-29,283,195,54,False
2025-08-20,2026,2.2594,2.2548,2.0284,2.1955,0.19319999999999737,-7.018200000000001,7.2113999999999985,0.17169999999999996,2026-05-29,282,194,55,False
2025-08-21,2026,2.2861000000000002,2.2626,2.0636,2.2228,0.9870000000000125,-6.686399999999991,7.6734000000000036,0.18270000000000008,2026-05-29,281,193,56,False
2025-08-22,2026,2.3297,2.3011,2.0734,2.2346,1.2011999999999983,-6.7704,7.971599999999999,0.18979999999999997,2026-05-29,280,192,57,False
2025-08-25,2026,2.2842,2.266,2.0248,2.1919999999999997,0.7643999999999904,-7.022399999999991,7.786799999999982,0.18539999999999957,2026-05-29,277,191,58,False
2025-08-26,2026,2.2756,2.2775,2.0229,2.1961,-0.07980000000000054,-7.274400000000001,7.1946,0.1713,2026-05-29,276,190,59,False
2025-08-27,2026,2.23,2.2495,1.9801,2.1597,-0.8189999999999937,-7.543199999999999,6.724200000000005,0.16010000000000013,2026-05-29,275,189,60,False
2025-08-28,2026,2.2363999999999997,2.2498,1.9666,2.1359,-0.5628000000000126,-7.1106,6.547799999999987,0.1558999999999997,2026-05-29,274,188,61,False
2025-08-29,2026,2.1932,2.2098,1.92,2.0997,-0.6971999999999978,-7.547399999999999,6.850200000000001,0.16310000000000002,2026-05-29,273,187,62,False
2025-09-02,2026,2.1675999999999997,2.1837,1.8886,2.0719,-0.6762000000000095,-7.698599999999992,7.022399999999982,0.16719999999999957,2026-05-29,269,186,63,False
2025-09-03,2026,2.222,2.2273,1.9296,2.1121,-0.22260000000000346,-7.664999999999996,7.442399999999992,0.1771999999999998,2026-05-29,268,185,64,False
2025-09-04,2026,2.1828,2.2015000000000002,1.8944,2.076,-0.7854000000000161,-7.627199999999999,6.841799999999983,0.1628999999999996,2026-05-29,267,184,65,False
2025-09-05,2026,2.1719999999999997,2.2049000000000003,1.8771,2.0659,-1.381800000000025,-7.929600000000003,6.547799999999978,0.15589999999999948,2026-05-29,266,183,66,False
2025-09-08,2026,2.1597,2.2078,1.9028999999999998,2.0846,-2.0202000000000107,-7.631400000000008,5.6111999999999975,0.13359999999999994,2026-05-29,263,182,67,False
2025-09-09,2026,2.1822,2.2266999999999997,1.9169,2.0959,-1.86899999999999,-7.517999999999993,5.649000000000003,0.13450000000000006,2026-05-29,262,181,68,False
2025-09-10,2026,2.1589,2.2151,1.9084,2.0843000000000003,-2.360400000000001,-7.3878000000000075,5.027400000000006,0.11970000000000015,2026-05-29,261,180,69,False
2025-09-11,2026,2.1675999999999997,2.213,1.9005,2.0778,-1.9068000000000138,-7.446599999999991,5.539799999999977,0.13189999999999946,2026-05-29,260,179,70,False
2025-09-12,2026,2.1691,2.1996,1.8912,2.0646,-1.2810000000000175,-7.2828,6.0017999999999825,0.14289999999999958,2026-05-29,259,178,71,False
2025-09-15,2026,2.1818,2.2135,1.9234,2.0927000000000002,-1.3313999999999933,-7.11060000000001,5.779200000000016,0.1376000000000004,2026-05-29,256,177,72,False
2025-09-16,2026,2.1661,2.1933000000000002,1.9144999999999999,2.0829,-1.1424000000000047,-7.072800000000004,5.9304,0.1412,2026-05-29,255,176,73,False
2025-09-17,2026,2.1348,2.1551,1.8761,2.0404,-0.8526000000000087,-6.900599999999995,6.047999999999987,0.14399999999999968,2026-05-29,254,175,74,False
2025-09-18,2026,2.1277,2.164,1.891,2.0636,-1.5246000000000093,-7.249200000000004,5.724599999999994,0.13629999999999987,2026-05-29,253,174,75,False
2025-09-19,2026,2.1496,2.1587,1.9102000000000001,2.0755,-0.38220000000000454,-6.942599999999991,6.560399999999986,0.15619999999999967,2026-05-29,252,173,76,False
2025-09-22,2026,2.1405000000000003,2.1556,1.903,2.0705,-0.6341999999999954,-7.034999999999999,6.400800000000004,0.1524000000000001,2026-05-29,249,172,77,False
2025-09-23,2026,2.1211,2.123,1.8552000000000002,2.0191,-0.07980000000000054,-6.883799999999988,6.803999999999988,0.1619999999999997,2026-05-29,248,171,78,False
2025-09-24,2026,2.0915,2.1073,1.8451,2.0177,-0.6636000000000015,-7.249200000000004,6.585600000000002,0.15680000000000005,2026-05-29,247,170,79,False
2025-09-25,2026,2.0979,2.0997,1.8447,2.0109,-0.07559999999999167,-6.980399999999996,6.904800000000004,0.1644000000000001,2026-05-29,246,169,80,False
2025-09-26,2026,2.0848,2.0888999999999998,1.8288,1.9944,-0.17219999999999036,-6.955199999999999,6.783000000000008,0.1615000000000002,2026-05-29,245,168,81,False
2025-09-29,2026,2.0453,2.0571,1.8022999999999998,1.9691999999999998,-0.4956000000000014,-7.009800000000002,6.514200000000001,0.15510000000000002,2026-05-29,242,167,82,False
2025-09-30,2026,2.0484999999999998,2.0321000000000002,1.7874,1.9545,0.6887999999999801,-7.018199999999991,7.706999999999971,0.18349999999999933,2026-05-29,241,166,83,False
2025-10-01,2026,2.0997,2.077,1.8641999999999999,2.0313999999999997,0.9533999999999976,-7.022399999999991,7.975799999999989,0.18989999999999974,2026-05-29,240,165,84,False
2025-10-02,2026,2.0549,2.0376,1.8134000000000001,1.9893,0.7266000000000039,-7.387799999999998,8.114400000000002,0.19320000000000004,2026-05-29,239,164,85,False
2025-10-03,2026,1.9883000000000002,1.9780000000000002,1.7553,1.9372,0.432599999999999,-7.6397999999999975,8.072399999999996,0.19219999999999993,2026-05-29,238,163,86,False
2025-10-06,2026,1.9623,1.9506000000000001,1.7331999999999999,1.9079,0.4913999999999925,-7.337400000000003,7.828799999999996,0.1863999999999999,2026-05-29,235,162,87,False
2025-10-07,2026,2.0125,1.994,1.7516999999999998,1.9306999999999999,0.7770000000000077,-7.5180000000000025,8.29500000000001,0.19750000000000026,2026-05-29,234,161,88,False
2025-10-08,2026,1.9799,1.979,1.7446000000000002,1.9313999999999998,0.03779999999999584,-7.845599999999985,7.88339999999998,0.18769999999999953,2026-05-29,233,160,89,False
2025-10-09,2026,1.9401,1.9322,1.6793,1.8669,0.33180000000000076,-7.879199999999999,8.211,0.1955,2026-05-29,232,159,90,False
2025-10-10,2026,1.9278,1.9341,1.685,1.8832,-0.26459999999999884,-8.324399999999997,8.0598,0.1919,2026-05-29,231,158,91,False
2025-10-13,2026,1.8640999999999999,1.8911000000000002,1.6533000000000002,1.8478,-1.134000000000015,-8.168999999999995,7.034999999999981,0.16749999999999954,2026-05-29,228,157,92,False
2025-10-14,2026,1.8915,1.9196,1.6759,1.8783,-1.1802000000000006,-8.500800000000005,7.320600000000004,0.1743000000000001,2026-05-29,227,156,93,False
2025-10-15,2026,1.8928,1.9241,1.6749,1.879,-1.314599999999995,-8.572199999999999,7.257600000000004,0.1728000000000001,2026-05-29,226,155,94,False
2025-10-16,2026,1.8984,1.9284999999999999,1.7009999999999998,1.8955000000000002,-1.2641999999999913,-8.169000000000015,6.904800000000023,0.16440000000000055,2026-05-29,225,154,95,False
2025-10-17,2026,1.9076,1.9442,1.7191,1.9162000000000001,-1.5371999999999986,-8.278200000000002,6.741000000000003,0.1605000000000001,2026-05-29,224,153,96,False
2025-10-20,2026,1.9078,1.9378,1.7280000000000002,1.9128,-1.2600000000000011,-7.761599999999994,6.501599999999993,0.15479999999999983,2026-05-29,221,152,97,False
2025-10-21,2026,1.9452,1.9555,1.7684,1.9508,-0.432599999999999,-7.660800000000005,7.228200000000006,0.17210000000000014,2026-05-29,220,151,98,False
2025-10-22,2026,2.0018000000000002,2.0146,1.8192,2.0032,-0.5375999999999967,-7.728000000000007,7.19040000000001,0.17120000000000024,2026-05-29,219,150,99,False
2025-10-23,2026,2.0281000000000002,2.0315,1.8459,2.0211,-0.14279999999998427,-7.358400000000001,7.215600000000017,0.1718000000000004,2026-05-29,218,149,100,False
2025-10-24,2026,2.0398,2.0358,1.8493000000000002,2.0237,0.16800000000000015,-7.3247999999999855,7.492799999999986,0.17839999999999967,2026-05-29,217,148,101,False
2025-10-27,2026,2.0409,2.0469,1.8459,2.0325,-0.2519999999999909,-7.837200000000005,7.585200000000014,0.18060000000000032,2026-05-29,214,147,102,False
2025-10-28,2026,2.0379,2.0444999999999998,1.8428,2.0380000000000003,-0.2771999999999881,-8.19840000000001,7.921200000000022,0.18860000000000052,2026-05-29,213,146,103,False
2025-10-29,2026,1.9974,2.0095,1.8084,2.0038,-0.5082,-8.206800000000001,7.698600000000001,0.18330000000000002,2026-05-29,212,145,104,False
2025-10-30,2026,2.0067,2.0119,1.8238999999999999,2.0115,-0.2183999999999946,-7.879199999999999,7.6608000000000045,0.18240000000000012,2026-05-29,211,144,105,False
2025-10-31,2026,2.0208,2.0197,1.8447,2.0376,0.04620000000000424,-8.101799999999994,8.147999999999998,0.19399999999999995,2026-05-29,210,143,106,False
2025-11-03,2026,1.9838,1.9938,1.7932,1.992,-0.4200000000000004,-8.349600000000004,7.929600000000004,0.1888000000000001,2026-05-29,207,142,107,False
2025-11-04,2026,1.9593,1.9749,1.7701,1.9802000000000002,-0.6552000000000024,-8.824200000000008,8.169000000000006,0.19450000000000014,2026-05-29,206,141,108,False
2025-11-05,2026,1.9747999999999999,1.9846000000000001,1.7804,2.0014,-0.4116000000000106,-9.281999999999995,8.870399999999984,0.2111999999999996,2026-05-29,205,140,109,False
2025-11-06,2026,1.9262000000000001,1.9280000000000002,1.7105000000000001,1.9276,-0.075600000000001,-9.118199999999995,9.042599999999993,0.21529999999999982,2026-05-29,204,139,110,False
2025-11-07,2026,1.8914,1.8953,1.6850999999999998,1.9016,-0.1638000000000006,-9.093000000000005,8.929200000000005,0.21260000000000012,2026-05-29,203,138,111,False
2025-11-10,2026,1.8608000000000002,1.8605,1.6444,1.8541999999999998,0.012600000000007938,-8.81159999999999,8.824199999999998,0.21009999999999995,2026-05-29,200,137,112,False
2025-11-11,2026,1.8888999999999998,1.8998,1.6854,1.8984,-0.45780000000000554,-8.946000000000003,8.488199999999997,0.20209999999999995,2026-05-29,199,136,113,False
2025-11-12,2026,1.8676,1.8966,1.6811,1.9036000000000002,-1.2180000000000057,-9.345000000000006,8.127,0.1935,2026-05-29,198,135,114,False
2025-11-13,2026,1.9083,1.9163999999999999,1.7071,1.9198,-0.3401999999999905,-8.933399999999995,8.593200000000005,0.20460000000000012,2026-05-29,197,134,115,False
2025-11-14,2026,1.9184,1.9265,1.7109,1.9240000000000002,-0.34019999999999984,-8.950200000000002,8.610000000000003,0.20500000000000007,2026-05-29,196,133,116,False
2025-11-17,2026,1.8825,1.9165999999999999,1.6665999999999999,1.8844,-1.4321999999999915,-9.14760000000001,7.7154000000000185,0.18370000000000045,2026-05-29,193,132,117,False
2025-11-18,2026,1.8963999999999999,1.9308,1.6883000000000001,1.9008,-1.4448000000000087,-8.924999999999997,7.480199999999988,0.17809999999999973,2026-05-29,192,131,118,False
2025-11-19,2026,1.9071,1.9399000000000002,1.6931,1.913,-1.3776000000000068,-9.2358,7.858199999999993,0.18709999999999982,2026-05-29,191,130,119,False
2025-11-20,2026,1.8757,1.9141,1.6522,1.8671,-1.6127999999999996,-9.025800000000004,7.413000000000004,0.1765000000000001,2026-05-29,190,129,120,False
2025-11-21,2026,1.83,1.8836000000000002,1.6284999999999998,1.8412,-2.251200000000004,-8.933400000000004,6.6822,0.1591,2026-05-29,189,128,121,False
2025-11-24,2026,1.8699000000000001,1.9209,1.6777000000000002,1.895,-2.1419999999999972,-9.126599999999993,6.984599999999995,0.1662999999999999,2026-05-29,186,127,122,False
2025-11-25,2026,1.8488,1.9143000000000001,1.6718000000000002,1.8921000000000001,-2.7510000000000048,-9.252599999999997,6.501599999999993,0.15479999999999983,2026-05-29,185,126,123,False
2025-11-26,2026,1.8593000000000002,1.9109,1.6459000000000001,1.8716,-2.1671999999999945,-9.479399999999991,7.312199999999997,0.17409999999999992,2026-05-29,184,125,124,False
2025-11-28,2026,1.8838,1.9386,1.6647,1.8931,-2.3016000000000076,-9.592799999999997,7.291199999999989,0.17359999999999975,2026-05-29,182,124,125,False
2025-12-01,2026,1.871,1.9216,1.6784000000000001,1.9054,-2.125199999999999,-9.533999999999995,7.408799999999996,0.1763999999999999,2026-05-29,179,123,126,False
2025-12-02,2026,1.8381,1.8905,1.6239,1.8522,-2.2008,-9.588600000000007,7.387800000000007,0.17590000000000017,2026-05-29,178,122,127,False
2025-12-03,2026,1.881,1.9269,1.6668,1.893,-1.9278000000000022,-9.500399999999999,7.572599999999997,0.18029999999999993,2026-05-29,177,121,128,False
2025-12-04,2026,1.8719999999999999,1.881,1.6116,1.8388,-0.378000000000005,-9.542400000000002,9.164399999999997,0.21819999999999992,2026-05-29,176,120,129,False
2025-12-05,2026,1.854,1.8654,1.6,1.8291,-0.4787999999999939,-9.622199999999994,9.1434,0.2177,2026-05-29,175,119,130,False
2025-12-08,2026,1.8428,1.8508000000000002,1.5941,1.8259999999999998,-0.3360000000000096,-9.73979999999999,9.40379999999998,0.22389999999999954,2026-05-29,172,118,131,False
2025-12-09,2026,1.8136,1.8356000000000001,1.5619999999999998,1.8012000000000001,-0.9240000000000008,-10.046400000000013,9.122400000000011,0.21720000000000028,2026-05-29,171,117,132,False
2025-12-10,2026,1.8399,1.8516,1.5819999999999999,1.82,-0.4913999999999925,-9.99600000000001,9.504600000000018,0.22630000000000042,2026-05-29,170,116,133,False
2025-12-11,2026,1.7952000000000001,1.8275,1.579,1.8165,-1.3565999999999905,-9.975000000000001,8.618400000000012,0.20520000000000027,2026-05-29,169,115,134,False
2025-12-12,2026,1.8204,1.8554,1.5938999999999999,1.8329,-1.4699999999999966,-10.038000000000004,8.568000000000007,0.20400000000000015,2026-05-29,168,114,135,False
2025-12-15,2026,1.8266,1.8253,1.5859999999999999,1.8169,0.05460000000000331,-9.697800000000004,9.752400000000009,0.2322000000000002,2026-05-29,165,113,136,False
2025-12-16,2026,1.8043,1.8022,1.5551,1.7838999999999998,0.08819999999999961,-9.609599999999995,9.697799999999994,0.23089999999999986,2026-05-29,164,112,137,False
2025-12-17,2026,1.8409,1.8327,1.5667,1.7952000000000001,0.3443999999999994,-9.597000000000007,9.941400000000005,0.23670000000000013,2026-05-29,163,111,138,False
2025-12-18,2026,1.8627,1.8474000000000002,1.588,1.8159,0.6425999999999945,-9.5718,10.214399999999994,0.24319999999999986,2026-05-29,162,110,139,False
2025-12-19,2026,1.7949000000000002,1.7971000000000001,1.5282,1.7548,-0.09239999999999915,-9.517199999999995,9.424799999999996,0.2243999999999999,2026-05-29,161,109,140,False
2025-12-22,2026,1.8553,1.8553,1.5854,1.8172,0.0,-9.7356,9.7356,0.2318,2026-05-29,158,108,141,False
2025-12-23,2026,1.8394,1.8275,1.5625,1.788,0.4998000000000009,-9.471000000000002,9.970800000000002,0.23740000000000006,2026-05-29,157,107,142,False
2025-12-24,2026,1.8078999999999998,1.7989,1.5377,1.768,0.3779999999999957,-9.672599999999997,10.050599999999992,0.23929999999999982,2026-05-29,156,106,143,False
2025-12-26,2026,1.827,1.7802,1.5253999999999999,1.7461000000000002,1.965599999999998,-9.269400000000015,11.235000000000014,0.26750000000000035,2026-05-29,154,105,144,False
2025-12-29,2026,1.9269999999999998,1.8792,1.6487,1.8605,2.0075999999999934,-8.8956,10.903199999999993,0.25959999999999983,2026-05-29,151,104,145,False
2025-12-30,2026,1.8983,1.8595,1.6155000000000002,1.8292,1.629600000000007,-8.97539999999999,10.604999999999997,0.25249999999999995,2026-05-29,150,103,146,False
2025-12-31,2026,1.8441999999999998,1.811,1.5737999999999999,1.7807,1.3943999999999956,-8.689800000000004,10.0842,0.24009999999999998,2026-05-29,149,102,147,False
2026-01-02,2026,1.8548,1.8349000000000002,1.591,1.8034000000000001,0.8357999999999919,-8.920800000000007,9.756599999999999,0.23229999999999998,2026-05-29,147,101,148,False
2026-01-05,2026,1.8500999999999999,1.8394,1.58,1.8016999999999999,0.44939999999999714,-9.311399999999992,9.760799999999989,0.23239999999999975,2026-05-29,144,100,149,False
2026-01-06,2026,1.8453,1.8189,1.5637999999999999,1.7897999999999998,1.1087999999999991,-9.491999999999999,10.600799999999998,0.25239999999999996,2026-05-29,143,99,150,False
2026-01-07,2026,1.8609,1.8216999999999999,1.5647,1.79,1.6464000000000052,-9.462600000000002,11.109000000000007,0.2645000000000002,2026-05-29,142,98,151,False
2026-01-08,2026,1.9137,1.8679,1.6240999999999999,1.8446,1.9236000000000026,-9.261000000000006,11.184600000000009,0.2663000000000002,2026-05-29,141,97,152,False
2026-01-09,2026,1.9036000000000002,1.8661,1.6227,1.8377000000000001,1.5750000000000037,-9.030000000000003,10.605000000000008,0.25250000000000017,2026-05-29,140,96,153,False
2026-01-12,2026,1.9233000000000002,1.8869999999999998,1.633,1.8517,1.5246000000000186,-9.185399999999996,10.710000000000015,0.25500000000000034,2026-05-29,137,95,154,False
2026-01-13,2026,1.9265,1.8951,1.6340000000000001,1.8588999999999998,1.318800000000004,-9.445799999999986,10.76459999999999,0.2562999999999998,2026-05-29,136,94,155,False
2026-01-14,2026,1.9504,1.9118000000000002,1.6669999999999998,1.8858000000000001,1.6211999999999893,-9.189600000000013,10.810800000000002,0.2574000000000001,2026-05-29,135,93,156,False
2026-01-15,2026,1.9628999999999999,1.9127,1.6606,1.8847,2.1083999999999916,-9.412199999999999,11.520599999999991,0.27429999999999977,2026-05-29,134,92,157,False
2026-01-16,2026,2.0073,1.9422,1.6866999999999999,1.9140000000000001,2.7341999999999973,-9.546600000000012,12.28080000000001,0.2924000000000002,2026-05-29,133,91,158,False
2026-01-20,2026,2.0032,1.9465999999999999,1.6913999999999998,1.9196,2.3772000000000086,-9.584400000000008,11.961600000000017,0.2848000000000004,2026-05-29,129,90,159,False
2026-01-21,2026,2.0203,1.9663,1.6963,1.9288999999999998,2.2680000000000113,-9.769199999999996,12.037200000000007,0.2866000000000002,2026-05-29,128,89,160,False
2026-01-22,2026,2.0338,1.9778,1.7228999999999999,1.9417,2.3519999999999928,-9.189600000000004,11.541599999999997,0.27479999999999993,2026-05-29,127,88,161,False
2026-01-23,2026,2.0522,1.979,1.7155,1.9357,3.074399999999997,-9.248399999999998,12.322799999999996,0.2933999999999999,2026-05-29,126,87,162,False
2026-01-26,2026,2.0178,1.956,1.6677000000000002,1.8988,2.595599999999994,-9.706199999999994,12.301799999999988,0.2928999999999997,2026-05-29,123,86,163,False
2026-01-27,2026,1.9911,1.9487999999999999,1.6744999999999999,1.8961000000000001,1.7766000000000095,-9.30720000000001,11.08380000000002,0.26390000000000047,2026-05-29,122,85,164,False
2026-01-28,2026,2.025,1.9909999999999999,1.7112,1.9339,1.4280000000000013,-9.353399999999995,10.781399999999996,0.25669999999999993,2026-05-29,121,84,165,False
2026-01-29,2026,2.0103999999999997,1.9705000000000001,1.7122,1.933,1.6757999999999833,-9.273600000000005,10.949399999999988,0.2606999999999997,2026-05-29,120,83,166,False
2026-01-30,2026,2.057,2.0284,1.7594999999999998,1.9906,1.2011999999999983,-9.706200000000003,10.9074,0.25970000000000004,2026-05-29,119,82,167,False
2026-02-02,2026,2.0149,1.9938,1.7144,1.9526,0.8861999999999957,-10.004399999999999,10.890599999999994,0.25929999999999986,2026-05-29,116,81,168,False
2026-02-03,2026,1.9816999999999998,1.9613999999999998,1.6654,1.9,0.8525999999999994,-9.853199999999998,10.705799999999996,0.2548999999999999,2026-05-29,115,80,169,False
2026-02-04,2026,1.9513999999999998,1.9322,1.6366,1.8717,0.8063999999999951,-9.874199999999995,10.68059999999999,0.25429999999999975,2026-05-29,114,79,170,False
2026-02-05,2026,1.9480000000000002,1.9306999999999999,1.6436000000000002,1.8743,0.7266000000000132,-9.689399999999996,10.41600000000001,0.24800000000000022,2026-05-29,113,78,171,False
2026-02-06,2026,1.9447999999999999,1.9180000000000001,1.6181999999999999,1.8502,1.125599999999988,-9.744000000000009,10.869599999999997,0.2587999999999999,2026-05-29,112,77,172,False
2026-02-09,2026,1.9241,1.9231,1.6047,1.8433000000000002,0.041999999999995374,-10.021200000000006,10.063200000000002,0.23960000000000004,2026-05-29,109,76,173,False
2026-02-10,2026,1.8774000000000002,1.8747999999999998,1.5366,1.7663,0.10920000000001595,-9.647400000000001,9.756600000000017,0.2323000000000004,2026-05-29,108,75,174,False
2026-02-11,2026,1.8008000000000002,1.8031,1.4603,1.6922,-0.09659999999998936,-9.739799999999999,9.643200000000009,0.22960000000000022,2026-05-29,107,74,175,False
2026-02-12,2026,1.7611,1.7572,1.3998,1.6384,0.1638000000000006,-10.021200000000006,10.185000000000006,0.24250000000000013,2026-05-29,106,73,176,False
2026-02-13,2026,1.7564,1.7622,1.4172,1.6491,-0.24360000000000115,-9.739799999999999,9.496199999999998,0.22609999999999997,2026-05-29,105,72,177,False
2026-02-17,2026,1.7759,1.7808000000000002,1.4468,1.6798,-0.2058000000000053,-9.785999999999994,9.580199999999989,0.22809999999999975,2026-05-29,101,71,178,False
2026-02-18,2026,1.7807,1.7847,1.4347,1.6731,-0.16800000000000015,-10.012799999999999,9.8448,0.2344,2026-05-29,100,70,179,False
2026-02-19,2026,1.7575999999999998,1.7703,1.4184999999999999,1.6675,-0.5334000000000065,-10.458000000000006,9.924599999999998,0.23629999999999995,2026-05-29,99,69,180,False
2026-02-20,2026,1.7838,1.8005000000000002,1.4542,1.7049,-0.7014000000000067,-10.529400000000006,9.828,0.23399999999999999,2026-05-29,98,68,181,False
2026-02-23,2026,1.7852000000000001,1.8077,1.4712,1.7167,-0.9449999999999985,-10.310999999999993,9.365999999999994,0.22299999999999986,2026-05-29,95,67,182,False
2026-02-24,2026,1.8049000000000002,1.8295,1.4972,1.7449000000000001,-1.0331999999999888,-10.403400000000001,9.370200000000013,0.2231000000000003,2026-05-29,94,66,183,False
2026-02-25,2026,1.726,1.7643,1.4281,1.6857,-1.6086,-10.819200000000002,9.210600000000003,0.21930000000000008,2026-05-29,93,65,184,False
2026-02-26,2026,1.6996,1.76,1.4309,1.6987999999999999,-2.5368000000000004,-11.251799999999992,8.714999999999993,0.20749999999999982,2026-05-29,92,64,185,False
2026-02-27,2026,1.7153999999999998,1.7628,1.4364,1.7008,-1.9908000000000046,-11.104800000000008,9.114000000000004,0.2170000000000001,2026-05-29,91,63,186,False
2026-03-02,2026,1.6552,1.7077,1.3725,1.6415,-2.2049999999999996,-11.297999999999996,9.092999999999996,0.21649999999999991,2026-05-29,88,62,187,False
2026-03-03,2026,1.6486,1.6841,1.3618000000000001,1.6297,-1.4909999999999943,-11.251799999999992,9.760799999999998,0.23239999999999994,2026-05-29,87,61,188,False
2026-03-04,2026,1.6549,1.6924000000000001,1.3700999999999999,1.6355000000000002,-1.5750000000000037,-11.146800000000013,9.57180000000001,0.22790000000000024,2026-05-29,86,60,189,False
2026-03-05,2026,1.6599000000000002,1.6898,1.3941,1.6493,-1.2557999999999923,-10.718400000000004,9.462600000000013,0.2253000000000003,2026-05-29,85,59,190,False
2026-03-06,2026,1.6459000000000001,1.6849,1.3598,1.6187,-1.6379999999999968,-10.873800000000006,9.23580000000001,0.21990000000000023,2026-05-29,84,58,191,False
2026-03-09,2026,1.6784000000000001,1.6939,1.3573,1.6116,-0.6509999999999936,-10.680599999999998,10.029600000000006,0.23880000000000012,2026-05-29,81,57,192,False
2026-03-10,2026,1.6998,1.712,1.3994,1.6475,-0.5123999999999995,-10.4202,9.9078,0.2359,2026-05-29,80,56,193,False
2026-03-11,2026,1.7355,1.746,1.4491999999999998,1.6916,-0.44099999999999806,-10.180800000000007,9.73980000000001,0.23190000000000022,2026-05-29,79,55,194,False
2026-03-12,2026,1.7512,1.7522,1.4627000000000001,1.7033,-0.041999999999995374,-10.105199999999996,10.063200000000002,0.23960000000000004,2026-05-29,78,54,195,False
2026-03-13,2026,1.7550999999999999,1.7782,1.4767,1.7221000000000002,-0.9702000000000051,-10.306800000000012,9.336600000000006,0.22230000000000014,2026-05-29,77,53,196,False
2026-03-16,2026,1.7838999999999998,1.7859,1.4915,1.7244,-0.0840000000000094,-9.781799999999995,9.697799999999987,0.2308999999999997,2026-05-29,74,52,197,False
2026-03-17,2026,1.7922,1.7909,1.4915,1.7166,0.05460000000000331,-9.454199999999993,9.508799999999997,0.22639999999999993,2026-05-29,73,51,198,False
2026-03-18,2026,1.7481,1.7478,1.4459,1.6683000000000001,0.012599999999998612,-9.340800000000007,9.353400000000006,0.22270000000000015,2026-05-29,72,50,199,False
2026-03-19,2026,1.7347,1.7386000000000001,1.4186,1.6388,-0.16380000000000994,-9.248399999999998,9.084599999999988,0.21629999999999971,2026-05-29,71,49,200,False
2026-03-20,2026,1.8,1.7941999999999998,1.47,1.6903,0.24360000000001047,-9.252599999999997,9.496200000000009,0.22610000000000022,2026-05-29,70,48,201,False
2026-03-23,2026,1.8414,1.827,1.4999,1.7113999999999998,0.6047999999999987,-8.882999999999992,9.487799999999991,0.2258999999999998,2026-05-29,67,47,202,False
2026-03-24,2026,1.8729,1.8791,1.5394999999999999,1.7483000000000002,-0.2603999999999993,-8.769600000000013,8.509200000000014,0.20260000000000034,2026-05-29,66,46,203,False
2026-03-25,2026,1.851,1.8506,1.5246000000000002,1.7299,0.01679999999999815,-8.622599999999991,8.63939999999999,0.20569999999999974,2026-05-29,65,45,204,False
2026-03-26,2026,1.8906999999999998,1.8724,1.5541,1.7590999999999999,0.76859999999999,-8.609999999999994,9.378599999999985,0.22329999999999964,2026-05-29,64,44,205,False
2026-03-27,2026,1.9122,1.9025999999999998,1.5838999999999999,1.7851,0.4032000000000022,-8.450400000000002,8.853600000000004,0.2108000000000001,2026-05-29,63,43,206,False
2026-03-30,2026,1.9437,1.9335,1.6232,1.8286000000000002,0.42839999999999945,-8.62680000000001,9.05520000000001,0.21560000000000024,2026-05-29,60,42,207,False
2026-03-31,2026,1.9445,1.9231,1.6037000000000001,1.8063,0.8987999999999943,-8.509199999999996,9.40799999999999,0.22399999999999978,2026-05-29,59,41,208,False
2026-04-01,2026,1.9398,1.9193,1.5907,1.7977,0.8609999999999984,-8.694000000000003,9.555000000000001,0.22750000000000004,2026-05-29,58,40,209,False
2026-04-02,2026,1.9969999999999999,1.9753999999999998,1.6359000000000001,1.8457,0.9072000000000027,-8.81159999999999,9.718799999999993,0.23139999999999983,2026-05-29,57,39,210,False
2026-04-06,2026,1.9674,1.9396,1.6208,1.8291,1.167600000000002,-8.748599999999996,9.916199999999998,0.23609999999999995,2026-05-29,53,38,211,False
2026-04-07,2026,1.9403,1.9218000000000002,1.6057,1.8203,0.776999999999989,-9.013200000000005,9.790199999999993,0.23309999999999984,2026-05-29,52,37,212,False
2026-04-08,2026,1.9599000000000002,1.945,1.6657,1.8675,0.6258000000000057,-8.4756,9.101400000000005,0.21670000000000011,2026-05-29,51,36,213,False
2026-04-09,2026,1.9522,1.9180000000000001,1.6308,1.8278,1.436399999999991,-8.274000000000003,9.710399999999993,0.23119999999999982,2026-05-29,50,35,214,False
2026-04-10,2026,1.929,1.8862,1.6074000000000002,1.7982,1.7975999999999979,-8.013599999999993,9.81119999999999,0.23359999999999978,2026-05-29,49,34,215,False
2026-04-13,2026,1.9609999999999999,1.9146,1.6440000000000001,1.8376,1.9487999999999905,-8.13119999999999,10.07999999999998,0.23999999999999955,2026-05-29,46,33,216,False
2026-04-14,2026,1.9325,1.8899000000000001,1.6231,1.8175,1.7891999999999988,-8.164799999999996,9.953999999999995,0.23699999999999988,2026-05-29,45,32,217,False
2026-04-15,2026,1.9613,1.9359,1.6496000000000002,1.851,1.0668000000000037,-8.458799999999991,9.525599999999995,0.2267999999999999,2026-05-29,44,31,218,False
2026-04-16,2026,1.8976,1.8954,1.5804,1.7938,0.09239999999999915,-8.962800000000001,9.055200000000001,0.2156,2026-05-29,43,30,219,False
2026-04-17,2026,1.9158000000000002,1.9187,1.5913,1.8131,-0.12179999999999591,-9.3156,9.193800000000003,0.21890000000000007,2026-05-29,42,29,220,False
2026-04-20,2026,1.9668999999999999,1.9582,1.6293,1.8530000000000002,0.36539999999999706,-9.39540000000001,9.760800000000007,0.23240000000000016,2026-05-29,39,28,221,False
2026-04-21,2026,1.9994999999999998,1.9709,1.6501,1.8677000000000001,1.201199999999989,-9.13920000000001,10.340399999999999,0.24619999999999997,2026-05-29,38,27,222,False
2026-04-22,2026,1.9887000000000001,1.9759,1.6316,1.8636000000000001,0.5376000000000061,-9.744000000000009,10.281600000000015,0.24480000000000035,2026-05-29,37,26,223,False
2026-04-23,2026,1.993,1.9818,1.6263999999999998,1.8573,0.47040000000000415,-9.697800000000004,10.16820000000001,0.24210000000000023,2026-05-29,36,25,224,False
2026-04-24,2026,2.0072,2.0131,1.661,1.8934,-0.2478000000000007,-9.760799999999998,9.512999999999998,0.22649999999999995,2026-05-29,35,24,225,False
2026-04-27,2026,2.0040999999999998,2.0069999999999997,1.6815,1.9121000000000001,-0.12179999999999591,-9.685200000000005,9.563400000000009,0.2277000000000002,2026-05-29,32,23,226,False
2026-04-28,2026,2.016,2.0147999999999997,1.6874,1.912,0.0504000000000131,-9.433199999999996,9.48360000000001,0.22580000000000022,2026-05-29,31,22,227,False
2026-04-29,2026,2.048,2.0468,1.7265000000000001,1.9450999999999998,0.05039999999999445,-9.181199999999986,9.23159999999998,0.21979999999999955,2026-05-29,30,21,228,False
2026-04-30,2026,2.0795,2.0742,1.76,1.9725,0.22260000000000346,-8.924999999999997,9.1476,0.21780000000000002,2026-05-29,29,20,229,False
2026-05-01,2026,2.0523,2.0713,1.7678,1.9835,-0.7980000000000054,-9.0594,8.261399999999995,0.19669999999999987,2026-05-29,28,19,230,False
2026-05-04,2026,2.0962,2.1216999999999997,1.8378999999999999,2.0446,-1.0709999999999846,-8.681400000000004,7.610400000000019,0.18120000000000044,2026-05-29,25,18,231,False
2026-05-05,2026,2.0927000000000002,2.1171,1.8045,2.0158,-1.024799999999999,-8.874600000000001,7.849800000000002,0.18690000000000004,2026-05-29,24,17,232,False
2026-05-06,2026,2.0899,2.1303,1.8033000000000001,2.0219,-1.6967999999999996,-9.181199999999997,7.484399999999997,0.17819999999999994,2026-05-29,23,16,233,False
2026-05-07,2026,2.0785,2.1228,1.7890000000000001,2.0122999999999998,-1.860599999999991,-9.378599999999985,7.517999999999994,0.17899999999999985,2026-05-29,22,15,234,False
2026-05-08,2026,2.0909,2.1131,1.796,2.0018000000000002,-0.9324000000000092,-8.643600000000008,7.711199999999999,0.18359999999999999,2026-05-29,21,14,235,False
2026-05-11,2026,2.1399,2.1395,1.8414,2.0378,0.01679999999999815,-8.248799999999996,8.265599999999994,0.19679999999999986,2026-05-29,18,13,236,False
2026-05-12,2026,2.0991,2.0888999999999998,1.7925,1.9929,0.4284000000000088,-8.416799999999997,8.845200000000006,0.21060000000000012,2026-05-29,17,12,237,False
2026-05-13,2026,2.0421,2.0287,1.7527000000000001,1.9596,0.562799999999994,-8.689799999999995,9.252599999999989,0.22029999999999972,2026-05-29,16,11,238,False
2026-05-14,2026,2.0566999999999998,2.0328999999999997,1.7604,1.973,0.9996000000000018,-8.929200000000005,9.928800000000006,0.23640000000000014,2026-05-29,15,10,239,False
2026-05-15,2026,2.0829,2.0564,1.7844,1.9912,1.1129999999999987,-8.685600000000004,9.798600000000004,0.2333000000000001,2026-05-29,14,9,240,False
2026-05-18,2026,2.0409,2.0109,1.7511,1.955,1.2600000000000104,-8.563799999999999,9.82380000000001,0.23390000000000022,2026-05-29,11,8,241,False
2026-05-19,2026,2.0791999999999997,2.0473,1.7687,1.975,1.3397999999999923,-8.664600000000007,10.0044,0.23820000000000002,2026-05-29,10,7,242,False
2026-05-20,2026,2.0968,2.0616,1.7883000000000002,1.9908000000000001,1.478400000000005,-8.504999999999995,9.9834,0.2377,2026-05-29,9,6,243,False
2026-05-21,2026,2.0772999999999997,2.0454,1.7666,1.974,1.3397999999999923,-8.7108,10.050599999999992,0.23929999999999982,2026-05-29,8,5,244,False
2026-05-22,2026,2.1395,2.1123,1.8226,2.0374,1.1424000000000047,-9.021599999999996,10.164000000000001,0.24200000000000005,2026-05-29,7,4,245,False
2026-05-26,2026,2.1752000000000002,2.1429,1.8538,2.0606,1.3566000000000091,-8.685600000000004,10.042200000000014,0.2391000000000003,2026-05-29,3,3,246,False
2026-05-27,2026,2.1667,2.135,1.8288,2.0497,1.331400000000012,-9.277800000000004,10.609200000000016,0.2526000000000004,2026-05-29,2,2,247,False
2026-05-28,2026,2.2009,2.1705,1.8929,2.1124,1.27679999999999,-9.219000000000001,10.495799999999992,0.24989999999999982,2026-05-29,1,1,248,False
2026-05-29,2026,2.1898,2.165,1.8774000000000002,2.0978,1.0415999999999972,-9.256799999999988,10.298399999999985,0.24519999999999964,2026-05-29,0,0,249,False
2026-06-01,2027,2.2328,2.202,2.03,2.1919,1.2936000000000067,-6.7998000000000065,8.093400000000013,0.19270000000000032,2026-09-22,113,78,0,True
2026-06-02,2027,2.2334,2.2021,2.0295,2.1907,1.314599999999995,-6.7704,8.084999999999996,0.1924999999999999,2026-09-22,112,77,1,True
2026-06-03,2027,2.2349,2.2012,2.0307,2.1886,1.4154000000000027,-6.631800000000006,8.047200000000009,0.19160000000000021,2026-09-22,111,76,2,True
2026-06-04,2027,2.2436000000000003,2.2066999999999997,2.0566999999999998,2.1971000000000003,1.5498000000000252,-5.896800000000022,7.446600000000047,0.17730000000000112,2026-09-22,110,75,3,True
2026-06-05,2027,2.2474000000000003,2.2171000000000003,2.0749,2.2161,1.2725999999999997,-5.9304,7.202999999999999,0.17149999999999999,2026-09-22,109,74,4,True
2026-06-08,2027,2.2119999999999997,2.2094,2.0413,2.1887,0.10919999999998797,-6.19079999999999,6.299999999999978,0.14999999999999947,2026-09-22,106,73,5,True
2026-06-09,2027,2.2144999999999997,2.2274000000000003,2.0452,2.2002,-0.5418000000000243,-6.5100000000000104,5.968199999999986,0.14209999999999967,2026-09-22,105,72,6,True
2026-06-10,2027,2.2265,2.249,2.0728,2.2265,-0.9449999999999985,-6.455400000000007,5.510400000000009,0.1312000000000002,2026-09-22,104,71,7,True
2026-06-11,2027,2.2555,2.2547,2.0796,2.2286,0.0335999999999963,-6.258000000000001,6.291599999999997,0.14979999999999993,2026-09-22,103,70,8,True
2026-06-12,2027,2.2577000000000003,2.2562,2.0638,2.2119999999999997,0.06300000000000239,-6.224399999999986,6.287399999999988,0.14969999999999972,2026-09-22,102,69,9,True
2026-06-15,2027,2.2231,2.2275,2.031,2.1885,-0.1847999999999983,-6.6149999999999896,6.430199999999991,0.1530999999999998,2026-09-22,99,68,10,True
2026-06-16,2027,2.1786000000000003,2.1885,1.9844,2.1546000000000003,-0.4157999999999822,-7.148400000000015,6.732600000000033,0.16030000000000078,2026-09-22,98,67,11,True
2026-06-17,2027,2.191,2.1971000000000003,1.9862,2.1601,-0.2562000000000184,-7.303799999999997,7.047599999999979,0.1677999999999995,2026-09-22,97,66,12,True
2026-06-18,2027,2.1936,2.1863,1.9757,2.1496,0.3065999999999942,-7.303799999999997,7.610399999999991,0.1811999999999998,2026-09-22,96,65,13,True
2026-06-22,2027,2.2207,2.2066,2.0094,2.1922,0.5922000000000001,-7.677600000000012,8.269800000000012,0.1969000000000003,2026-09-22,92,64,14,True
2026-06-23,2027,2.2621,2.2334,2.032,2.209,1.2054000000000071,-7.434000000000002,8.639400000000009,0.20570000000000022,2026-09-22,91,63,15,True
2026-06-24,2027,2.2074000000000003,2.1844,1.9719,2.1558,0.9660000000000055,-7.723800000000008,8.689800000000012,0.2069000000000003,2026-09-22,90,62,16,True
2026-06-25,2027,2.2159,2.2041999999999997,1.9953,2.1797,0.49140000000001116,-7.744799999999996,8.236200000000007,0.19610000000000016,2026-09-22,89,61,17,True
2026-06-26,2027,2.1863,2.1702,1.9449,2.1238,0.6762000000000095,-7.5138000000000025,8.190000000000012,0.19500000000000028,2026-09-22,88,60,18,True
2026-06-29,2027,2.1516,2.1733000000000002,1.9474,2.1393,-0.9114000000000022,-8.0598,7.148399999999997,0.17019999999999993,2026-09-22,85,59,19,True
2026-06-30,2027,2.1752000000000002,2.1956,1.9844,2.1707,-0.8567999999999989,-7.8246000000000056,6.967800000000007,0.16590000000000016,2026-09-22,84,58,20,True
2026-07-01,2027,2.1719,2.197,1.9674,2.1614,-1.0542000000000051,-8.147999999999998,7.093799999999993,0.16889999999999983,2026-09-22,83,57,21,True
2026-07-02,2027,2.1848,2.2216,1.9719,2.1663,-1.5455999999999976,-8.164800000000005,6.619200000000007,0.15760000000000018,2026-09-22,82,56,22,True
2026-07-06,2027,2.2331,2.25,1.994,2.1929,-0.7098000000000058,-8.353799999999994,7.643999999999989,0.18199999999999972,2026-09-22,78,55,23,True
2026-07-07,2027,2.2121,2.231,1.9847,2.1829,-0.7937999999999965,-8.324400000000006,7.5306000000000095,0.17930000000000024,2026-09-22,77,54,24,True
2026-07-08,2027,2.1914,2.2066,1.9521000000000002,2.1437,-0.6384000000000043,-8.04719999999999,7.408799999999985,0.17639999999999964,2026-09-22,76,53,25,True
2026-07-09,2027,2.2111,2.2157,1.9588999999999999,2.1479,-0.19319999999999737,-7.938000000000002,7.744800000000005,0.18440000000000012,2026-09-22,75,52,26,True
2026-07-10,2027,2.1437,2.1683000000000003,1.9093,2.0991999999999997,-1.0332000000000168,-7.975799999999989,6.942599999999972,0.16529999999999934,2026-09-22,74,51,27,True
2026-07-13,2027,2.1214,2.1416,1.8932,2.0842,-0.8483999999999998,-8.022000000000002,7.173600000000002,0.17080000000000006,2026-09-22,71,50,28,True
2026-07-14,2027,2.0732,2.1022,1.8438999999999999,2.0369,-1.2179999999999964,-8.106000000000012,6.888000000000016,0.16400000000000037,2026-09-22,70,49,29,True
2026-07-15,2027,2.0956,2.1324,1.8843,2.0753,-1.5455999999999976,-8.021999999999993,6.4763999999999955,0.1541999999999999,2026-09-22,69,48,30,True
2026-07-16,2027,2.0853,2.1111,1.8947999999999998,2.0854,-1.0835999999999926,-8.005200000000004,6.921600000000011,0.16480000000000028,2026-09-22,68,47,31,True
2026-07-17,2027,2.0850999999999997,2.1087000000000002,1.8966,2.0787,-0.9912000000000214,-7.6481999999999974,6.656999999999976,0.15849999999999942,2026-09-22,67,46,32,True
2026-07-20,2027,2.0563,2.0938,1.8766999999999998,2.0551,-1.5750000000000037,-7.492800000000004,5.917800000000001,0.14090000000000003,2026-09-22,64,45,33,True
2026-07-21,2027,2.0525,2.0805000000000002,1.8647,2.0457,-1.176000000000001,-7.602000000000002,6.426000000000001,0.15300000000000002,2026-09-22,63,44,34,True
2026-07-22,2027,2.0328,2.0386,1.8227000000000002,1.9936,-0.24360000000001047,-7.177799999999992,6.934199999999982,0.16509999999999958,2026-09-22,62,43,35,True
2026-07-23,2027,1.9663,1.9809,1.7544,1.9294,-0.6132000000000071,-7.350000000000001,6.736799999999994,0.16039999999999988,2026-09-22,61,42,36,True
2026-07-24,2027,1.9716,1.9847,1.7615,1.9269999999999998,-0.5501999999999954,-6.95099999999999,6.400799999999995,0.15239999999999987,2026-09-22,60,41,37,True
2026-07-27,2027,2.0091,2.0258000000000003,1.8092,1.9741,-0.7014000000000067,-6.925800000000002,6.224399999999996,0.1481999999999999,2026-09-22,57,40,38,True
2026-07-28,2027,1.9853,2.0019,1.7516999999999998,1.9302000000000001,-0.6971999999999978,-7.497000000000014,6.799800000000016,0.16190000000000038,2026-09-22,56,39,39,True
2026-07-29,2027,2.0284999999999997,2.0492,1.8086000000000002,1.9850999999999999,-0.8694000000000068,-7.412999999999986,6.543599999999979,0.1557999999999995,2026-09-22,55,38,40,True
2026-07-30,2027,2.0361000000000002,2.0678,1.8273,2.0024,-1.3313999999999933,-7.354200000000011,6.022800000000018,0.14340000000000042,2026-09-22,54,37,41,True
2026-07-31,2027,2.0191,2.0340000000000003,1.8049000000000002,1.9699,-0.625800000000015,-6.929999999999993,6.304199999999978,0.15009999999999946,2026-09-22,53,36,42,True
2026-08-03,2027,2.0247,2.0331,1.807,1.9668999999999999,-0.35279999999999845,-6.715799999999997,6.362999999999999,0.15149999999999997,2026-09-22,50,35,43,True
2026-08-04,2027,2.0815,2.0803,1.8753,2.0322,0.0504000000000131,-6.589800000000002,6.640200000000015,0.15810000000000035,2026-09-22,49,34,44,True
2026-08-05,2027,2.103,2.1103,1.9172,2.0768,-0.3065999999999942,-6.703199999999999,6.396600000000005,0.1523000000000001,2026-09-22,48,33,45,True
2026-08-06,2027,2.0828,2.084,1.8840999999999999,2.0441,-0.05039999999999445,-6.719999999999997,6.669600000000003,0.15880000000000005,2026-09-22,47,32,46,True
2026-08-07,2027,2.0501,2.0556,1.8548,2.0151,-0.23100000000000254,-6.732599999999995,6.501599999999993,0.15479999999999983,2026-09-22,46,31,47,True
2026-08-10,2027,2.0083,2.0313999999999997,1.8304,1.9966,-0.9701999999999771,-6.980399999999996,6.010200000000019,0.14310000000000045,2026-09-22,43,30,48,True
2026-08-11,2027,2.0747,2.0947999999999998,1.8969,2.0608,-0.844199999999991,-6.883799999999997,6.039600000000006,0.14380000000000015,2026-09-22,42,29,49,True
2026-08-12,2027,2.0782,2.0937,1.8984,2.0583,-0.6510000000000122,-6.715799999999997,6.064799999999985,0.14439999999999964,2026-09-22,41,28,50,True
2026-08-13,2027,2.0878,2.1125,1.9093,2.0741,-1.0373999999999883,-6.921600000000002,5.884200000000014,0.14010000000000034,2026-09-22,40,27,51,True
2026-08-14,2027,2.1055,2.1219,1.9193,2.0806999999999998,-0.6887999999999987,-6.77879999999999,6.089999999999991,0.1449999999999998,2026-09-22,39,26,52,True
2026-08-17,2027,2.115,2.1322,1.9279,2.0934,-0.722399999999995,-6.950999999999999,6.228600000000004,0.1483000000000001,2026-09-22,36,25,53,True
2026-08-18,2027,2.1212999999999997,2.1503,1.9419,2.1064,-1.218000000000015,-6.9089999999999945,5.690999999999979,0.1354999999999995,2026-09-22,35,24,54,True
2026-08-19,2027,2.1193,2.1391999999999998,1.9538,2.1078,-0.8357999999999919,-6.468000000000005,5.632200000000013,0.13410000000000033,2026-09-22,34,23,55,True
2026-08-20,2027,2.1163,2.1297,1.9379,2.0853,-0.5628000000000126,-6.190800000000008,5.627999999999996,0.1339999999999999,2026-09-22,33,22,56,True
2026-08-21,2027,2.0819,2.0962,1.8916,2.0341,-0.6005999999999991,-5.985000000000003,5.384400000000004,0.1282000000000001,2026-09-22,32,21,57,True
2026-08-24,2027,2.0947,2.0966,1.8916,2.0281000000000002,-0.07980000000000054,-5.733000000000012,5.6532000000000115,0.13460000000000027,2026-09-22,29,20,58,True
2026-08-25,2027,2.0693,2.0856,1.8658000000000001,2.0082,-0.6845999999999899,-5.980799999999994,5.296200000000004,0.1261000000000001,2026-09-22,28,19,59,True
2026-08-26,2027,2.117,2.1209000000000002,1.9074,2.0384,-0.16380000000000994,-5.5020000000000095,5.3382,0.1271,2026-09-22,27,18,60,True
2026-08-27,2027,2.1385,2.1329,1.955,2.0797,0.2352000000000114,-5.237399999999992,5.4726000000000035,0.13030000000000008,2026-09-22,26,17,61,True
2026-08-28,2027,2.2037999999999998,2.1865,2.0051,2.1202,0.7265999999999853,-4.834199999999999,5.560799999999984,0.13239999999999963,2026-09-22,25,16,62,True
2026-08-31,2027,2.2444,2.2332,2.0434,2.1659,0.47040000000000415,-5.145000000000002,5.615400000000006,0.13370000000000015,2026-09-22,22,15,63,True
2026-09-01,2027,2.2895,2.2695,2.0873,2.2126,0.8400000000000007,-5.262600000000008,6.102600000000009,0.1453000000000002,2026-09-22,21,14,64,True
2026-09-02,2027,2.2749,2.2775,2.1061,2.2494,-0.10919999999998797,-6.018599999999999,5.909400000000011,0.14070000000000027,2026-09-22,20,13,65,True
2026-09-03,2027,2.2224,2.2264,2.0629,2.2062,-0.16800000000000015,-6.018599999999999,5.850599999999999,0.13929999999999998,2026-09-22,19,12,66,True
2026-09-04,2027,2.2208,2.2123,2.0272,2.1808,0.3570000000000073,-6.451199999999998,6.808200000000006,0.16210000000000013,2026-09-22,18,11,67,True
2026-09-08,2027,2.1931,2.2025,1.9908000000000001,2.162,-0.3948000000000125,-7.1903999999999915,6.795599999999979,0.1617999999999995,2026-09-22,14,10,68,True
2026-09-09,2027,2.149,2.1903,1.9912999999999998,2.1574,-1.7346000000000048,-6.976200000000006,5.241600000000001,0.12480000000000002,2026-09-22,13,9,69,True
2026-09-10,2027,2.1814,2.2216,2.0116,2.1943,-1.6884000000000006,-7.6734000000000036,5.985000000000003,0.14250000000000007,2026-09-22,12,8,70,True
2026-09-11,2027,2.226,2.2644,2.0781,2.2593,-1.612800000000009,-7.610400000000001,5.997599999999992,0.14279999999999982,2026-09-22,11,7,71,True
2026-09-14,2027,2.2408,2.2911,2.0943,2.2797,-2.1126000000000005,-7.7868,5.6742,0.1351,2026-09-22,8,6,72,True
2026-09-15,2027,2.2188,2.2812,2.0826,2.2769,-2.62080000000001,-8.160600000000006,5.539799999999996,0.1318999999999999,2026-09-22,7,5,73,True
2026-09-16,2027,2.2259,2.2832,2.0863,2.2792,-2.4065999999999867,-8.101799999999994,5.695200000000007,0.13560000000000016,2026-09-22,6,4,74,True
2026-09-17,2027,2.1503,2.1971000000000003,2.0287,2.2163,-1.9656000000000073,-7.87919999999999,5.913599999999983,0.1407999999999996,2026-09-22,5,3,75,True
2026-09-18,2027,2.1366,2.1861,2.0147,2.2037,-2.079000000000004,-7.938000000000002,5.858999999999998,0.13949999999999996,2026-09-22,4,2,76,True
2026-09-21,2027,2.1465,2.1872,2.0102,2.2054,-1.709399999999989,-8.198399999999992,6.489000000000003,0.15450000000000008,2026-09-22,1,1,77,True
2026-09-22,2027,2.1567,2.207,2.024,2.2257,-2.1126000000000005,-8.47139999999999,6.35879999999999,0.15139999999999976,2026-09-22,0,0,78,True
