date,vintage,rb_jun,ho_jun,rb_dec,ho_dec,spread_bbl
2012-06-01,2013,3.0326999999999997,2.8945,2.889,2.9545,8.555399999999999
2012-06-04,2013,3.1033999999999997,2.963,2.9558999999999997,3.0147000000000004,8.366400000000011
2012-06-05,2013,3.1501,3.0120999999999998,3.0183,3.0811,8.433600000000023
2012-06-06,2013,3.137,3.0237,3.0153,3.0927999999999995,8.013599999999993
2012-06-07,2013,3.1283999999999996,3.0183999999999997,3.0186,3.0963,7.88339999999998
2012-06-08,2013,3.1801999999999997,3.057,3.0495,3.1294999999999997,8.534399999999973
2012-06-11,2013,3.1192,2.9983999999999997,2.9995,3.083,8.580600000000034
2012-06-12,2013,3.0564999999999998,2.9289,2.9301,3.0117000000000003,8.786400000000002
2012-06-13,2013,3.0178,2.8831,2.8638,2.9387,8.803199999999983
2012-06-14,2013,2.9783,2.8404000000000003,2.8301999999999996,2.8983,8.651999999999997
2012-06-15,2013,2.983,2.8444,2.8501,2.9112999999999998,8.391600000000007
2012-06-18,2013,2.9677999999999995,2.8348,2.8494,2.9066,7.988399999999978
2012-06-19,2013,2.9811,2.8574,2.8606,2.9288,8.0598
2012-06-20,2013,2.9461,2.8415,2.8482,2.9221,7.497000000000004
2012-06-21,2013,2.9608999999999996,2.8613,2.8750999999999998,2.9493,7.299599999999998
2012-06-22,2013,2.9607,2.8618,2.8718,2.9449,7.224000000000006
2012-06-25,2013,2.9295,2.8301999999999996,2.844,2.9227999999999996,7.480200000000006
2012-06-26,2013,2.8727,2.7847000000000004,2.7555,2.8480000000000003,7.580999999999995
2012-06-27,2013,2.8150999999999997,2.7344,2.6830000000000003,2.7841000000000005,7.635599999999998
2012-06-28,2013,2.7958,2.7154000000000003,2.6254000000000004,2.7321,7.8581999999999645
2012-06-29,2013,2.8063,2.741,2.642,2.7497000000000003,7.266000000000002
2012-07-02,2013,2.7722,2.7176,2.6129000000000002,2.722,6.875399999999998
2012-07-03,2013,2.7683999999999997,2.7239999999999998,2.6082,2.7213,6.6149999999999896
2012-07-05,2013,2.7802999999999995,2.7152,2.61,2.7201999999999997,7.362599999999982
2012-07-06,2013,2.7568,2.6919,2.5683,2.6762,7.257600000000021
2012-07-09,2013,2.8037,2.7425,2.6475999999999997,2.7544999999999997,7.0601999999999965
2012-07-10,2013,2.8007999999999997,2.75,2.6663,2.7701,6.493199999999975
2012-07-11,2013,2.8407,2.7702,2.6842,2.7885000000000004,7.341600000000012
2012-07-12,2013,2.8555,2.8051999999999997,2.7174,2.8138,6.161400000000021
2012-07-13,2013,2.8567,2.8062,2.7281999999999997,2.8257,6.2160000000000055
2012-07-16,2013,2.8468999999999998,2.8133999999999997,2.7393,2.8421,5.724599999999994
2012-07-17,2013,2.8894,2.8456,2.7678,2.8665,5.985000000000003
2012-07-18,2013,2.8705000000000003,2.847,2.7705,2.8672000000000004,5.048400000000022
2012-07-19,2013,2.9084,2.8869,2.7987,2.8975999999999997,5.056799999999984
2012-07-20,2013,2.9412000000000003,2.8885,2.8349,2.9208,5.821199999999993
2012-07-23,2013,2.9652999999999996,2.9067000000000003,2.8413999999999997,2.93,6.182399999999991
2012-07-24,2013,2.9196,2.8787000000000003,2.8113,2.8945,5.212199999999976
2012-07-25,2013,2.9466,2.8841,2.8097000000000003,2.8857,5.816999999999984
2012-07-26,2013,2.9492000000000003,2.8866,2.8131,2.8909,5.896800000000003
2012-07-27,2013,2.9103,2.8723,2.793,2.8789999999999996,5.207999999999967
2012-07-30,2013,2.9488,2.9123,2.8406000000000002,2.9206,4.892999999999974
2012-07-31,2013,2.8697000000000004,2.8337,2.7439,2.8188999999999997,4.662000000000009
2012-08-01,2013,2.8594,2.8382,2.7396,2.8194,4.241999999999999
2012-08-02,2013,2.8786,2.8586,2.7727999999999997,2.845,3.872400000000021
2012-08-03,2013,2.8572,2.8161,2.7461,2.7988999999999997,3.9437999999999853
2012-08-06,2013,2.9043,2.8528,2.7973000000000003,2.8444,4.1411999999999916
2012-08-07,2013,2.8916000000000004,2.8284,2.7774,2.82,4.443600000000014
2012-08-08,2013,2.8815,2.8167,2.7537000000000003,2.8039,4.82999999999999
2012-08-09,2013,2.9285,2.86,2.806,2.861,5.187000000000016
2012-08-10,2013,2.9348,2.8758999999999997,2.8174,2.8725,4.788000000000014
2012-08-13,2013,2.9419,2.8657999999999997,2.8164999999999996,2.8689,5.39700000000003
2012-08-14,2013,2.951,2.8771,2.8305000000000002,2.8907,5.632199999999986
2012-08-15,2013,2.9613,2.8882,2.8438,2.9021,5.518800000000008
2012-08-16,2013,2.9651,2.8889,2.8243,2.8813,5.594399999999999
2012-08-17,2013,2.9568,2.8939,2.8369,2.8941000000000003,5.044200000000013
2012-08-20,2013,2.9452,2.8876,2.8137,2.8738,4.943400000000006
2012-08-21,2013,2.924,2.8611,2.784,2.843,5.119800000000005
2012-08-22,2013,2.9362,2.8560000000000003,2.7706999999999997,2.8204000000000002,5.455800000000005
2012-08-23,2013,2.9098,2.8451,2.739,2.7969999999999997,5.153400000000001
2012-08-24,2013,2.863,2.8122000000000003,2.7260000000000004,2.7901,4.825799999999963
2012-08-27,2013,2.8806,2.8160000000000003,2.7348000000000003,2.7999,5.447399999999969
2012-08-28,2013,2.9402999999999997,2.8657,2.7991,2.8543000000000003,5.4515999999999964
2012-08-29,2013,2.9276999999999997,2.8495999999999997,2.7906999999999997,2.8425,5.455800000000005
2012-08-30,2013,2.9399,2.8552999999999997,2.7966,2.8506,5.821200000000012
2012-08-31,2013,2.9443,2.8758,2.8074,2.8623000000000003,5.182800000000026
2012-09-04,2013,2.9361,2.8331,2.7769,2.8198000000000003,6.127800000000025
2012-09-05,2013,2.9153,2.8366000000000002,2.7813,2.8295,5.329799999999982
2012-09-06,2013,2.9399,2.845,2.8129000000000004,2.8564999999999996,5.8169999999999655
2012-09-07,2013,2.9655,2.8566000000000003,2.8249,2.8705000000000003,6.489000000000003
2012-09-10,2013,2.9457999999999998,2.8386,2.8166,2.8574,6.215999999999987
2012-09-11,2013,2.9532,2.8568000000000002,2.8388999999999998,2.8764,5.623799999999987
2012-09-12,2013,2.9451,2.862,2.8235,2.8676,5.34239999999999
2012-09-13,2013,2.9469,2.8685,2.8505000000000003,2.8808999999999996,4.569599999999963
2012-09-14,2013,2.9912,2.8952999999999998,2.8954000000000004,2.9187,5.0063999999999895
2012-09-17,2013,3.0016000000000003,2.9048000000000003,2.8974,2.9328,5.552399999999985
2012-09-18,2013,3.0043,2.9043,2.91,2.9457999999999998,5.703599999999987
2012-09-19,2013,3.0291,2.9326999999999996,2.9307,2.969,5.65740000000002
2012-09-20,2013,3.0186,2.9217,2.9337,2.9812,6.0648000000000035
2012-09-21,2013,2.9985000000000004,2.897,2.9027999999999996,2.9514,6.304200000000042
2012-09-24,2013,3.0351999999999997,2.9133,2.911,2.9488,6.707399999999979
2012-09-25,2013,3.0474,2.9347000000000003,2.923,2.9662,6.547799999999997
2012-09-26,2013,3.0446,2.9265,2.9393000000000002,2.9832,6.803999999999997
2012-09-27,2013,3.0317000000000003,2.9307,2.9307,2.9851,6.526800000000027
2012-09-28,2013,3.0056,2.9160000000000004,2.9156999999999997,2.9663999999999997,5.892599999999976
2012-10-01,2013,3.0258,2.9217,2.917,2.9632,6.312600000000004
2012-10-02,2013,3.0147000000000004,2.9173,2.9037,2.9547000000000003,6.232800000000022
2012-10-03,2013,3.0255,2.9185000000000003,2.9138,2.9577,6.337799999999983
2012-10-04,2013,3.0168,2.9268,2.9279,2.9725,5.653199999999993
2012-10-05,2013,3.0029000000000003,2.9198000000000004,2.9069,2.9512,5.3508000000000076
2012-10-08,2013,3.0236,2.9267000000000003,2.8868,2.9363,6.148799999999994
2012-10-09,2013,3.0436,2.9367,2.8899,2.9408,6.6275999999999975
2012-10-10,2013,3.0208,2.9298,2.8726,2.9281,6.153000000000003
2012-10-11,2013,3.0065,2.9048000000000003,2.8599,2.905,6.165599999999974
2012-10-12,2013,3.0614,2.9530000000000003,2.9086000000000003,2.947,6.165599999999974
2012-10-15,2013,3.0457,2.9562,2.9108,2.9526,5.514599999999999
2012-10-16,2013,3.045,2.9662,2.9202,2.9741000000000004,5.573400000000011
2012-10-17,2013,3.0862,2.9873000000000003,2.9530000000000003,2.9998,6.1193999999999695
2012-10-18,2013,3.1117000000000004,3.0069,2.9663,3.0101,6.241200000000021
2012-10-19,2013,3.1447000000000003,3.0452999999999997,3.0033,3.0488,6.085800000000029
2012-10-22,2013,3.1425,3.0232,2.9715,3.0057,6.447000000000008
2012-10-23,2013,3.1568,3.0312,2.9688,3.0098000000000003,6.997200000000013
2012-10-24,2013,3.1378,3.0143,2.9385000000000003,2.9867000000000004,7.2113999999999985
2012-10-25,2013,3.0776,2.9614,2.8994,2.9572000000000003,7.308000000000016
2012-10-26,2013,3.0351,2.9399,2.883,2.9397,6.379799999999997
2012-10-29,2013,3.015,2.9343,2.8749000000000002,2.9433,6.262199999999991
2012-10-30,2013,3.0277999999999996,2.9446,2.897,2.9586,6.081600000000002
2012-10-31,2013,3.0085,2.9062,2.8587000000000002,2.9202999999999997,6.883799999999979
2012-11-01,2013,3.0404,2.9391000000000003,2.9010000000000002,2.9638999999999998,6.896399999999968
2012-11-02,2013,3.0279000000000003,2.9454000000000002,2.9097000000000004,2.9767,6.278999999999989
2012-11-05,2013,3.029,2.9605,2.9044,2.9886,6.413399999999993
2012-11-06,2013,3.0214,2.9519,2.8952,2.9844999999999997,6.669599999999974
2012-11-07,2013,3.0055,2.9372000000000003,2.8872000000000004,2.9739,6.509999999999973
2012-11-08,2013,3.0063,2.9406,2.8938,2.9804000000000004,6.396600000000014
2012-11-09,2013,2.9887,2.917,2.8789,2.9637000000000002,6.5730000000000315
2012-11-12,2013,3.0004000000000004,2.9396,2.8945,2.9848000000000003,6.346200000000038
2012-11-13,2013,2.9223000000000003,2.8598000000000003,2.8032999999999997,2.8952,6.484800000000013
2012-11-14,2013,2.8567,2.8204000000000002,2.766,2.8663,5.737199999999984
2012-11-15,2013,2.8966000000000003,2.8404000000000003,2.7885000000000004,2.8785000000000003,6.140399999999995
2012-11-16,2013,2.9435000000000002,2.8928,2.8206,2.9103,5.896800000000003
2012-11-19,2013,2.9554,2.8906,2.8476999999999997,2.9252999999999996,5.980799999999994
2012-11-20,2013,2.9881,2.9291,2.8973,2.9755000000000003,5.762400000000018
2012-11-21,2013,2.9793000000000003,2.9282,2.8944,2.9742,5.497800000000019
2012-11-23,2013,3.0014999999999996,2.9638999999999998,2.9211,3.0088999999999997,5.2667999999999795
2012-11-26,2013,3.0181999999999998,2.9858,2.9271,3.0126999999999997,4.955999999999995
2012-11-27,2013,3.0214999999999996,2.9838,2.9238999999999997,3.012,5.283599999999996
2012-11-28,2013,3.0023,2.9758999999999998,2.9124,3.0120999999999998,5.296200000000004
2012-11-29,2013,2.9462,2.9232,2.8388,2.9522000000000004,5.728800000000022
2012-11-30,2013,2.9761,2.9331,2.8387000000000002,2.9517,6.552000000000006
2012-12-03,2013,2.9819999999999998,2.9259,2.8505000000000003,2.9532,6.669599999999974
2012-12-04,2013,2.9651,2.9082999999999997,2.8225,2.9243,6.661200000000031
2012-12-05,2013,2.9814999999999996,2.915,2.8064,2.9126,7.253399999999975
2012-12-06,2013,2.9597,2.8806,2.7771,2.8789999999999996,7.602000000000002
2012-12-07,2013,2.9856,2.9001,2.8229,2.9227999999999996,7.786799999999963
2012-12-10,2013,2.9976,2.9038999999999997,2.8234,2.9174,7.883400000000018
2012-12-11,2013,2.9711000000000003,2.8811,2.8119,2.9082,7.8246000000000056
2012-12-12,2013,2.9951999999999996,2.9112999999999998,2.8257,2.9272000000000005,7.786800000000019
2012-12-13,2013,2.9616000000000002,2.8836,2.7973000000000003,2.8956999999999997,7.408799999999986
2012-12-14,2013,2.9221,2.8616,2.7522,2.8575999999999997,6.967799999999969
2012-12-17,2013,2.9237,2.8612,2.7432999999999996,2.8491000000000004,7.068600000000033
2012-12-18,2013,2.92,2.8634,2.7718000000000003,2.8663,6.346199999999982
2012-12-19,2013,2.9356,2.866,2.7806,2.861,6.299999999999996
2012-12-20,2013,2.9392,2.8510000000000004,2.7574,2.8352,6.971999999999978
2012-12-21,2013,2.9314999999999998,2.8347,2.7426999999999997,2.8123,6.988799999999995
2012-12-24,2013,2.9568,2.8554000000000004,2.7681,2.8293,6.829199999999975
2012-12-26,2013,2.9825,2.8794,2.8027999999999995,2.8613,6.787200000000017
2012-12-27,2013,2.9488,2.8333999999999997,2.765,2.8204000000000002,7.173600000000012
2012-12-28,2013,2.9593000000000003,2.8492,2.7842000000000002,2.8377999999999997,6.8753999999999795
2012-12-31,2013,2.9661,2.8631,2.7913,2.8468,6.656999999999985
2013-01-02,2013,2.9208,2.8215,2.7487,2.802,6.409200000000003
2013-01-03,2013,2.9211,2.8411,2.765,2.8205,5.690999999999998
2013-01-04,2013,2.9139,2.8501999999999996,2.7744,2.8310000000000004,5.052600000000031
2013-01-07,2013,2.9104,2.8449,2.7719,2.8312,5.241600000000001
2013-01-08,2013,2.9068,2.83,2.7695,2.8243,5.527200000000007
2013-01-09,2013,2.8914999999999997,2.8226999999999998,2.7687,2.8238,5.203799999999996
2013-01-10,2013,2.8674,2.8076999999999996,2.7495,2.8079,4.960200000000023
2013-01-11,2013,2.8855,2.8172,2.7493,2.8160000000000003,5.67000000000001
2013-01-14,2013,2.9163,2.8248,2.7632999999999996,2.8305000000000002,6.665400000000021
2013-01-15,2013,2.8884,2.8106,2.7376,2.8097000000000003,6.295800000000006
2013-01-16,2013,2.8879,2.8152,2.7464,2.818,6.060600000000013
2013-01-17,2013,2.8059,2.7470999999999997,2.6591000000000005,2.7402999999999995,5.879999999999968
2013-01-18,2013,2.8569999999999998,2.7965,2.7017,2.7851,6.043799999999978
2013-01-22,2013,2.8720999999999997,2.8043,2.7011000000000003,2.7843999999999998,6.346199999999963
2013-01-23,2013,2.8789999999999996,2.7811000000000003,2.6861,2.7731,7.765799999999956
2013-01-24,2013,2.8971,2.8044,2.7070999999999996,2.7898,7.366800000000028
2013-01-25,2013,2.8491000000000004,2.77,2.6655,2.7539,7.034999999999999
2013-01-28,2013,2.8282,2.7602999999999995,2.6620999999999997,2.752,6.627600000000016
2013-01-29,2013,2.8076999999999996,2.7455000000000003,2.6456,2.733,6.2831999999999795
2013-01-30,2013,2.8283,2.7563999999999997,2.6568,2.7481,6.85440000000001
2013-01-31,2013,2.8294,2.7805,2.6612999999999998,2.762,6.283200000000017
2013-02-01,2013,2.8276,2.8002,2.6776999999999997,2.7861000000000002,5.703600000000025
2013-02-04,2013,2.8027999999999995,2.7818,2.6498000000000004,2.7554000000000003,5.317199999999974
2013-02-05,2013,2.79,2.7655000000000003,2.6399,2.7414,5.291999999999995
2013-02-06,2013,2.7992000000000004,2.7565,2.6372000000000004,2.7332,5.825400000000002
2013-02-07,2013,2.8026999999999997,2.7654,2.6338,2.7348000000000003,5.808600000000004
2013-02-08,2013,2.8404000000000003,2.8005,2.6694,2.7667,5.762400000000018
2013-02-11,2013,2.7848,2.752,2.6112,2.7117,5.598600000000008
2013-02-12,2013,2.7819,2.7508,2.6061,2.7037999999999998,5.409599999999982
2013-02-13,2013,2.8002,2.7435,2.6229,2.7019,5.699399999999997
2013-02-14,2013,2.8152,2.7411000000000003,2.6178,2.6919,6.224399999999986
2013-02-15,2013,2.8019,2.7332,2.5824000000000003,2.67,6.5645999999999765
2013-02-19,2013,2.7231,2.6647000000000003,2.5162999999999998,2.6019,6.048000000000005
2013-02-20,2013,2.772,2.7185,2.5685000000000002,2.6552,5.888399999999967
2013-02-21,2013,2.8344,2.766,2.6319999999999997,2.7138999999999998,6.312600000000004
2013-02-22,2013,2.8026,2.7399,2.5877,2.6763,6.3546
2013-02-25,2013,2.7895999999999996,2.7287,2.5748,2.6656,6.371399999999979
2013-02-26,2013,2.7533,2.6974,2.5453,2.6392,6.291599999999997
2013-02-27,2013,2.7591,2.7026999999999997,2.5633999999999997,2.6543,6.186600000000037
2013-02-28,2013,2.7481,2.6997000000000004,2.5625,2.6473,5.594399999999981
2013-03-01,2013,2.7522,2.6875999999999998,2.559,2.6341,5.867400000000016
2013-03-04,2013,2.7426,2.6637,2.5433000000000003,2.6164,6.383999999999987
2013-03-05,2013,2.7167000000000003,2.6452,2.5201,2.5980000000000003,6.274800000000036
2013-03-06,2013,2.7632,2.6732,2.5486,2.6169,6.648599999999986
2013-03-07,2013,2.7835,2.6904000000000003,2.5624000000000002,2.6336,6.900599999999977
2013-03-08,2013,2.7813999999999997,2.6972000000000005,2.5819,2.6515,6.45959999999996
2013-03-11,2013,2.7435,2.6674,2.5406999999999997,2.6092,6.073200000000003
2013-03-12,2013,2.758,2.6641000000000004,2.5436,2.6096,6.7157999999999785
2013-03-13,2013,2.7735000000000003,2.6807999999999996,2.5473,2.6211,6.993000000000041
2013-03-14,2013,2.7744,2.6887,2.5362,2.6112,6.749400000000012
2013-03-15,2013,2.7935000000000003,2.7015,2.545,2.6237,7.169400000000022
2013-03-18,2013,2.8355,2.7174,2.5683999999999996,2.6388,7.917000000000014
2013-03-19,2013,2.7893,2.6635000000000004,2.5157,2.5861,8.240399999999987
2013-03-20,2013,2.8679,2.7185,2.5921,2.6517,8.778000000000002
2013-03-21,2013,2.8257,2.6891000000000003,2.5553,2.6121,8.122799999999982
2013-03-22,2013,2.8426,2.7061,2.5664999999999996,2.6283,8.328600000000005
2013-03-25,2013,2.8497000000000003,2.7218999999999998,2.5902,2.6536,8.030400000000029
2013-03-26,2013,2.8807,2.7342,2.6201999999999996,2.6787,8.61000000000002
2013-03-27,2013,2.8254,2.7157999999999998,2.597,2.6652,7.467600000000017
2013-03-28,2013,2.8076999999999996,2.7006,2.5993,2.6682,7.391999999999988
2013-04-01,2013,2.7805,2.6883,2.5738,2.6444,6.837600000000012
2013-04-02,2013,2.8120999999999996,2.7077,2.5898000000000003,2.6599,7.328999999999967
2013-04-03,2013,2.7993,2.6849000000000003,2.5556,2.6351,8.143799999999988
2013-04-04,2013,2.7818,2.6813,2.5674,2.6483999999999996,7.6229999999999905
2013-04-05,2013,2.8575,2.7281,2.6323000000000003,2.6944,8.042999999999981
2013-04-08,2013,2.8204000000000002,2.7112,2.6248,2.6820999999999997,6.993000000000004
2013-04-09,2013,2.8069,2.7068,2.6096,2.6656999999999997,6.560400000000005
2013-04-10,2013,2.8041,2.6962,2.6102,2.6623,6.720000000000006
2013-04-11,2013,2.8319,2.7308,2.6326,2.6929000000000003,6.778800000000018
2013-04-12,2013,2.7983,2.6944,2.6058999999999997,2.6622000000000003,6.728400000000024
2013-04-15,2013,2.8123,2.6951,2.5951,2.6492,7.1946
2013-04-16,2013,2.8057999999999996,2.6886,2.5908999999999995,2.6486,7.345800000000002
2013-04-17,2013,2.7932,2.6670999999999996,2.5751,2.6312,7.652400000000034
2013-04-18,2013,2.8156,2.6744,2.5798,2.6316,8.106000000000002
2013-04-19,2013,2.7961,2.6649000000000003,2.5652999999999997,2.6275999999999997,8.126999999999992
2013-04-22,2013,2.7969,2.6575,2.5395,2.6001,8.399999999999988
2013-04-23,2013,2.825,2.6919999999999997,2.5707,2.6385,8.433600000000023
2013-04-24,2013,2.8199,2.6989,2.5649,2.6379,8.147999999999998
2013-04-25,2013,2.8188,2.6860000000000004,2.5619,2.6268000000000002,8.30339999999999
2013-04-26,2013,2.7624,2.6395999999999997,2.5115,2.5787999999999998,7.984200000000007
2013-04-29,2013,2.818,2.6702,2.5391,2.5917000000000003,8.416800000000023
2013-04-30,2013,2.7901,2.6664999999999996,2.5378,2.5927,7.497000000000004
2013-05-01,2013,2.7691000000000003,2.6581,2.5284,2.593,7.375200000000008
2013-05-02,2013,2.7593,2.6666000000000003,2.5456,2.6117000000000004,6.6696000000000115
2013-05-03,2013,2.7911,2.6923000000000004,2.5793,2.6445,6.8879999999999875
2013-05-06,2013,2.8217000000000003,2.7081,2.6184,2.6757999999999997,7.182000000000011
2013-05-07,2013,2.8286000000000002,2.708,2.6147000000000005,2.6747,7.585199999999985
2013-05-08,2013,2.8316000000000003,2.7310000000000003,2.625,2.6826999999999996,6.648599999999986
2013-05-09,2013,2.8634,2.7499000000000002,2.6312,2.6937,7.391999999999988
2013-05-10,2013,2.8897000000000004,2.7498,2.6288,2.6949,8.652000000000017
2013-05-13,2013,2.8497000000000003,2.7235,2.5874,2.6648,8.551200000000009
2013-05-14,2013,2.8132,2.6994,2.5561000000000003,2.6354,8.110200000000011
2013-05-15,2013,2.787,2.693,2.5335,2.6167000000000002,7.442400000000001
2013-05-16,2013,2.7708,2.6738,2.5262000000000002,2.6049,7.379399999999999
2013-05-17,2013,2.7459,2.6699,2.5332,2.6138,6.577199999999984
2013-05-20,2013,2.717,2.6483,2.5098,2.597,6.547800000000016
2013-05-21,2013,2.7594,2.6919999999999997,2.5486,2.6302999999999996,6.262199999999991
2013-05-22,2013,2.7095,2.6479000000000004,2.5,2.5806999999999998,5.976599999999967
2013-05-23,2013,2.7752999999999997,2.7007999999999996,2.5679000000000003,2.6473,6.4637999999999876
2013-05-24,2013,2.7843,2.7231,2.5938,2.6719999999999997,5.854799999999989
2013-05-28,2013,2.8201,2.7485000000000004,2.6181,2.6906,6.052199999999977
2013-05-29,2013,2.7965,2.7407999999999997,2.6148000000000002,2.6858,5.3214000000000015
2013-05-30,2013,2.7828,2.7394,2.5992,2.6776999999999997,5.119799999999986
2013-05-31,2013,2.7845999999999997,2.7318000000000002,2.5879000000000003,2.6649000000000003,5.451599999999978
2013-06-03,2014,2.6275999999999997,2.688,2.4772,2.6063,2.88539999999999
2013-06-04,2014,2.6473,2.7112,2.5173,2.6501,2.8938000000000077
2013-06-05,2014,2.6620999999999997,2.7163999999999997,2.5233000000000003,2.6502999999999997,3.0533999999999715
2013-06-06,2014,2.6677,2.7099,2.522,2.6449000000000003,3.389400000000009
2013-06-07,2014,2.6525,2.7015,2.5334,2.6556,3.074400000000016
2013-06-10,2014,2.6654,2.7058999999999997,2.5318,2.6511,3.3096000000000085
2013-06-11,2014,2.6148000000000002,2.6515,2.4717,2.5931,3.557400000000028
2013-06-12,2014,2.5980000000000003,2.6386000000000003,2.4478,2.5661,3.2634000000000043
2013-06-13,2014,2.6361000000000003,2.6647000000000003,2.4774000000000003,2.5877999999999997,3.435599999999976
2013-06-14,2014,2.6424000000000003,2.6545,2.4667,2.5753,4.053000000000011
2013-06-17,2014,2.6562,2.6708,2.4843,2.5941,3.9984000000000073
2013-06-18,2014,2.6919,2.721,2.5198,2.6417,3.8975999999999997
2013-06-19,2014,2.7182999999999997,2.7310000000000003,2.5254,2.6439999999999997,4.447799999999967
2013-06-20,2014,2.6853,2.7051,2.5096000000000003,2.6206,3.8303999999999885
2013-06-21,2014,2.7351,2.7206,2.5374,2.6406,4.943400000000006
2013-06-24,2014,2.7651999999999997,2.7474000000000003,2.5538,2.6605000000000003,5.228999999999993
2013-06-25,2014,2.7533,2.7511,2.5496,2.6532999999999998,4.447799999999986
2013-06-26,2014,2.7473,2.7552,2.5676,2.6660000000000004,3.8010000000000197
2013-06-27,2014,2.7599,2.7724,2.5863,2.6904000000000003,3.8472000000000053
2013-06-28,2014,2.7365,2.7681999999999998,2.5995,2.7114,3.368400000000002
2013-07-01,2014,2.6411000000000002,2.6763999999999997,2.4966999999999997,2.6068000000000002,3.1416000000000457
2013-07-02,2014,2.6636,2.6922,2.5121,2.6277,3.6539999999999893
2013-07-03,2014,2.6699,2.7102999999999997,2.5385,2.6525,3.091200000000014
2013-07-05,2014,2.6645,2.7112,2.5447,2.6568,2.746799999999996
2013-07-08,2014,2.7051999999999996,2.7264,2.5428,2.6494999999999997,3.590999999999968
2013-07-09,2014,2.6576999999999997,2.6957999999999998,2.5194,2.6329000000000002,3.1668000000000056
2013-07-10,2014,2.6468000000000003,2.6993,2.4955000000000003,2.6096,2.587199999999995
2013-07-11,2014,2.6479000000000004,2.6976999999999998,2.5025,2.6231,2.973600000000027
2013-07-12,2014,2.6045999999999996,2.6416000000000004,2.4378,2.5635000000000003,3.725399999999972
2013-07-15,2014,2.6441000000000003,2.6777999999999995,2.4828,2.6055,3.738000000000036
2013-07-16,2014,2.6378,2.6811000000000003,2.4861,2.6108,3.418799999999978
2013-07-17,2014,2.6389,2.6966,2.4994,2.6145,2.4107999999999956
2013-07-18,2014,2.6433999999999997,2.6925,2.5,2.6127999999999996,2.675399999999976
2013-07-19,2014,2.6264999999999996,2.6813,2.479,2.5912,2.4107999999999956
2013-07-22,2014,2.6116,2.6777999999999995,2.4867,2.5959,1.806000000000025
2013-07-23,2014,2.5868,2.6664999999999996,2.4731,2.5824000000000003,1.243200000000031
2013-07-24,2014,2.5715,2.6548000000000003,2.448,2.5617,1.27679999999999
2013-07-25,2014,2.6014,2.694,2.4993,2.6096,0.7434000000000021
2013-07-26,2014,2.6494999999999997,2.7419,2.5424,2.6545,0.8273999999999928
2013-07-29,2014,2.6606,2.7412,2.5622000000000003,2.6724,1.2431999999999936
2013-07-30,2014,2.6132999999999997,2.7023,2.5391,2.6448,0.701399999999988
2013-07-31,2014,2.5751999999999997,2.6639999999999997,2.5066,2.6149,0.8189999999999937
2013-08-01,2014,2.5108,2.5927999999999995,2.4224,2.5321000000000002,1.1634000000000304
2013-08-02,2014,2.4987,2.5795,2.4284,2.5275,0.7685999999999993
2013-08-05,2014,2.4914,2.5598,2.4108,2.5046,1.0667999999999944
2013-08-06,2014,2.4939,2.556,2.3963,2.4969,1.616999999999999
2013-08-07,2014,2.5262000000000002,2.6011,2.4419,2.5535,1.5414000000000074
2013-08-08,2014,2.4847,2.5669999999999997,2.4200999999999997,2.5324,1.260000000000029
2013-08-09,2014,2.5131,2.5792,2.4254,2.5359,1.8647999999999998
2013-08-12,2014,2.4981,2.5723000000000003,2.4124,2.5196,1.3859999999999966
2013-08-13,2014,2.5633,2.6214999999999997,2.4866,2.5862,1.738799999999995
2013-08-14,2014,2.5667,2.6554,2.5454,2.6502999999999997,0.680399999999981
2013-08-15,2014,2.5343999999999998,2.6122,2.5241,2.6263,1.024799999999999
2013-08-16,2014,2.5153,2.5961000000000003,2.492,2.5978,1.0499999999999776
2013-08-19,2014,2.5664999999999996,2.6475,2.5481,2.6556,1.1129999999999987
2013-08-20,2014,2.5273,2.6311,2.537,2.6527999999999996,0.5039999999999818
2013-08-21,2014,2.5463999999999998,2.6336,2.5507,2.6685000000000003,1.2852000000000077
2013-08-22,2014,2.5585,2.6391000000000004,2.5412,2.6581,1.5245999999999906
2013-08-23,2014,2.5776999999999997,2.6527999999999996,2.5627,2.6738999999999997,1.5161999999999916
2013-08-26,2014,2.5683,2.6479000000000004,2.5631,2.682,1.6505999999999768
2013-08-27,2014,2.5562,2.6255,2.5454,2.6633999999999998,2.0453999999999892
2013-08-28,2014,2.591,2.6452999999999998,2.553,2.6697,2.6208000000000284
2013-08-29,2014,2.6313999999999997,2.6699,2.5893,2.7133,3.590999999999968
2013-08-30,2014,2.6286,2.6798,2.5831,2.7152999999999996,3.4019999999999797
2013-09-03,2014,2.6037,2.6435000000000004,2.5321000000000002,2.6587,3.6455999999999715
2013-09-04,2014,2.6069,2.6562,2.5262000000000002,2.6542000000000003,3.3053999999999997
2013-09-05,2014,2.6052999999999997,2.6765,2.5452,2.6784,2.603999999999993
2013-09-06,2014,2.5203,2.6022000000000003,2.4676,2.6031999999999997,2.2553999999999848
2013-09-09,2014,2.4817,2.5819,2.4322999999999997,2.5726,1.6842000000000104
2013-09-10,2014,2.4547,2.5559,2.4236,2.5601,1.4825999999999953
2013-09-11,2014,2.4499,2.5382,2.4106,2.5376,1.6253999999999982
2013-09-12,2014,2.4208000000000003,2.4915000000000003,2.3464,2.4842,2.8181999999999974
2013-09-13,2014,2.3651,2.4421,2.2812,2.4215999999999998,2.6627999999999865
2013-09-16,2014,2.3753,2.4485,2.3013,2.4406,2.776200000000002
2013-09-17,2014,2.388,2.4536000000000002,2.3215,2.458,2.9777999999999984
2013-09-18,2014,2.4124,2.4778000000000002,2.3274,2.4625,2.9273999999999853
2013-09-19,2014,2.4211,2.4993,2.3438999999999997,2.4838999999999998,2.5956000000000126
2013-09-20,2014,2.3997,2.4629,2.3239,2.4614,3.1206000000000014
2013-09-23,2014,2.439,2.4722999999999997,2.3444,2.4695,3.855600000000023
2013-09-24,2014,2.4718999999999998,2.5113,2.395,2.5149,3.3809999999999913
2013-09-25,2014,2.4888,2.5437,2.4093999999999998,2.5328999999999997,2.8811999999999998
2013-09-26,2014,2.4882,2.5682,2.4267,2.5617,2.3100000000000067
2013-09-27,2014,2.4848,2.5492,2.4434,2.5705,2.633399999999999
2013-09-30,2014,2.4989,2.5465,2.4451,2.5713,3.301199999999991
2013-10-01,2014,2.5286,2.5583,2.4505,2.5769,4.06140000000001
2013-10-02,2014,2.5377,2.573,2.4697999999999998,2.5975,3.8808000000000202
2013-10-03,2014,2.5166,2.5543,2.4579,2.5835000000000004,3.691800000000013
2013-10-04,2014,2.5251,2.5431,2.4314,2.5531,4.355400000000015
2013-10-07,2014,2.5575,2.5843000000000003,2.4779,2.6037,4.15799999999999
2013-10-08,2014,2.5622000000000003,2.5813,2.4901,2.6096,4.216800000000002
2013-10-09,2014,2.5623,2.5556,2.4489,2.5726,5.476799999999994
2013-10-10,2014,2.5902,2.5848,2.4659999999999997,2.5984,5.787599999999997
2013-10-11,2014,2.5586,2.5354,2.4178,2.5458000000000003,6.350400000000009
2013-10-14,2014,2.5683999999999996,2.5673000000000004,2.4451,2.5811,5.758199999999972
2013-10-15,2014,2.5332,2.5221999999999998,2.3994999999999997,2.5295,5.922000000000019
2013-10-16,2014,2.5068,2.5166999999999997,2.3769,2.5149,5.380200000000014
2013-10-17,2014,2.4773,2.4907,2.3569999999999998,2.4956,5.258400000000018
2013-10-18,2014,2.4935,2.4972,2.3722,2.5032,5.346600000000017
2013-10-21,2014,2.4678999999999998,2.4840999999999998,2.3706,2.5027,4.8677999999999955
2013-10-22,2014,2.4795,2.5005,2.3992,2.5325,4.7165999999999935
2013-10-23,2014,2.4683,2.4773,2.3834999999999997,2.521,5.397000000000012
2013-10-24,2014,2.4449,2.4635,2.38,2.5166999999999997,4.960200000000004
2013-10-25,2014,2.4308,2.4516,2.3782,2.5138,4.821599999999991
2013-10-28,2014,2.4233000000000002,2.4574000000000003,2.3682,2.5048,4.3050000000000015
2013-10-29,2014,2.4529,2.4882,2.3982,2.5379,4.384800000000002
2013-10-30,2014,2.4189,2.4667,2.3721,2.5247,4.4016
2013-10-31,2014,2.432,2.487,2.3884,2.5503,4.4898
2013-11-01,2014,2.4807,2.5183,2.439,2.5864,4.611599999999996
2013-11-04,2014,2.4583,2.4895,2.3902,2.5432,5.115599999999996
2013-11-05,2014,2.4017,2.4387,2.347,2.4969,4.741800000000009
2013-11-06,2014,2.381,2.4295,2.3334,2.4931,4.670399999999989
2013-11-07,2014,2.3794999999999997,2.4212000000000002,2.3192,2.4833000000000003,5.140799999999993
2013-11-08,2014,2.3354,2.4006,2.2974,2.4633000000000003,4.22940000000001
2013-11-11,2014,2.3769,2.4259,2.3246,2.4799,4.464600000000003
2013-11-12,2014,2.3951,2.4263,2.3186,2.4697999999999998,5.039999999999986
2013-11-13,2014,2.3251,2.3796,2.2721,2.4277,4.246200000000008
2013-11-14,2014,2.3421000000000003,2.3929,2.2984,2.4544,4.418400000000017
2013-11-15,2014,2.3194999999999997,2.3994999999999997,2.3082,2.4682,3.360000000000003
2013-11-18,2014,2.3531,2.427,2.3228,2.4849,3.7044000000000024
2013-11-19,2014,2.3737,2.4366,2.3279,2.4896000000000003,4.149600000000009
2013-11-20,2014,2.4309,2.4925,2.3736,2.5336000000000003,4.1327999999999925
2013-11-21,2014,2.4455,2.5261,2.4215,2.585,3.481799999999999
2013-11-22,2014,2.4541,2.5444999999999998,2.4383,2.597,2.8686000000000105
2013-11-25,2014,2.3971,2.4914,2.3644,2.5221999999999998,2.6669999999999954
2013-11-26,2014,2.3786,2.4625,2.3242,2.4865,3.2928000000000104
2013-11-27,2014,2.3186,2.4076,2.2756,2.4363,3.0114000000000134
2013-11-29,2014,2.3456,2.4246,2.2763999999999998,2.4454,3.7800000000000127
2013-12-02,2014,2.41,2.4446,2.3343000000000003,2.4878,4.9938
2013-12-03,2014,2.4331,2.4663,2.3516999999999997,2.5023,4.9308000000000165
2013-12-04,2014,2.4476,2.4745,2.3642,2.5051,4.788000000000014
2013-12-05,2014,2.426,2.4541,2.3238,2.4608000000000003,4.573800000000028
2013-12-06,2014,2.4729,2.5019,2.3821,2.5159000000000002,4.401600000000019
2013-12-09,2014,2.4979,2.5011,2.3767,2.5084999999999997,5.401199999999983
2013-12-10,2014,2.5563,2.546,2.4412000000000003,2.5717000000000003,5.9136000000000015
2013-12-11,2014,2.5662000000000003,2.5409,2.4341999999999997,2.5625,6.451200000000017
2013-12-12,2014,2.5475,2.52,2.4151,2.5450999999999997,6.6149999999999896
2013-12-13,2014,2.5627,2.5233000000000003,2.4146,2.5527,7.45499999999999
2013-12-16,2014,2.5757,2.5383,2.417,2.5637,7.732199999999997
2013-12-17,2014,2.5885000000000002,2.5623,2.4616,2.6048,7.114800000000018
2013-12-18,2014,2.5672,2.5379,2.4161,2.5660000000000003,7.52640000000001
2013-12-19,2014,2.5871,2.5546,2.4382,2.5919,7.820399999999978
2013-12-20,2014,2.5855,2.5687,2.4496,2.6047000000000002,7.2197999999999976
2013-12-23,2014,2.5941,2.5858,2.4638,2.6216000000000004,6.976200000000024
2013-12-24,2014,2.5572999999999997,2.5421,2.4337999999999997,2.585,6.988799999999995
2013-12-26,2014,2.5907999999999998,2.557,2.4461,2.5963,7.727999999999988
2013-12-27,2014,2.5697,2.5418000000000003,2.4241,2.5795,7.698599999999982
2013-12-30,2014,2.6010000000000004,2.5783,2.4447,2.6055,7.7070000000000185
2013-12-31,2014,2.5602,2.5484999999999998,2.4093999999999998,2.5738,7.396200000000015
2014-01-02,2014,2.5518,2.5201,2.3941,2.5481,7.799400000000008
2014-01-03,2014,2.5627999999999997,2.5277000000000003,2.3890000000000002,2.5472,8.118599999999972
2014-01-06,2014,2.5753,2.5643000000000002,2.3982,2.5572,7.139999999999978
2014-01-07,2014,2.6061,2.5869999999999997,2.4219,2.5844,7.627200000000018
2014-01-08,2014,2.5951999999999997,2.5813,2.4097,2.5776,7.63559999999998
2014-01-09,2014,2.5726999999999998,2.5655,2.3924000000000003,2.5617,7.412999999999976
2014-01-10,2014,2.5459,2.5476,2.4009,2.5604,6.6275999999999975
2014-01-13,2014,2.5009,2.5054,2.3596,2.5177,6.451200000000017
2014-01-14,2014,2.498,2.5165,2.3527,2.5185,6.186599999999999
2014-01-15,2014,2.5003,2.5322999999999998,2.3794999999999997,2.5396,5.380200000000032
2014-01-16,2014,2.4936000000000003,2.525,2.3681,2.5332,5.615400000000006
2014-01-17,2014,2.4533,2.5051,2.369,2.5341,4.758599999999989
2014-01-21,2014,2.4574000000000003,2.5249,2.378,2.5477000000000003,4.292400000000012
2014-01-22,2014,2.4513,2.5068,2.3331999999999997,2.5118,5.1701999999999995
2014-01-23,2014,2.4518,2.4939,2.3022,2.4832,5.833800000000001
2014-01-24,2014,2.4314,2.4702,2.2843,2.4663,6.01439999999999
2014-01-27,2014,2.4092,2.4321,2.2561,2.4282,6.266399999999981
2014-01-28,2014,2.4025,2.4175999999999997,2.2504,2.4267,6.7704
2014-01-29,2014,2.4009,2.4163,2.2481999999999998,2.4193000000000002,6.5394000000000165
2014-01-30,2014,2.4038,2.3937,2.2188999999999997,2.395,7.820400000000015
2014-01-31,2014,2.4136,2.3971999999999998,2.2378,2.4116999999999997,7.992600000000006
2014-02-03,2014,2.3793,2.377,2.1988,2.3675,7.18200000000003
2014-02-04,2014,2.3991,2.4053999999999998,2.2386,2.4049,6.720000000000006
2014-02-05,2014,2.414,2.4156,2.254,2.4090000000000003,6.442800000000018
2014-02-06,2014,2.4337999999999997,2.4343,2.2786,2.43,6.337800000000001
2014-02-07,2014,2.4851,2.4879,2.3187,2.4765,6.5100000000000104
2014-02-10,2014,2.5195,2.5269999999999997,2.3594999999999997,2.5121,6.094200000000028
2014-02-11,2014,2.5295,2.5393,2.3507,2.5149,6.484800000000013
2014-02-12,2014,2.5349,2.5472,2.3729,2.5287,6.026999999999998
2014-02-13,2014,2.5171,2.5433000000000003,2.3708,2.5379,5.917799999999992
2014-02-14,2014,2.5116,2.5217,2.3567,2.5288999999999997,6.808199999999987
2014-02-18,2014,2.5436,2.5365,2.3522,2.5269999999999997,7.639799999999989
2014-02-19,2014,2.5034,2.4804,2.323,2.4863999999999997,7.828799999999996
2014-02-20,2014,2.5138,2.4778000000000002,2.3371,2.4946,8.126999999999992
2014-02-21,2014,2.5053,2.4693,2.3352,2.4921,8.101800000000011
2014-02-24,2014,2.4834,2.4568,2.3075,2.468,7.858200000000002
2014-02-25,2014,2.4966999999999997,2.4536000000000002,2.3072999999999997,2.4619,8.30339999999999
2014-02-26,2014,2.4556,2.403,2.2435,2.399,8.740199999999998
2014-02-27,2014,2.46,2.3941,2.2519,2.4077,9.31140000000001
2014-02-28,2014,2.475,2.4153000000000002,2.2608,2.4167,9.055199999999992
2014-03-03,2014,2.4856,2.4263999999999997,2.2563999999999997,2.4139,9.101400000000014
2014-03-04,2014,2.5172,2.4668,2.2846,2.4495,9.042599999999982
2014-03-05,2014,2.5029,2.45,2.2723,2.4400999999999997,9.269399999999976
2014-03-06,2014,2.4872,2.4403,2.286,2.4469,8.72759999999999
2014-03-07,2014,2.5072,2.4572,2.2906999999999997,2.4546,8.983800000000027
2014-03-10,2014,2.5074,2.4565,2.2987,2.4615,8.97539999999999
2014-03-11,2014,2.5116,2.4407,2.2954,2.4529,9.592800000000008
2014-03-12,2014,2.5094,2.4356999999999998,2.3112,2.4706,9.790200000000013
2014-03-13,2014,2.5129,2.4388,2.326,2.4859999999999998,9.83219999999999
2014-03-14,2014,2.5723000000000003,2.4814,2.3775,2.5397,10.630200000000013
2014-03-17,2014,2.5589,2.4755000000000003,2.3619,2.5274,10.453799999999996
2014-03-18,2014,2.5288,2.4539,2.335,2.5037000000000003,10.231200000000012
2014-03-19,2014,2.5453,2.4631,2.3437,2.5083,10.365600000000015
2014-03-20,2014,2.5677999999999996,2.4771,2.3668,2.5311000000000003,10.709999999999996
2014-03-21,2014,2.5729,2.4764,2.366,2.5325,11.046000000000014
2014-03-24,2014,2.6311,2.5218000000000003,2.4148,2.5692000000000004,11.075400000000002
2014-03-25,2014,2.6268000000000002,2.5231,2.4221,2.5783,10.915800000000019
2014-03-26,2014,2.6635000000000004,2.5687,2.4535,2.6134,10.697400000000005
2014-03-27,2014,2.6943,2.5945,2.4827,2.6304000000000003,10.395000000000021
2014-03-28,2014,2.6664999999999996,2.5723000000000003,2.4484,2.5941,10.075799999999981
2014-03-31,2014,2.6485000000000003,2.549,2.4411,2.5836,10.16400000000002
2014-04-01,2014,2.6431,2.5539,2.4335,2.5843000000000003,10.080000000000009
2014-04-02,2014,2.6439999999999997,2.5780000000000003,2.4469,2.6042,9.378599999999985
2014-04-03,2014,2.633,2.5627,2.4388,2.5866000000000002,9.160200000000007
2014-04-04,2014,2.6692,2.5907,2.4721,2.617,9.382799999999992
2014-04-07,2014,2.7098,2.6233,2.501,2.6416000000000004,9.538200000000021
2014-04-08,2014,2.7694,2.6845,2.5698000000000003,2.7037,9.189599999999995
2014-04-09,2014,2.7762000000000002,2.6921,2.5804,2.7011000000000003,8.601600000000023
2014-04-10,2014,2.7786,2.6768,2.5694,2.6870999999999996,9.218999999999983
2014-04-11,2014,2.8127,2.69,2.5692000000000004,2.6948000000000003,10.4286
2014-04-14,2014,2.8112,2.682,2.5611,2.6858,10.663799999999991
2014-04-15,2014,2.8120999999999996,2.7064999999999997,2.5668,2.7085000000000004,10.386600000000003
2014-04-16,2014,2.7749,2.6807999999999996,2.5523,2.7045,10.344600000000026
2014-04-17,2014,2.8027999999999995,2.7247000000000003,2.5858,2.7365,9.609599999999968
2014-04-21,2014,2.8196,2.7323000000000004,2.5936000000000003,2.7418,9.890999999999964
2014-04-22,2014,2.7991,2.7026,2.5566999999999998,2.7099,10.48740000000003
2014-04-23,2014,2.8341000000000003,2.7341,2.5886,2.7341,10.31100000000001
2014-04-24,2014,2.8755,2.7729000000000004,2.6430000000000002,2.7813999999999997,10.121999999999968
2014-04-25,2014,2.8579000000000003,2.7746,2.634,2.7765,9.483600000000019
2014-04-28,2014,2.8492,2.7765,2.6525,2.7916000000000003,8.895600000000027
2014-04-29,2014,2.8596,2.7845999999999997,2.6584,2.7979000000000003,9.009000000000025
2014-04-30,2014,2.8568000000000002,2.7878,2.6612999999999998,2.8012,8.773800000000032
2014-05-01,2014,2.8259,2.7695999999999996,2.6467,2.7888,8.332800000000015
2014-05-02,2014,2.8114,2.7507,2.609,2.7542,8.64779999999999
2014-05-05,2014,2.8815,2.784,2.6576,2.7905,9.676800000000016
2014-05-06,2014,2.9383999999999997,2.8393,2.7047000000000003,2.84,9.84479999999996
2014-05-07,2014,2.9800999999999997,2.8777,2.7486,2.8821,9.90779999999998
2014-05-08,2014,3.0266,2.9156999999999997,2.7683,2.9098,10.600800000000026
2014-05-09,2014,3.0688999999999997,2.9553,2.7924,2.9374000000000002,10.861199999999997
2014-05-12,2014,3.1161000000000003,2.9929,2.8317,2.9742,11.159400000000012
2014-05-13,2014,3.0991000000000004,2.9577999999999998,2.8294,2.9663999999999997,11.688600000000008
2014-05-14,2014,3.1007,2.9368,2.7960000000000003,2.9330000000000003,12.637799999999999
2014-05-15,2014,3.0841000000000003,2.9206,2.7966,2.9261,12.306000000000006
2014-05-16,2014,3.1017,2.9293,2.8267,2.9457,12.238799999999994
2014-05-19,2014,3.0688999999999997,2.8898,2.8017000000000003,2.918,12.406799999999976
2014-05-20,2014,3.036,2.863,2.7657,2.8892,12.453000000000017
2014-05-21,2014,3.0521,2.8785000000000003,2.7952,2.9149000000000003,12.318599999999996
2014-05-22,2014,3.0551,2.8747000000000003,2.8045,2.9207,12.45719999999999
2014-05-23,2014,3.0881,2.9001,2.8338,2.9482999999999997,12.704999999999972
2014-05-27,2014,3.0744,2.8748,2.7859,2.8982,13.099800000000002
2014-05-28,2014,3.0525,2.8522000000000003,2.7686,2.8772,12.973799999999997
2014-05-29,2014,3.0477999999999996,2.8415,2.7567000000000004,2.8657999999999997,13.246799999999958
2014-05-30,2014,3.0488,2.8438,2.7607999999999997,2.8673,13.083000000000023
2014-06-02,2015,2.8057,2.7979000000000003,2.7916000000000003,2.8432,2.4947999999999677
2014-06-03,2015,2.8034,2.8181,2.7982,2.8643,2.1588000000000047
2014-06-04,2015,2.7747,2.8098,2.7787,2.8494,1.4952000000000032
2014-06-05,2015,2.8103,2.8152,2.7782999999999998,2.8435,2.53260000000001
2014-06-06,2015,2.852,2.835,2.8026,2.86,3.1247999999999916
2014-06-09,2015,2.8425,2.8324000000000003,2.7908,2.8492,2.876999999999991
2014-06-10,2015,2.8811,2.8519,2.8316000000000003,2.8827999999999996,3.376799999999964
2014-06-11,2015,2.8899,2.8679,2.8669,2.9189,3.1079999999999934
2014-06-12,2015,2.9073,2.864,2.8617000000000004,2.9210000000000003,4.30920000000001
2014-06-13,2015,2.93,2.8920999999999997,2.8797,2.9385000000000003,4.061400000000028
2014-06-16,2015,2.9888,2.946,2.9311000000000003,2.9854000000000003,4.078199999999989
2014-06-17,2015,3.0008999999999997,2.9492000000000003,2.925,2.9891,4.863599999999987
2014-06-18,2015,3.0589,2.9968,2.9962,3.0521,4.955999999999995
2014-06-19,2015,3.1066000000000003,3.0321,3.0466,3.0991000000000004,5.334000000000028
2014-06-20,2015,3.0443000000000002,2.9852,2.9887,3.0429000000000004,4.758600000000026
2014-06-23,2015,3.0382,2.9868,2.9882,3.0518,4.82999999999999
2014-06-24,2015,2.9983,2.9519,2.972,3.0362999999999998,4.649399999999982
2014-06-25,2015,3.0186,2.9829000000000003,2.988,3.0557999999999996,4.346999999999978
2014-06-26,2015,3.0120999999999998,2.9636,2.94,3.0049,4.762799999999998
2014-06-27,2015,3.0128,2.9586,2.9133,2.9802,5.08619999999999
2014-06-30,2015,3.0542000000000002,2.9962999999999997,2.9562,3.0309,5.569200000000021
2014-07-01,2015,3.035,2.9814999999999996,2.96,3.0268,5.052600000000031
2014-07-02,2015,3.0507999999999997,3.0037000000000003,2.9943,3.0593,4.708199999999976
2014-07-03,2015,3.1096,3.0595999999999997,3.0551,3.1224000000000003,4.926600000000026
2014-07-07,2015,3.1062,3.0603,3.0419,3.1045999999999996,4.561199999999983
2014-07-08,2015,3.0785,3.029,3.0119,3.0831999999999997,5.073600000000001
2014-07-09,2015,3.0527999999999995,3.0079000000000002,2.9945999999999997,3.0662000000000003,4.892999999999993
2014-07-10,2015,3.112,3.0655,3.0644,3.1376999999999997,5.031599999999987
2014-07-11,2015,3.093,3.0581,3.0488,3.1294999999999997,4.8551999999999875
2014-07-14,2015,3.0614999999999997,3.0389999999999997,3.0379,3.1212999999999997,4.447799999999986
2014-07-15,2015,3.0772000000000004,3.0687,3.0574,3.1445999999999996,4.019399999999996
2014-07-16,2015,3.0957,3.0924,3.0922,3.1768,3.6917999999999944
2014-07-17,2015,3.0661,3.0276,3.0532999999999997,3.1304000000000003,4.855200000000025
2014-07-18,2015,3.0715,3.0339,3.0306,3.1094999999999997,4.892999999999974
2014-07-21,2015,3.0702999999999996,3.0291,3.0385000000000004,3.1106,4.7585999999999515
2014-07-22,2015,3.1017,3.0850999999999997,3.1003,3.1807,4.074000000000018
2014-07-23,2015,3.0538,3.0507,3.0688,3.1532,3.6749999999999963
2014-07-24,2015,3.0718,3.0458,3.0482,3.1349,4.73340000000001
2014-07-25,2015,3.0818,3.0559,3.0328,3.1301,5.174400000000008
2014-07-28,2015,3.1488,3.1014999999999997,3.0941,3.1756,5.40960000000002
2014-07-29,2015,3.1323000000000003,3.0932,3.0844,3.1733,5.376000000000005
2014-07-30,2015,3.0779,3.0622000000000003,3.0529,3.1554,4.964399999999994
2014-07-31,2015,3.0993,3.0639999999999996,3.0724,3.1722,5.674200000000019
2014-08-01,2015,3.0995999999999997,3.0599000000000003,3.07,3.1685000000000003,5.804399999999995
2014-08-04,2015,3.0932,3.0488999999999997,3.0551999999999997,3.1513999999999998,5.901000000000012
2014-08-05,2015,3.0632,3.0069999999999997,3.0047,3.0954,6.16980000000002
2014-08-06,2015,3.0852999999999997,3.0351,3.0265,3.1212,6.085799999999992
2014-08-07,2015,3.1045,3.0627999999999997,3.0594,3.1487,5.501999999999991
2014-08-08,2015,3.1132,3.0576999999999996,3.06,3.1401999999999997,5.699399999999997
2014-08-11,2015,3.0793,3.0388,3.0395,3.1212,5.132399999999994
2014-08-12,2015,3.0501,3.0134,3.0297,3.1050999999999997,4.708199999999994
2014-08-13,2015,3.0814999999999997,3.0199000000000003,3.0375,3.1031999999999997,5.346599999999961
2014-08-14,2015,3.0927,3.0161000000000002,3.0498000000000003,3.1115,5.8085999999999665
2014-08-15,2015,3.0789999999999997,3.0068,3.0351,3.0887000000000002,5.283599999999996
2014-08-18,2015,3.0894,3.0193,2.9959,3.0633999999999997,5.779199999999998
2014-08-19,2015,3.0311000000000003,2.9707999999999997,2.9236,2.9948,5.523000000000035
2014-08-20,2015,2.9911000000000003,2.9564,2.9017,2.9797000000000002,4.733400000000029
2014-08-21,2015,2.97,2.9411,2.8875,2.964,4.426799999999997
2014-08-22,2015,2.9208,2.9057,2.8364,2.9181,4.0656
2014-08-25,2015,2.9526,2.9206,2.8558,2.9360000000000004,4.712400000000022
2014-08-26,2015,2.9316000000000004,2.8771,2.8110000000000004,2.8891000000000004,5.569200000000021
2014-08-27,2015,2.9170999999999996,2.8731,2.8168,2.8949000000000003,5.128199999999985
2014-08-28,2015,2.9182,2.8654,2.8432,2.912,5.107199999999997
2014-08-29,2015,2.9101,2.8699,2.8457999999999997,2.9166000000000003,4.6620000000000275
2014-09-02,2015,2.9254000000000002,2.8808,2.8560000000000003,2.9368,5.266799999999998
2014-09-03,2015,2.9241,2.8797,2.877,2.9530000000000003,5.056800000000021
2014-09-04,2015,2.9126,2.8531999999999997,2.8241,2.8983999999999996,5.615399999999988
2014-09-05,2015,2.9686000000000003,2.8865,2.8714999999999997,2.9455,6.556200000000033
2014-09-08,2015,2.9379000000000004,2.8542,2.845,2.9217,6.736800000000004
2014-09-09,2015,2.9699,2.8750999999999998,2.8788,2.9486000000000003,6.913200000000022
2014-09-10,2015,2.9669,2.8808999999999996,2.8754000000000004,2.9536000000000002,6.896400000000005
2014-09-11,2015,3.0025,2.9213999999999998,2.9170999999999996,2.9928,6.585600000000021
2014-09-12,2015,3.0332999999999997,2.9574000000000003,2.9606,3.0411,6.568799999999985
2014-09-15,2015,2.9773,2.9189999999999996,2.9149000000000003,3.0018000000000002,6.0984000000000185
2014-09-16,2015,2.9564999999999997,2.8981,2.8838999999999997,2.968,5.985000000000003
2014-09-17,2015,2.9539,2.9002,2.8789,2.966,5.91360000000002
2014-09-18,2015,2.9373,2.8680000000000003,2.8411,2.9238999999999997,6.388199999999977
2014-09-19,2015,2.9945999999999997,2.9054,2.8956999999999997,2.9726999999999997,6.980399999999977
2014-09-22,2015,3.0181999999999998,2.9200999999999997,2.9323,3.0088,7.333199999999994
2014-09-23,2015,3.0356,2.949,2.9606,3.0414,7.030800000000009
2014-09-24,2015,2.9939,2.9263999999999997,2.9374000000000002,3.0180000000000002,6.220200000000014
2014-09-25,2015,2.9807,2.8966000000000003,2.9119,2.9979,7.144199999999987
2014-09-26,2015,2.9745999999999997,2.8810000000000002,2.8962,2.9814,7.509599999999975
2014-09-29,2015,2.9751999999999996,2.8836,2.888,2.9703,7.303799999999988
2014-09-30,2015,2.9635000000000002,2.8767,2.8942,2.9758999999999998,7.076999999999995
2014-10-01,2015,2.9862,2.8889,2.8991000000000002,2.9772000000000003,7.366800000000009
2014-10-02,2015,2.9779,2.889,2.8975,2.9699,6.774600000000009
2014-10-03,2015,3.0041,2.9129,2.9309,2.9999000000000002,6.728400000000024
2014-10-06,2015,2.9966000000000004,2.9144,2.9164,2.985,6.333600000000011
2014-10-07,2015,3.0458,2.9497000000000004,2.9703,3.0345999999999997,6.736799999999967
2014-10-08,2015,3.0854000000000004,2.9637000000000002,2.9795,3.0332,7.366800000000009
2014-10-09,2015,3.0277999999999996,2.927,2.9139999999999997,2.9786,6.9468
2014-10-10,2015,3.0227,2.9305000000000003,2.8958,2.9662,6.829199999999994
2014-10-13,2015,3.0159,2.9227999999999996,2.9087,2.9886,7.266000000000002
2014-10-14,2015,3.0262000000000002,2.9144,2.9007,2.9706,7.631400000000008
2014-10-15,2015,3.0347000000000004,2.9235,2.9126999999999996,2.9934,8.059800000000017
2014-10-16,2015,3.0887000000000002,2.9791000000000003,2.9581999999999997,3.0351999999999997,7.837199999999995
2014-10-17,2015,3.0707,2.9718999999999998,2.9386,3.0178,7.475999999999997
2014-10-20,2015,3.0649,2.9555000000000002,2.9145999999999996,2.9922000000000004,7.85400000000003
2014-10-21,2015,3.1088999999999998,2.9832,2.9457999999999998,3.0114,8.034600000000001
2014-10-22,2015,3.0787999999999998,2.9716000000000005,2.9261,2.9945999999999997,7.379399999999961
2014-10-23,2015,3.0978,2.9843,2.9358,3.0044,7.648199999999988
2014-10-24,2015,3.1108,2.9872,2.9267000000000003,2.9857,7.669199999999976
2014-10-27,2015,3.1155,2.9914,2.9414,2.9962999999999997,7.517999999999993
2014-10-28,2015,3.1039,2.9682,2.9299,2.9783999999999997,7.736399999999987
2014-10-29,2015,3.1014,2.9805,2.9352,2.9906,7.404599999999996
2014-10-30,2015,3.1308999999999996,3.0167,2.9779,3.0304,7.001399999999984
2014-10-31,2015,3.108,2.9955000000000003,2.9320999999999997,2.9932,7.291199999999999
2014-11-03,2015,3.1049,2.9897000000000005,2.9737999999999998,3.0316,7.266000000000002
2014-11-04,2015,3.1145,3.0162,2.9985000000000004,3.0655,6.942599999999991
2014-11-05,2015,3.063,2.9817,2.9501999999999997,3.0192,6.312600000000023
2014-11-06,2015,3.0575,2.9781999999999997,2.9337999999999997,2.9958,5.934600000000027
2014-11-07,2015,3.0317000000000003,2.9328,2.8837,2.9377999999999997,6.426000000000001
2014-11-10,2015,3.002,2.9244,2.8723,2.9281,5.6027999999999984
2014-11-11,2015,3.033,2.9576,2.9137,2.9735,5.678400000000009
2014-11-12,2015,3.0688,2.9789,2.9337,2.989,6.0984
2014-11-13,2015,3.0189,2.9394,2.9158,2.965,5.405399999999992
2014-11-14,2015,2.9914,2.9120999999999997,2.8974,2.9447,5.317200000000011
2014-11-17,2015,3.0170999999999997,2.9479,2.9337,2.9835000000000003,4.9979999999999905
2014-11-18,2015,3.0535,3.0004000000000004,2.9686000000000003,3.0164,4.237799999999972
2014-11-19,2015,3.01,2.9709,2.9329,2.9866,3.8975999999999997
2014-11-20,2015,2.9671,2.9520999999999997,2.8939,2.9542,3.1626000000000154
2014-11-21,2015,2.9766000000000004,2.9558999999999997,2.9093,2.9642,3.1752000000000233
2014-11-24,2015,2.918,2.9285,2.8843,2.9368,1.7639999999999922
2014-11-25,2015,2.8986,2.9183,2.8688,2.9183999999999997,1.2558000000000016
2014-11-26,2015,2.8704,2.8945999999999996,2.8335000000000004,2.8796,0.9198000000000013
2014-11-28,2015,2.923,2.9348,2.8711,2.911,1.1801999999999913
2014-12-01,2015,2.8926,2.9114999999999998,2.8487999999999998,2.8889,0.8904000000000138
2014-12-02,2015,2.8270999999999997,2.8810000000000002,2.7944,2.8467000000000002,-0.06720000000001125
2014-12-03,2015,2.8846,2.9114999999999998,2.8358999999999996,2.8775999999999997,0.6216000000000061
2014-12-04,2015,2.8505000000000003,2.888,2.8145,2.8647000000000005,0.5334000000000438
2014-12-05,2015,2.8659,2.9036,2.8480000000000003,2.8966000000000003,0.4577999999999962
2014-12-08,2015,2.8857,2.8988,2.859,2.8964,1.0205999999999902
2014-12-09,2015,2.8661000000000003,2.9005,2.8741000000000003,2.9093,0.0335999999999963
2014-12-10,2015,2.9082,2.9408,2.9356999999999998,2.9641,-0.17639999999998057
2014-12-11,2015,2.9418,2.96,2.9556999999999998,2.9755000000000003,0.0672000000000299
2014-12-12,2015,2.9555000000000002,2.9768,2.9783,2.9991000000000003,-0.02099999999996971
2014-12-15,2015,2.9442000000000004,2.9741000000000004,2.9991000000000003,3.0199000000000003,-0.38220000000000454
2014-12-16,2015,2.9314999999999998,2.9536000000000002,2.9715,2.9943,0.029399999999987436
2014-12-17,2015,2.9638,2.9983,3.0329,3.0502,-0.7224000000000137
2014-12-18,2015,2.9368,2.9858999999999996,3.0354,3.0597000000000003,-1.0415999999999785
2014-12-19,2015,2.9573,2.9995999999999996,3.0645,3.0864,-0.8567999999999802
2014-12-22,2015,2.9681,3.0244999999999997,3.0816000000000003,3.116,-0.9239999999999915
2014-12-23,2015,2.984,3.0655,3.1019,3.1401,-1.8186000000000142
2014-12-24,2015,2.977,3.0441000000000003,3.083,3.1211,-1.218000000000015
2014-12-26,2015,2.9681,3.0260000000000002,3.0694999999999997,3.1045,-0.9617999999999967
2014-12-29,2015,2.8964,2.9655,3.0012,3.0458999999999996,-1.0248000000000177
2014-12-30,2015,2.8899,2.978,2.9920999999999998,3.0458,-1.4448000000000087
2014-12-31,2015,2.8608,2.9701,2.9818000000000002,3.0388,-2.19660000000001
2015-01-02,2015,2.8748,2.9541000000000004,2.958,3.011,-1.1046000000000182
2015-01-05,2015,2.9027,2.9756,2.9858,3.0437,-0.6300000000000052
2015-01-06,2015,2.8933,2.9694,2.9842,3.04,-0.85259999999999
2015-01-07,2015,2.9257999999999997,3.0000999999999998,3.0125,3.0732,-0.5712000000000117
2015-01-08,2015,2.9395,3.0287,3.0664,3.1239,-1.331400000000012
2015-01-09,2015,2.9328,3.0145999999999997,3.0675,3.1247000000000003,-1.0331999999999795
2015-01-12,2015,2.9133999999999998,2.9907999999999997,3.0547000000000004,3.1178,-0.6006000000000178
2015-01-13,2015,2.9262,3.0199000000000003,3.0751,3.1411000000000002,-1.163399999999993
2015-01-14,2015,2.9484,3.0581,3.1156,3.1852,-1.6842000000000104
2015-01-15,2015,2.972,3.0727999999999995,3.1382999999999996,3.2064,-1.37339999999997
2015-01-16,2015,2.9879000000000002,3.0869999999999997,3.1464999999999996,3.2138999999999998,-1.3313999999999746
2015-01-20,2015,2.9781999999999997,3.0734,3.1475999999999997,3.2085000000000004,-1.4405999999999812
2015-01-21,2015,2.9714,3.0801999999999996,3.1430000000000002,3.2055000000000002,-1.9445999999999817
2015-01-22,2015,2.9410000000000003,3.0614999999999997,3.1093,3.1771,-2.2133999999999894
2015-01-23,2015,2.9530000000000003,3.0825,3.1351,3.2032,-2.5787999999999958
2015-01-26,2015,2.9006,3.0412,3.0820999999999996,3.1529000000000003,-2.9315999999999756
2015-01-27,2015,2.9187,3.0633999999999997,3.1067,3.1773000000000002,-3.1121999999999836
2015-01-28,2015,2.9649,3.1189,3.1807999999999996,3.2486,-3.6203999999999743
2015-01-29,2015,2.9867000000000004,3.1334,3.1828,3.2568,-3.0533999999999715
2015-01-30,2015,2.9432,3.0850999999999997,3.1292,3.2083,-2.6375999999999893
2015-02-02,2015,2.9252,3.0650999999999997,3.11,3.1889999999999996,-2.5578000000000074
2015-02-03,2015,2.9324,3.0543,3.0814,3.1584,-1.8858000000000068
2015-02-04,2015,2.9241,3.0491,3.0978,3.1719,-2.1377999999999977
2015-02-05,2015,2.9391000000000003,3.0745999999999998,3.1194,3.1957999999999998,-2.482199999999997
2015-02-06,2015,2.9291,3.0569,3.0987,3.1702,-2.36460000000001
2015-02-09,2015,2.964,3.0754,3.1468000000000003,3.2068,-2.1588000000000234
2015-02-10,2015,2.9370999999999996,3.0563,3.1205000000000003,3.1788,-2.557800000000026
2015-02-11,2015,2.9251,3.0471,3.1117000000000004,3.1648,-2.8938000000000077
2015-02-12,2015,2.8894,3.0181999999999998,3.103,3.1506,-3.4103999999999974
2015-02-13,2015,2.8520999999999996,2.9939999999999998,3.0779,3.1236,-4.040400000000003
2015-02-17,2015,2.8821,3.0386,3.1164,3.1667,-4.460400000000012
2015-02-18,2015,2.8884,3.0181999999999998,3.0858,3.1395,-3.196199999999993
2015-02-19,2015,2.8942,3.0357,3.0793,3.1308999999999996,-3.775800000000004
2015-02-20,2015,2.9193000000000002,3.0417,3.0814,3.1272,-3.2171999999999814
2015-02-23,2015,2.9703,3.0866000000000002,3.1167000000000002,3.1603,-3.0534000000000274
2015-02-24,2015,2.9261,3.0408999999999997,3.0711,3.1096,-3.204599999999992
2015-02-25,2015,2.9024,3.0274,3.0438,3.0908999999999995,-3.271800000000022
2015-02-26,2015,2.8695999999999997,3.0088999999999997,3.0227999999999997,3.0712,-3.8177999999999805
2015-02-27,2015,2.875,3.0155000000000003,3.0335,3.0872,-3.645600000000009
2015-03-02,2015,2.8791,3.0112,3.0429000000000004,3.0932999999999997,-3.431400000000023
2015-03-03,2015,2.8723,3.0151,3.0505,3.1033,-3.779999999999994
2015-03-04,2015,2.9361,3.0487,3.0812,3.1188,-3.1500000000000075
2015-03-05,2015,2.9155,3.0260000000000002,3.0702,3.0989999999999998,-3.4314000000000044
2015-03-06,2015,2.877,2.9800999999999997,3.0173,3.0465,-3.1038000000000032
2015-03-09,2015,2.8617000000000004,2.9608999999999996,3.0025999999999997,3.0309,-2.977799999999961
2015-03-10,2015,2.8719,2.9652999999999996,3.0125,3.0319,-3.1079999999999934
2015-03-11,2015,2.9017,2.9781999999999997,3.0432,3.0527999999999995,-2.809800000000017
2015-03-12,2015,2.9027,2.9711000000000003,3.0056,3.0139,-2.524200000000011
2015-03-13,2015,2.8920999999999997,2.9655,3.0055,3.0106,-2.8686000000000105
2015-03-16,2015,2.8979000000000004,2.967,3.0017,3.0074,-2.6627999999999865
2015-03-17,2015,2.9078,2.9633,2.9912,2.9945,-2.192400000000001
2015-03-18,2015,2.9112,2.9442000000000004,2.9647,2.9685,-1.2264000000000141
2015-03-19,2015,2.9019999999999997,2.9372000000000003,2.9657999999999998,2.9652999999999996,-1.4994000000000307
2015-03-20,2015,2.8743,2.89,2.9345999999999997,2.9377,-0.5291999999999977
2015-03-23,2015,2.885,2.8987,2.9436,2.9568,-0.021000000000007013
2015-03-24,2015,2.906,2.9341000000000004,2.9641,2.9945,0.09659999999998004
2015-03-25,2015,2.8797,2.9242000000000004,2.9286000000000003,2.9665,-0.2772000000000254
2015-03-26,2015,2.8538,2.8987,2.9202,2.9592,-0.24779999999998203
2015-03-27,2015,2.8827999999999996,2.9116000000000004,2.9366000000000003,2.975,0.4031999999999556
2015-03-30,2015,2.8859,2.9289,2.9576,2.9944,-0.26039999999999
2015-03-31,2015,2.9116000000000004,2.9399,2.9514,2.9915,0.4956000000000014
2015-04-01,2015,2.9126999999999996,2.9492000000000003,2.9337999999999997,2.9879000000000002,0.7391999999999932
2015-04-02,2015,2.9208999999999996,2.9585000000000004,2.9564999999999997,3.0082999999999998,0.5963999999999716
2015-04-06,2015,2.904,2.9537999999999998,2.9566000000000003,3.0106,0.17639999999999922
2015-04-07,2015,2.8964,2.9405,2.9383999999999997,2.9897000000000005,0.30240000000002265
2015-04-08,2015,2.8813999999999997,2.9095999999999997,2.9054,2.9561,0.9449999999999985
2015-04-09,2015,2.9301,2.9591000000000003,2.9503,3.0013,0.9239999999999915
2015-04-10,2015,2.9781999999999997,3.0033,2.9789999999999996,3.0339,1.2516000000000114
2015-04-13,2015,2.97,3.0014999999999996,2.9360000000000004,2.9926999999999997,1.0583999999999953
2015-04-14,2015,2.9817,3.0002999999999997,2.9441,3.0035000000000003,1.7136000000000164
2015-04-15,2015,2.9344,2.9648000000000003,2.9095999999999997,2.9688999999999997,1.2137999999999876
2015-04-16,2015,2.9065,2.9349000000000003,2.9074,2.9625,1.121399999999979
2015-04-17,2015,2.9383,2.9666,2.9638999999999998,3.0205,1.188600000000009
2015-04-20,2015,2.8894,2.9067000000000003,2.907,2.9661,1.7555999999999932
2015-04-21,2015,2.9057,2.9155,2.9029000000000003,2.9663,2.251199999999976
2015-04-22,2015,2.8856,2.8998000000000004,2.8824,2.9528,2.3603999999999825
2015-04-23,2015,2.9288,2.9498,2.9227999999999996,2.9992,2.326800000000005
2015-04-24,2015,2.9389,2.9745999999999997,2.9454000000000002,3.0286,1.9949999999999948
2015-04-27,2015,2.948,2.9832,2.9495,3.0276,1.8017999999999974
2015-04-28,2015,2.9006,2.9482999999999997,2.9235,3.0060000000000002,1.461600000000007
2015-04-29,2015,2.9019,2.935,2.9137,2.9913,1.86899999999999
2015-04-30,2015,2.9085,2.9265,2.8885,2.9692000000000003,2.6334000000000177
2015-05-01,2015,2.9932,2.9831,2.9587,3.0261,3.2550000000000052
2015-05-04,2015,2.9968,2.9912,2.9387,3.016,3.481799999999999
2015-05-05,2015,2.9920999999999998,2.9714,2.9255,3.0029000000000003,4.120200000000003
2015-05-06,2015,3.0136000000000003,2.9939999999999998,2.9452999999999996,3.0269999999999997,4.254600000000026
2015-05-07,2015,2.9577999999999998,2.9314,2.8924000000000003,2.9626,4.057199999999982
2015-05-08,2015,2.9032999999999998,2.8769,2.8333,2.9063999999999997,4.178999999999978
2015-05-11,2015,2.853,2.8306999999999998,2.7724,2.8531,4.3260000000000085
2015-05-12,2015,2.8404000000000003,2.8417000000000003,2.7733999999999996,2.8592,3.54900000000001
2015-05-13,2015,2.8244,2.841,2.758,2.8402999999999996,2.7593999999999665
2015-05-14,2015,2.8550999999999997,2.8644,2.7752,2.8608,3.204599999999992
2015-05-15,2015,2.8072000000000004,2.7944,2.7149,2.802,4.1958000000000135
2015-05-18,2015,2.7981,2.7932,2.7286,2.8143000000000002,3.8051999999999913
2015-05-19,2015,2.7879,2.7858,2.7157999999999998,2.8059,3.8724000000000025
2015-05-20,2015,2.7920999999999996,2.7698,2.708,2.7835,4.107599999999977
2015-05-21,2015,2.772,2.7412,2.693,2.7644,4.2923999999999936
2015-05-22,2015,2.7325,2.7226999999999997,2.6663,2.7467,3.7884000000000118
2015-05-26,2015,2.7182,2.7351,2.6608,2.7513,3.0911999999999953
2015-05-27,2015,2.7708999999999997,2.7758,2.7024,2.79,3.4734
2015-05-28,2015,2.7991,2.7962000000000002,2.7247000000000003,2.8070999999999997,3.582599999999969
2015-05-29,2015,2.8041,2.8031,2.7507,2.8262,3.212999999999991
2015-06-01,2016,2.8823000000000003,2.8539,2.6599,2.9082999999999997,11.625600000000006
2015-06-02,2016,2.8472000000000004,2.8202999999999996,2.6238,2.8707,11.49960000000002
2015-06-03,2016,2.863,2.8441,2.6660000000000004,2.923,11.587799999999984
2015-06-04,2016,2.8870999999999998,2.8666,2.6683,2.9341000000000004,12.02460000000001
2015-06-05,2016,2.8456,2.8254,2.636,2.9044,12.12119999999999
2015-06-08,2016,2.8164999999999996,2.8371,2.6212999999999997,2.9044,11.024999999999988
2015-06-09,2016,2.812,2.8308,2.5787,2.8617000000000004,11.09640000000001
2015-06-10,2016,2.7544,2.7837,2.537,2.8173000000000004,10.542000000000014
2015-06-11,2016,2.7557,2.7847000000000004,2.5162,2.7936,10.43279999999999
2015-06-12,2016,2.7162,2.7469,2.4736000000000002,2.7552,10.537799999999987
2015-06-15,2016,2.7327,2.7497000000000003,2.4877000000000002,2.7617000000000003,10.793999999999986
2015-06-16,2016,2.7156000000000002,2.7212,2.459,2.7226,10.836
2015-06-17,2016,2.7445,2.7638,2.4819999999999998,2.7502999999999997,10.458000000000006
2015-06-18,2016,2.7739,2.7872000000000003,2.5219,2.7809,10.319399999999973
2015-06-19,2016,2.7963,2.8149,2.5503,2.8094,10.100999999999997
2015-06-22,2016,2.7554000000000003,2.7758,2.5157,2.7678,9.731400000000018
2015-06-23,2016,2.7220999999999997,2.7391,2.4565,2.7089,9.886799999999974
2015-06-24,2016,2.6847000000000003,2.7043,2.4153000000000002,2.6718,9.949800000000014
2015-06-25,2016,2.6817,2.7015,2.4162,2.6612,9.458400000000022
2015-06-26,2016,2.6522,2.6812,2.3754,2.6222000000000003,9.147600000000018
2015-06-29,2016,2.6424000000000003,2.6756,2.3506,2.6052,9.298800000000002
2015-06-30,2016,2.6214,2.6686,2.3527,2.5995999999999997,8.387399999999982
2015-07-01,2016,2.6146,2.6743,2.3596,2.615,8.2194
2015-07-02,2016,2.6014,2.6616000000000004,2.3266999999999998,2.5811,8.156399999999998
2015-07-06,2016,2.5987999999999998,2.6597000000000004,2.334,2.5831,7.904399999999969
2015-07-07,2016,2.5839,2.6492,2.3121,2.5579,7.580999999999995
2015-07-08,2016,2.6162,2.6765,2.3409999999999997,2.5782,7.429800000000012
2015-07-09,2016,2.653,2.6910000000000003,2.3718,2.6081,8.328599999999987
2015-07-10,2016,2.6343,2.6683999999999997,2.3442,2.5721,8.139600000000017
2015-07-13,2016,2.6393,2.6803,2.3733,2.5970999999999997,7.677599999999994
2015-07-14,2016,2.6512000000000002,2.6938999999999997,2.3782,2.5975,7.417200000000022
2015-07-15,2016,2.6771,2.7105,2.3933,2.617,7.992599999999987
2015-07-16,2016,2.6837,2.7127,2.3936,2.6192,8.257200000000005
2015-07-17,2016,2.6963,2.7322,2.3929,2.637,8.744399999999988
2015-07-20,2016,2.6661,2.6874000000000002,2.3615,2.5991000000000004,9.084600000000016
2015-07-21,2016,2.7220999999999997,2.7081999999999997,2.3842,2.6166,10.344600000000007
2015-07-22,2016,2.7510000000000003,2.7385,2.4078,2.6445999999999996,10.470599999999994
2015-07-23,2016,2.7368,2.7365,2.394,2.638,10.260599999999998
2015-07-24,2016,2.6485000000000003,2.6617,2.3278,2.577,9.91200000000001
2015-07-27,2016,2.6598,2.6702999999999997,2.3425,2.5839999999999996,9.702000000000012
2015-07-28,2016,2.7331,2.714,2.3928,2.6185,10.281600000000005
2015-07-29,2016,2.7541,2.742,2.4066,2.6397000000000004,10.298400000000022
2015-07-30,2016,2.7531,2.7445999999999997,2.4183000000000003,2.6519,10.16819999999999
2015-07-31,2016,2.7657,2.7612,2.4532,2.6751,9.508799999999997
2015-08-03,2016,2.7277,2.7432999999999996,2.4228,2.6456999999999997,8.706600000000002
2015-08-04,2016,2.7325,2.7331,2.4147,2.6296,9.000600000000006
2015-08-05,2016,2.6905,2.7114,2.3746,2.5981,8.509200000000014
2015-08-06,2016,2.6789,2.6917,2.3736,2.5911,8.597399999999995
2015-08-07,2016,2.6987,2.7182,2.3989,2.6244,8.652000000000017
2015-08-10,2016,2.6938999999999997,2.7176,2.3902,2.6212,8.706599999999984
2015-08-11,2016,2.737,2.7552999999999996,2.4251,2.6599,9.093000000000014
2015-08-12,2016,2.7142,2.7462,2.4155,2.6562,8.765399999999996
2015-08-13,2016,2.7302999999999997,2.7569999999999997,2.4344,2.6667,8.635200000000001
2015-08-14,2016,2.7629,2.7813999999999997,2.4566,2.69,9.025800000000022
2015-08-17,2016,2.7308999999999997,2.7367000000000004,2.4254,2.6589,9.563399999999982
2015-08-18,2016,2.7344999999999997,2.7256,2.4155,2.6449000000000003,10.008599999999989
2015-08-19,2016,2.7676,2.7543,2.4431,2.6762,10.348799999999997
2015-08-20,2016,2.7781000000000002,2.7651,2.4433000000000002,2.6766,10.344600000000007
2015-08-21,2016,2.7992000000000004,2.7777,2.4912,2.7152,10.31100000000001
2015-08-24,2016,2.7774,2.7628,2.4795,2.7125,10.399200000000011
2015-08-25,2016,2.8148,2.7922000000000002,2.522,2.7527,10.638599999999993
2015-08-26,2016,2.7854,2.7643,2.5051,2.7384,10.6848
2015-08-27,2016,2.84,2.8125999999999998,2.5534,2.7876999999999996,10.991399999999992
2015-08-28,2016,2.8893,2.8531,2.6005000000000003,2.8391,11.541599999999997
2015-08-31,2016,2.8588,2.8435,2.5913999999999997,2.8364,10.932599999999999
2015-09-01,2016,2.8294,2.8149,2.5591999999999997,2.8072000000000004,11.025000000000027
2015-09-02,2016,2.8182,2.8075,2.5509,2.7952,10.709999999999996
2015-09-03,2016,2.8135000000000003,2.7768,2.5286,2.7581,11.180400000000018
2015-09-04,2016,2.8318,2.803,2.5497,2.7818,10.957799999999995
2015-09-08,2016,2.7727,2.7624,2.5027,2.7336,10.130400000000003
2015-09-09,2016,2.7729000000000004,2.7451,2.4844999999999997,2.7148000000000003,10.840200000000046
2015-09-10,2016,2.7885000000000004,2.7574,2.5091,2.7424,11.104800000000008
2015-09-11,2016,2.8451999999999997,2.7883999999999998,2.549,2.78,12.087599999999993
2015-09-14,2016,2.8341000000000003,2.7786,2.5322,2.7613,11.953200000000008
2015-09-15,2016,2.8327999999999998,2.7683,2.5295,2.7476,11.86919999999998
2015-09-16,2016,2.8221,2.7614,2.5380000000000003,2.7569,11.743199999999975
2015-09-17,2016,2.8097000000000003,2.7522,2.5456,2.7492,10.966200000000015
2015-09-18,2016,2.81,2.7552999999999996,2.5313,2.7366,10.920000000000028
2015-09-21,2016,2.8592,2.7756,2.5718,2.7638,11.575199999999993
2015-09-22,2016,2.8468,2.7544,2.5487,2.7453,12.137999999999987
2015-09-23,2016,2.8794,2.7806,2.5636,2.7584,12.331199999999985
2015-09-24,2016,2.8689,2.7843,2.5477000000000003,2.7519,12.12959999999999
2015-09-25,2016,2.8735000000000004,2.7746,2.5332,2.7306,12.444600000000019
2015-09-28,2016,2.8827999999999996,2.795,2.5428,2.7449,12.175799999999974
2015-09-29,2016,2.9036,2.8197,2.5685000000000002,2.7773000000000003,12.293399999999998
2015-09-30,2016,2.8468,2.7708,2.5188,2.7220999999999997,11.730599999999985
2015-10-01,2016,2.7961,2.7287,2.4697,2.6713999999999998,11.302199999999996
2015-10-02,2016,2.7843,2.7260000000000004,2.464,2.6737,11.255999999999991
2015-10-05,2016,2.793,2.7193,2.439,2.6467,11.818800000000003
2015-10-06,2016,2.8473,2.7489999999999997,2.4844999999999997,2.678,12.25560000000003
2015-10-07,2016,2.8166,2.7445999999999997,2.474,2.6722,11.34840000000002
2015-10-08,2016,2.8629000000000002,2.7883,2.5162999999999998,2.716,11.520600000000027
2015-10-09,2016,2.8703,2.7829,2.5212,2.7175,11.915399999999984
2015-10-12,2016,2.8782,2.7811000000000003,2.5561000000000003,2.736,11.633999999999986
2015-10-13,2016,2.8528,2.7399,2.5151,2.6943,12.2682
2015-10-14,2016,2.8445,2.7439,2.5276,2.7077999999999998,11.793599999999987
2015-10-15,2016,2.8498,2.75,2.5413,2.7242,11.873400000000007
2015-10-16,2016,2.8758999999999997,2.7698,2.573,2.7588999999999997,12.263999999999974
2015-10-19,2016,2.8617000000000004,2.7464,2.5468,2.7356,12.772200000000002
2015-10-20,2016,2.8327999999999998,2.7037999999999998,2.5147999999999997,2.7034,13.339200000000005
2015-10-21,2016,2.8209,2.6955,2.4988,2.6799,12.87299999999999
2015-10-22,2016,2.8303,2.7142,2.5209,2.6969,12.268199999999982
2015-10-23,2016,2.8398000000000003,2.7177,2.5179,2.6961,12.612600000000018
2015-10-26,2016,2.8637,2.7616,2.5837,2.7615,11.7558
2015-10-27,2016,2.7912,2.7035,2.515,2.6971,11.331599999999984
2015-10-28,2016,2.7451999999999996,2.681,2.483,2.6742000000000004,10.726799999999994
2015-10-29,2016,2.7876,2.7157999999999998,2.5014,2.696,11.188800000000018
2015-10-30,2016,2.8051,2.7405,2.5375,2.7285000000000004,10.735200000000011
2015-11-02,2016,2.8191,2.7486,2.532,2.7218999999999998,10.93679999999999
2015-11-03,2016,2.8266000000000004,2.7302999999999997,2.5173,2.7014,11.776800000000026
2015-11-04,2016,2.82,2.7258999999999998,2.5279,2.7018,11.25600000000001
2015-11-05,2016,2.827,2.7377999999999996,2.5450999999999997,2.7116000000000002,10.739400000000039
2015-11-06,2016,2.8181,2.7237999999999998,2.5251,2.6879000000000004,10.798200000000014
2015-11-09,2016,2.8118,2.713,2.4886,2.6586000000000003,11.289600000000007
2015-11-10,2016,2.7931,2.6947,2.4727,2.64,11.159399999999993
2015-11-11,2016,2.8632999999999997,2.7554000000000003,2.5215,2.6898,11.600399999999972
2015-11-12,2016,2.8983,2.7769,2.5366,2.7102,12.389999999999997
2015-11-13,2016,2.9227999999999996,2.8035,2.5476,2.7247000000000003,12.448799999999991
2015-11-16,2016,2.9010000000000002,2.7724,2.5345,2.7048,12.553800000000006
2015-11-17,2016,2.8977999999999997,2.7725999999999997,2.5286,2.6995999999999998,12.440399999999991
2015-11-18,2016,2.9249,2.8146,2.5718,2.7385,11.634000000000006
2015-11-19,2016,2.935,2.8216,2.5506,2.7262,12.137999999999987
2015-11-20,2016,2.8988,2.8092,2.5408,2.7225,11.394600000000004
2015-11-23,2016,2.8649,2.7714999999999996,2.5187,2.7064,11.806200000000015
2015-11-24,2016,2.8641,2.7527,2.5075,2.6902,12.35220000000001
2015-11-25,2016,2.8631,2.7595,2.5269999999999997,2.7123000000000004,12.133800000000035
2015-11-27,2016,2.8886000000000003,2.7761,2.5555000000000003,2.7398000000000002,12.465600000000007
2015-11-30,2016,2.8918,2.7758,2.5707,2.7420999999999998,12.070799999999995
2015-12-01,2016,2.8657999999999997,2.772,2.5456,2.7233,11.403000000000002
2015-12-02,2016,2.8941000000000003,2.8139999999999996,2.5887000000000002,2.765,10.768800000000027
2015-12-03,2016,2.9363,2.8373000000000004,2.6035000000000004,2.7825,11.675999999999982
2015-12-04,2016,2.8851,2.8018,2.5512,2.7411000000000003,11.474400000000005
2015-12-07,2016,2.9370999999999996,2.8464,2.6315,2.8193,11.696999999999989
2015-12-08,2016,2.9764999999999997,2.8889,2.6660000000000004,2.8525,11.512199999999972
2015-12-09,2016,3.0488,2.9555000000000002,2.7472000000000003,2.9257,11.415599999999973
2015-12-10,2016,2.9665,2.883,2.6706,2.8583,11.390399999999996
2015-12-11,2016,2.9832,2.8988,2.7096,2.8939999999999997,11.289599999999988
2015-12-14,2016,2.9286000000000003,2.8608,2.6874000000000002,2.8708,10.550400000000014
2015-12-15,2016,2.9133,2.8213999999999997,2.6364,2.8139999999999996,11.318999999999994
2015-12-16,2016,2.855,2.7798000000000003,2.5907999999999998,2.7681,10.604999999999997
2015-12-17,2016,2.8051,2.7508999999999997,2.5478,2.7381,10.269000000000016
2015-12-18,2016,2.8269,2.7595,2.5561000000000003,2.7443,10.735199999999992
2015-12-21,2016,2.8166,2.7697000000000003,2.5631,2.7601,10.2438
2015-12-22,2016,2.8622,2.7898,2.5989,2.7845999999999997,10.84019999999999
2015-12-23,2016,2.8698,2.8095,2.6096,2.7933999999999997,10.252199999999998
2015-12-24,2016,2.8824,2.804,2.6113999999999997,2.786,10.626000000000023
2015-12-28,2016,2.8939999999999997,2.7998000000000003,2.6235000000000004,2.7942,11.125799999999959
2015-12-29,2016,2.9089,2.8044,2.597,2.7721,11.743200000000012
2015-12-30,2016,2.8401,2.7384,2.5141,2.6919999999999997,11.743199999999995
2015-12-31,2016,2.8743,2.7661000000000002,2.5443000000000002,2.7293000000000003,12.314399999999987
2016-01-04,2016,2.8822,2.7584,2.5477000000000003,2.7224,12.53699999999999
2016-01-05,2016,2.8344,2.7034,2.4987,2.6763,12.961200000000009
2016-01-06,2016,2.8070999999999997,2.6722,2.4581,2.6416000000000004,13.372800000000002
2016-01-07,2016,2.7825,2.6489999999999996,2.4295,2.6166,13.465200000000028
2016-01-08,2016,2.7607999999999997,2.6442,2.4267,2.6199,13.011599999999984
2016-01-11,2016,2.7744999999999997,2.6315,2.412,2.5976999999999997,13.805399999999981
2016-01-12,2016,2.8486000000000002,2.7034,2.4711000000000003,2.6711,14.498400000000007
2016-01-13,2016,2.8185000000000002,2.6969,2.4441,2.6492,13.72140000000001
2016-01-14,2016,2.8354000000000004,2.7281,2.4928,2.7006,13.234200000000026
2016-01-15,2016,2.8262,2.7321,2.5129,2.7105,12.251400000000004
2016-01-19,2016,2.7733,2.6892,2.4707,2.6704000000000003,11.919600000000012
2016-01-20,2016,2.7498,2.6712000000000002,2.4487,2.6464999999999996,11.60879999999997
2016-01-21,2016,2.7069,2.6571,2.4361,2.64,10.65540000000001
2016-01-22,2016,2.6997000000000004,2.6438,2.4374000000000002,2.642,10.940999999999999
2016-01-25,2016,2.7289999999999996,2.6719999999999997,2.4581,2.6655,11.104800000000008
2016-01-26,2016,2.7258999999999998,2.675,2.4659999999999997,2.6713,10.760400000000008
2016-01-27,2016,2.7349,2.6900999999999997,2.4525,2.67,11.016600000000007
2016-01-28,2016,2.7247000000000003,2.6751,2.4388,2.6572000000000005,11.256000000000029
2016-01-29,2016,2.6779,2.6395,2.3936,2.6156,10.936800000000009
2016-02-01,2016,2.6812,2.6408,2.4044,2.6327,11.285399999999997
2016-02-02,2016,2.6814,2.6364,2.4062,2.6351999999999998,11.507999999999981
2016-02-03,2016,2.6538999999999997,2.6224000000000003,2.3939,2.6235000000000004,10.966199999999995
2016-02-04,2016,2.6455,2.603,2.3785,2.5968,10.953600000000005
2016-02-05,2016,2.5944,2.5585,2.3324000000000003,2.5457,10.466399999999986
2016-02-08,2016,2.5860000000000003,2.553,2.3303,2.5484999999999998,10.550400000000014
2016-02-09,2016,2.6061,2.5586,2.3385,2.5585,11.235000000000003
2016-02-10,2016,2.5396,2.5221,2.2933000000000003,2.5199000000000003,10.252199999999998
2016-02-11,2016,2.4932,2.4927,2.2713,2.5006,9.65159999999998
2016-02-12,2016,2.5115,2.5309,2.309,2.5469999999999997,9.181199999999977
2016-02-16,2016,2.5484,2.5663,2.3312,2.5727999999999995,9.39539999999998
2016-02-17,2016,2.5236,2.5469999999999997,2.3045,2.5540000000000003,9.496200000000027
2016-02-18,2016,2.5084999999999997,2.5231,2.2704,2.5078,9.357599999999994
2016-02-19,2016,2.556,2.5724,2.3322,2.5555000000000003,8.689800000000023
2016-02-22,2016,2.5354,2.5377,2.2925999999999997,2.5111000000000003,9.080400000000026
2016-02-23,2016,2.5397,2.5284,2.2837,2.5015,9.622199999999994
2016-02-24,2016,2.596,2.5731,2.3350999999999997,2.5484999999999998,9.924599999999998
2016-02-25,2016,2.6363,2.5973,2.3588,2.5745999999999998,10.701599999999978
2016-02-26,2016,2.6554,2.5935,2.3613,2.574,11.533199999999997
2016-02-29,2016,2.6618,2.5978,2.3733,2.5857,11.60880000000001
2016-03-01,2016,2.6548000000000003,2.5937,2.3494,2.5694,11.806199999999997
2016-03-02,2016,2.6606,2.5848,2.3103,2.524,12.159000000000013
2016-03-03,2016,2.6411000000000002,2.5652999999999997,2.2913,2.5088999999999997,12.322800000000004
2016-03-04,2016,2.6782999999999997,2.5982,2.3511,2.5604,12.154799999999986
2016-03-07,2016,2.6725,2.5882,2.3424,2.5587999999999997,12.629399999999979
2016-03-08,2016,2.64,2.5554,2.3026,2.5135,12.411000000000005
2016-03-09,2016,2.6587,2.5838,2.3299000000000003,2.5403000000000002,11.982599999999994
2016-03-10,2016,2.6830000000000003,2.6075999999999997,2.3531999999999997,2.571,12.314400000000042
2016-03-11,2016,2.6897,2.628,2.3693,2.593,11.986800000000004
2016-03-14,2016,2.6862,2.6343,2.3519,2.5847,11.957399999999998
2016-03-15,2016,2.6897,2.6277999999999997,2.3513,2.5846,12.398400000000015
2016-03-16,2016,2.6438,2.5799000000000003,2.315,2.5499,12.549599999999998
2016-03-18,2016,2.6998,2.6207,2.3502,2.5650999999999997,12.348000000000003
2016-03-21,2016,2.7302999999999997,2.6526,2.3758,2.5899,12.255599999999994
2016-03-22,2016,2.7555,2.6652,2.3752,2.5937,12.969600000000007
2016-03-23,2016,2.7805,2.6925,2.3805,2.5936000000000003,12.646200000000015
2016-03-24,2016,2.7832999999999997,2.6866000000000003,2.3775,2.5825,12.671399999999975
2016-03-28,2016,2.7592000000000003,2.6854,2.3878,2.6054000000000004,12.238800000000033
2016-03-29,2016,2.7782999999999998,2.6918,2.3889,2.6008,12.53279999999998
2016-03-30,2016,2.7708999999999997,2.7024,2.407,2.6308,12.27659999999998
2016-03-31,2016,2.7368,2.6668000000000003,2.3801,2.6069999999999998,12.469799999999978
2016-04-01,2016,2.7483,2.6557,2.3834999999999997,2.602,13.066200000000006
2016-04-04,2016,2.7632,2.6555,2.3951,2.6061,13.385400000000008
2016-04-05,2016,2.701,2.6071,2.3566,2.5652999999999997,12.7092
2016-04-06,2016,2.722,2.6483,2.3731999999999998,2.5915,12.26400000000001
2016-04-07,2016,2.6974,2.6419,2.3629,2.5763,11.293799999999997
2016-04-08,2016,2.6792000000000002,2.6321,2.3557,2.5709,11.016600000000007
2016-04-11,2016,2.6075999999999997,2.5776,2.3,2.5165,10.353000000000007
2016-04-12,2016,2.5995999999999997,2.5657,2.3034,2.5195,10.499999999999982
2016-04-13,2016,2.5827,2.5496,2.2782,2.4898,10.277399999999997
2016-04-14,2016,2.6187,2.5625,2.3076,2.5139,11.025000000000007
2016-04-15,2016,2.6113,2.5624000000000002,2.3128,2.5074,10.226999999999983
2016-04-18,2016,2.6341,2.5761000000000003,2.3542,2.5417,10.310999999999993
2016-04-19,2016,2.582,2.5366999999999997,2.3291,2.5178,9.828
2016-04-20,2016,2.53,2.4825,2.2813999999999997,2.4656000000000002,9.731400000000018
2016-04-21,2016,2.5229,2.4813,2.2656,2.4519,9.5718
2016-04-22,2016,2.4798,2.4591,2.2383,2.4308,8.954400000000003
2016-04-25,2016,2.4384,2.4282,2.1936,2.3967,8.958600000000011
2016-04-26,2016,2.4276,2.415,2.1694999999999998,2.3743,9.1308
2016-04-27,2016,2.4374000000000002,2.4169,2.17,2.3699,9.256800000000005
2016-04-28,2016,2.405,2.3973,2.15,2.3519,8.8032
2016-04-29,2016,2.3361,2.3611,2.1084,2.3179,7.748999999999995
2016-05-02,2016,2.3516,2.386,2.1591,2.366,7.244999999999995
2016-05-03,2016,2.3252,2.354,2.1294999999999997,2.3372,7.513800000000021
2016-05-04,2016,2.3185,2.336,2.1208,2.3261000000000003,7.887600000000008
2016-05-05,2016,2.2896,2.3262,2.0934,2.3082,7.484399999999996
2016-05-06,2016,2.3369999999999997,2.3472999999999997,2.1430000000000002,2.3405,7.862399999999992
2016-05-09,2016,2.3212,2.3394999999999997,2.141,2.3369,7.459200000000018
2016-05-10,2016,2.3541,2.3323,2.1345,2.3164,8.555399999999981
2016-05-11,2016,2.351,2.3106,2.1180000000000003,2.2969999999999997,9.214799999999974
2016-05-12,2016,2.3680000000000003,2.3041,2.0968,2.2739,10.122000000000003
2016-05-13,2016,2.3931999999999998,2.3418,2.1272,2.3091,9.798599999999976
2016-05-16,2016,2.4373,2.3805,2.1715,2.3531999999999997,10.016999999999989
2016-05-17,2016,2.4136,2.37,2.1611000000000002,2.3363,9.189599999999995
2016-05-18,2016,2.3802000000000003,2.3304,2.1385,2.3058,9.118200000000012
2016-05-19,2016,2.3934,2.3472,2.1462,2.3148,9.021600000000014
2016-05-20,2016,2.3733,2.3534,2.1378,2.3091999999999997,8.034599999999983
2016-05-23,2016,2.3669,2.3632,2.1631,2.3382,7.509599999999994
2016-05-24,2016,2.4130000000000003,2.4078,2.2072,2.3911000000000002,7.94220000000003
2016-05-25,2016,2.3959,2.3845,2.1649000000000003,2.3557,8.492399999999996
2016-05-26,2016,2.439,2.3912,2.1758,2.3744,10.348799999999997
2016-05-27,2016,2.43,2.3959,2.1883,2.3807,9.513000000000005
2016-05-31,2016,2.4386,2.4125,2.2048,2.4004,9.311399999999992
2016-06-01,2017,2.3987,2.3084000000000002,2.1709,2.3552,11.53319999999998
2016-06-02,2017,2.3418,2.2481999999999998,2.0888,2.2774,11.852400000000019
2016-06-03,2017,2.3117,2.2441999999999998,2.1134,2.2984999999999998,10.609200000000007
2016-06-06,2017,2.2799,2.2209,2.0876,2.2691,10.100999999999997
2016-06-07,2017,2.3308,2.2562,2.1212,2.3022,10.735199999999992
2016-06-08,2017,2.3996,2.2995,2.1754,2.3565,11.810400000000005
2016-06-09,2017,2.3544,2.2368,2.103,2.2781000000000002,12.293399999999998
2016-06-10,2017,2.3245,2.2107,2.0747999999999998,2.2476,12.037199999999999
2016-06-13,2017,2.2908,2.1867,2.0450999999999997,2.2203999999999997,11.734799999999995
2016-06-14,2017,2.3316,2.2259,2.0909,2.2725,12.066599999999987
2016-06-15,2017,2.3231,2.2015000000000002,2.0801,2.2542,12.419400000000003
2016-06-16,2017,2.3139,2.1965,2.0644,2.2493,12.696599999999991
2016-06-17,2017,2.267,2.1577,2.0259,2.2127,12.436199999999982
2016-06-20,2017,2.2775,2.1713999999999998,2.0354,2.2141,11.961600000000008
2016-06-21,2017,2.2619,2.1776,2.0357,2.2243,11.461799999999997
2016-06-22,2017,2.2802000000000002,2.1805000000000003,2.0476,2.2273,11.734799999999995
2016-06-23,2017,2.2329,2.1116,1.9679,2.1390000000000002,12.2808
2016-06-24,2017,2.2644,2.1283000000000003,1.9806,2.1449000000000003,12.616800000000008
2016-06-27,2017,2.2632,2.1346000000000003,1.9875999999999998,2.1577,12.545399999999999
2016-06-28,2017,2.2852,2.1517,1.9945,2.1687,12.923400000000004
2016-06-29,2017,2.2338999999999998,2.1075,1.9358000000000002,2.1125,12.730199999999979
2016-06-30,2017,2.2257,2.1052,1.9338,2.1064,12.310199999999988
2016-07-01,2017,2.2188,2.0964,1.9237,2.0906000000000002,12.150600000000004
2016-07-05,2017,2.2273,2.1277,1.9582,2.1282,11.323200000000012
2016-07-06,2017,2.2374,2.1364,1.9766,2.1468000000000003,11.390400000000014
2016-07-07,2017,2.2394,2.1483000000000003,1.9891999999999999,2.1572999999999998,10.886399999999977
2016-07-08,2017,2.2877,2.1759,2.0326,2.2009,11.7642
2016-07-11,2017,2.2174,2.1039,1.9463,2.1064,11.491200000000003
2016-07-12,2017,2.1828,2.0791999999999997,1.9308,2.0925,11.142599999999995
2016-07-13,2017,2.1733000000000002,2.0872,1.9428999999999998,2.1061,10.470600000000012
2016-07-14,2017,2.1721,2.0855,1.9319,2.1,10.697399999999996
2016-07-15,2017,2.1465,2.0675,1.8975,2.0718,10.638600000000013
2016-07-18,2017,2.1253,2.0434,1.9088999999999998,2.0731,10.336200000000018
2016-07-19,2017,2.1181,2.0405,1.9113,2.0774,10.235399999999991
2016-07-20,2017,2.1274,2.0388,1.9041,2.0673,10.575600000000001
2016-07-21,2017,2.1333,2.0181,1.8866999999999998,2.0546,11.890200000000025
2016-07-22,2017,2.0876,1.9823,1.8508000000000002,2.0205,11.550000000000006
2016-07-25,2017,2.0934,1.9768999999999999,1.8406,2.0147999999999997,12.209399999999988
2016-07-26,2017,2.1093,1.9702000000000002,1.8356999999999999,2.0081,13.083000000000014
2016-07-27,2017,2.0825,1.9469,1.7988,1.9697,12.873
2016-07-28,2017,2.0801,1.9550999999999998,1.8004,1.9815,12.856200000000001
2016-07-29,2017,2.0295,1.9011000000000002,1.7453999999999998,1.9233000000000002,12.86460000000001
2016-08-01,2017,2.093,1.9522,1.7955,1.9745,13.431599999999994
2016-08-02,2017,2.0965000000000003,1.9638999999999998,1.7909,1.9677,12.994800000000023
2016-08-03,2017,2.0955,1.9396,1.7649000000000001,1.9399000000000002,13.897799999999998
2016-08-04,2017,2.0665999999999998,1.9121000000000001,1.7344,1.9074,13.754999999999987
2016-08-05,2017,2.1023,1.9349,1.745,1.9162000000000001,14.2212
2016-08-08,2017,2.1085,1.9295,1.7419,1.9088,14.527799999999996
2016-08-09,2017,2.0894,1.9305,1.7219,1.8996000000000002,14.1372
2016-08-10,2017,2.1008,1.9477000000000002,1.7331,1.9147,14.05739999999999
2016-08-11,2017,2.0781,1.9275,1.7149,1.8981000000000001,14.019600000000004
2016-08-12,2017,2.1172,1.9469999999999998,1.7409999999999999,1.9168,14.532000000000012
2016-08-15,2017,2.1366,1.9623,1.7792,1.9433,14.21280000000001
2016-08-16,2017,2.1824,2.0039,1.8302,1.9896,14.191800000000004
2016-08-17,2017,2.1862,2.0057,1.8233000000000001,1.9984,14.935199999999988
2016-08-18,2017,2.1285,1.9434,1.7853,1.9547999999999999,14.893199999999982
2016-08-19,2017,2.1182,1.964,1.7993999999999999,1.9768000000000001,13.927200000000004
2016-08-22,2017,2.105,1.9657,1.8099,1.9780000000000002,12.910800000000005
2016-08-23,2017,2.113,1.9703,1.8027000000000002,1.9671,12.898199999999997
2016-08-24,2017,2.1147,1.9779,1.8256999999999999,1.9846000000000001,12.419400000000012
2016-08-25,2017,2.0966,1.9686000000000001,1.8086000000000002,1.9709999999999999,12.196799999999982
2016-08-26,2017,2.1021,1.9721000000000002,1.8237999999999999,1.976,11.8524
2016-08-29,2017,2.1002,1.9644,1.808,1.9628999999999999,12.209399999999999
2016-08-30,2017,2.1028000000000002,1.9919,1.831,1.9957,11.575200000000013
2016-08-31,2017,2.0787999999999998,1.9713999999999998,1.7933000000000001,1.9635,11.659199999999993
2016-09-01,2017,2.0698,1.9682,1.7884,1.9625,11.579399999999993
2016-09-02,2017,2.0766,1.9691,1.7747,1.9455,11.6886
2016-09-06,2017,2.1407,2.0178,1.8221,1.9950999999999999,12.427799999999992
2016-09-07,2017,2.1119,2.0087,1.7996,1.9912999999999998,12.385799999999978
2016-09-08,2017,2.14,2.0316,1.8244999999999998,2.0181,12.684000000000012
2016-09-09,2017,2.1386000000000003,2.0297,1.8109,2.0029,12.637800000000007
2016-09-12,2017,2.1092,1.9904,1.7480000000000002,1.9449,13.259399999999994
2016-09-13,2017,2.1158,1.9938999999999998,1.7448,1.943,13.44420000000002
2016-09-14,2017,2.1721,2.0436,1.7925,1.9901,13.696199999999994
2016-09-15,2017,2.1055,1.9925,1.751,1.9506000000000001,13.129200000000019
2016-09-16,2017,2.1383,2.0168,1.7933000000000001,1.986,13.1964
2016-09-19,2017,2.1285,2.0166999999999997,1.788,1.9774,12.650400000000005
2016-09-20,2017,2.1195,1.996,1.7831000000000001,1.9680000000000002,12.9528
2016-09-21,2017,2.1611000000000002,2.0298,1.8030000000000002,1.9943,13.54920000000001
2016-09-22,2017,2.1747,2.0317,1.7949000000000002,1.9833,13.918800000000006
2016-09-23,2017,2.1793,2.0338,1.8067,1.9923,13.906200000000007
2016-09-26,2017,2.1822,2.043,1.8359999999999999,2.0249,13.780200000000002
2016-09-27,2017,2.1181,2.0151,1.8018,2.0038,12.810000000000006
2016-09-28,2017,2.1048,1.9834,1.7819999999999998,1.9768999999999999,13.284600000000001
2016-09-29,2017,2.1015,1.9927000000000001,1.7931,1.9979,13.171200000000004
2016-09-30,2017,2.0951,1.9809999999999999,1.7597999999999998,1.9665000000000001,13.473600000000017
2016-10-03,2017,2.1243,2.0095,1.8024,2.0129,13.662599999999998
2016-10-04,2017,2.1634,2.0419,1.8138999999999998,2.023,13.885200000000019
2016-10-05,2017,2.1977,2.0662000000000003,1.8321,2.0373,14.1414
2016-10-06,2017,2.1627,2.053,1.7969,2.0105,13.578600000000005
2016-10-07,2017,2.198,2.0769,1.8124,2.0322,14.31779999999999
2016-10-10,2017,2.1348,2.0321000000000002,1.7584,1.9837,13.775999999999984
2016-10-11,2017,2.0894,2.0018000000000002,1.7066,1.9476,13.80119999999999
2016-10-12,2017,2.1069999999999998,2.0296000000000003,1.7418,1.9853999999999998,13.481999999999971
2016-10-13,2017,2.1275,2.0428,1.7537,1.9959,13.72979999999999
2016-10-14,2017,2.194,2.0833,1.8033000000000001,2.0465999999999998,14.867999999999984
2016-10-17,2017,2.2406,2.1244,1.8386000000000002,2.0828,15.136800000000003
2016-10-18,2017,2.2108000000000003,2.1037,1.8322999999999998,2.0756,14.71680000000003
2016-10-19,2017,2.2519,2.1578,1.8803999999999998,2.133,14.56140000000001
2016-10-20,2017,2.2734,2.1629,1.9087,2.157,15.069600000000001
2016-10-21,2017,2.2546,2.1515,1.9002000000000001,2.1506,14.846999999999987
2016-10-24,2017,2.2821000000000002,2.1797999999999997,1.9269,2.1733000000000002,14.645400000000029
2016-10-25,2017,2.2676,2.1669,1.9188999999999998,2.1647,14.552999999999992
2016-10-26,2017,2.2839,2.1873,1.9638,2.2014,14.036400000000002
2016-10-27,2017,2.3235,2.2337000000000002,2.0092,2.2458,13.7088
2016-10-28,2017,2.3052,2.2168,1.9766,2.2174,13.826400000000007
2016-10-31,2017,2.3213,2.2269,1.9956,2.2344,13.994399999999988
2016-11-01,2017,2.3257,2.2346,1.9928,2.2284,13.72140000000001
2016-11-02,2017,2.3201,2.2354,1.9780000000000002,2.2161,13.557599999999999
2016-11-03,2017,2.351,2.2647999999999997,2.0084999999999997,2.2367,13.20480000000002
2016-11-04,2017,2.3533,2.2531,1.9999,2.2215000000000003,13.515600000000013
2016-11-07,2017,2.4,2.3138,2.0545,2.2788,13.04099999999999
2016-11-08,2017,2.3686000000000003,2.2806,2.0391999999999997,2.252,12.633600000000008
2016-11-09,2017,2.3668,2.2934,2.044,2.2617,12.226199999999988
2016-11-10,2017,2.3261000000000003,2.2699000000000003,2.0276,2.2489,11.654999999999994
2016-11-11,2017,2.269,2.227,1.9993,2.2239,11.197200000000008
2016-11-14,2017,2.3006,2.2318000000000002,1.9911,2.2172,12.385799999999998
2016-11-15,2017,2.3101,2.2379,2.0092,2.2386,12.667200000000005
2016-11-16,2017,2.3503,2.2698,2.0247,2.2535,12.990599999999977
2016-11-17,2017,2.3172,2.244,1.9933,2.2245,12.78479999999999
2016-11-18,2017,2.3047999999999997,2.2319999999999998,1.9916,2.2146,12.423599999999993
2016-11-21,2017,2.2988,2.2388999999999997,2.0088999999999997,2.2348,12.00360000000002
2016-11-22,2017,2.3177000000000003,2.2422999999999997,2.0249,2.2446,12.394200000000025
2016-11-23,2017,2.2953,2.2343,2.0306,2.2473,11.663399999999992
2016-11-25,2017,2.2194,2.1633,1.9601,2.1752000000000002,11.390400000000005
2016-11-28,2017,2.1941,2.1505,1.9615,2.1758,10.83180000000001
2016-11-29,2017,2.2028,2.1357,1.9213,2.1255,11.394600000000004
2016-11-30,2017,2.1909,2.1367,1.9327,2.1326,10.672200000000009
2016-12-01,2017,2.1806,2.1286,1.9069,2.1066,10.571399999999992
2016-12-02,2017,2.1915999999999998,2.146,1.9134,2.1196,10.575600000000001
2016-12-05,2017,2.1593999999999998,2.1072,1.8719999999999999,2.0707,10.537799999999987
2016-12-06,2017,2.0967,2.0473,1.8054,2.0029,10.369799999999996
2016-12-07,2017,2.1138999999999997,2.0463999999999998,1.8125,1.9975999999999998,10.609199999999987
2016-12-08,2017,2.1201,2.049,1.8421,2.0347,11.075399999999993
2016-12-09,2017,2.1506,2.0763,1.8817,2.0723,11.125799999999996
2016-12-12,2017,2.1572,2.0849,1.8666999999999998,2.0634,11.298000000000005
2016-12-13,2017,2.1906,2.1086,1.8908,2.0791999999999997,11.35679999999998
2016-12-14,2017,2.1761,2.0995,1.8712,2.0597,11.134199999999996
2016-12-15,2017,2.1353999999999997,2.0672,1.8312,2.0242,10.970399999999985
2016-12-16,2017,2.1311,2.0549,1.828,2.0187,11.209799999999996
2016-12-19,2017,2.185,2.0981,1.864,2.0516,11.528999999999998
2016-12-20,2017,2.1887,2.124,1.8896000000000002,2.0815,10.777199999999988
2016-12-21,2017,2.1958,2.141,1.9239,2.1184,10.470600000000003
2016-12-22,2017,2.2366,2.1941,1.9875,2.1841999999999997,10.046399999999984
2016-12-23,2017,2.2087,2.176,1.959,2.1578999999999997,9.727199999999973
2016-12-27,2017,2.2034000000000002,2.1905,1.9845,2.1795,8.731800000000009
2016-12-28,2017,2.1956,2.1967,1.9762,2.1778999999999997,8.425200000000004
2016-12-29,2017,2.2352000000000003,2.2288,2.0057,2.2096999999999998,8.836799999999997
2016-12-30,2017,2.2601,2.2425,2.0303,2.2351,9.340799999999998
2017-01-03,2017,2.2333000000000003,2.2011000000000003,2.0128,2.2026,9.323999999999998
2017-01-04,2017,2.2213,2.2011000000000003,2.0057,2.1963999999999997,8.857799999999965
2017-01-05,2017,2.1788,2.1588,1.9634,2.1593,9.067799999999998
2017-01-06,2017,2.1435,2.1294999999999997,1.9169999999999998,2.1245,9.303000000000011
2017-01-09,2017,2.1581,2.134,1.9197,2.1321,9.933000000000007
2017-01-10,2017,2.1909,2.1623,1.9645,2.17,9.832199999999998
2017-01-11,2017,2.1958,2.1412999999999998,1.9703,2.1656999999999997,10.49580000000001
2017-01-12,2017,2.1929,2.1612999999999998,1.9916999999999998,2.1874000000000002,9.546600000000021
2017-01-13,2017,2.2066,2.1683000000000003,2.0079,2.2049000000000003,9.882600000000004
2017-01-17,2017,2.2273,2.1915999999999998,2.0378,2.2359,9.819600000000019
2017-01-18,2017,2.2436000000000003,2.2105,2.0868,2.2847999999999997,9.706199999999985
2017-01-19,2017,2.237,2.2128,2.0859,2.2849,9.374399999999994
2017-01-20,2017,2.2418,2.2349,2.0953,2.2941,8.639399999999991
2017-01-23,2017,2.2321,2.2407,2.1188,2.3122,7.761600000000003
2017-01-24,2017,2.2246,2.231,2.0961000000000003,2.2841,7.627199999999999
2017-01-25,2017,2.2207,2.2272,2.093,2.2783,7.509600000000012
2017-01-26,2017,2.2348,2.2358000000000002,2.0962,2.2868,7.963199999999981
2017-01-27,2017,2.2498,2.2415000000000003,2.0909,2.2912,8.761199999999986
2017-01-30,2017,2.266,2.2572,2.105,2.3118,9.055199999999992
2017-01-31,2017,2.2403,2.2419,2.1039,2.3096,8.572200000000016
2017-02-01,2017,2.2466999999999997,2.2652,2.1284,2.3238,7.429799999999974
2017-02-02,2017,2.319,2.3336,2.2162,2.406,7.358399999999992
2017-02-03,2017,2.3301,2.3411,2.2216,2.412,7.534799999999991
2017-02-06,2017,2.3384,2.3338,2.2184,2.4067,8.101799999999994
2017-02-07,2017,2.3689,2.3525,2.2196000000000002,2.4055,8.496599999999987
2017-02-08,2017,2.3529,2.3287999999999998,2.2222,2.4069,8.769600000000004
2017-02-09,2017,2.4026,2.3581,2.2673,2.4497999999999998,9.533999999999995
2017-02-10,2017,2.3853,2.3416,2.2566,2.4314,9.176999999999987
2017-02-13,2017,2.3326,2.3065,2.2159999999999997,2.4023,8.920799999999987
2017-02-14,2017,2.3346,2.3096,2.2002,2.3982,9.365999999999994
2017-02-15,2017,2.3409,2.335,2.2439,2.4478999999999997,8.815799999999989
2017-02-16,2017,2.3605,2.3609999999999998,2.274,2.484,8.79900000000001
2017-02-17,2017,2.3441,2.3441,2.2461,2.4489,8.517599999999995
2017-02-21,2017,2.3715,2.3484,2.2584,2.4568,9.303000000000011
2017-02-22,2017,2.3672,2.3413999999999997,2.2534,2.4535,9.487800000000009
2017-02-23,2017,2.3157,2.32,2.2059,2.4065,8.244599999999997
2017-02-24,2017,2.3379,2.3337,2.2122,2.4202,8.912399999999987
2017-02-27,2017,2.3238,2.335,2.2144,2.4248,8.366399999999992
2017-02-28,2017,2.3369999999999997,2.3486000000000002,2.2123,2.4301,8.660399999999978
2017-03-01,2017,2.333,2.3398,2.2087,2.4212000000000002,8.639400000000027
2017-03-02,2017,2.3742,2.3894,2.2261,2.4375,8.240399999999987
2017-03-03,2017,2.3503,2.3733,2.2171000000000003,2.4318,8.05139999999998
2017-03-06,2017,2.3498,2.3667,2.2108000000000003,2.4198,8.068199999999997
2017-03-07,2017,2.3053,2.3419,2.2044,2.417,7.391999999999988
2017-03-08,2017,2.2944,2.3255,2.1942,2.4086000000000003,7.698600000000019
2017-03-09,2017,2.2942,2.3301,2.198,2.4116,7.463400000000008
2017-03-10,2017,2.3082,2.3274,2.2126,2.4192,7.870799999999991
2017-03-13,2017,2.2774,2.3013999999999997,2.1868,2.3941999999999997,7.70280000000001
2017-03-14,2017,2.3196,2.3558000000000003,2.2384,2.4495,7.345799999999984
2017-03-15,2017,2.2853,2.3259,2.213,2.4175,6.883799999999997
2017-03-16,2017,2.3177000000000003,2.3558000000000003,2.2324,2.4395,7.097999999999983
2017-03-17,2017,2.3359,2.3727,2.2244,2.4289,7.043399999999998
2017-03-20,2017,2.3027,2.3447,2.1974,2.4078999999999997,7.076999999999995
2017-03-21,2017,2.3355,2.3872999999999998,2.2358000000000002,2.4507,6.850200000000001
2017-03-22,2017,2.3593,2.3908,2.2225,2.4369,7.681800000000003
2017-03-23,2017,2.3741,2.4033,2.2338,2.4591,8.236199999999979
2017-03-24,2017,2.3948,2.4344,2.2509,2.477,7.832999999999986
2017-03-27,2017,2.3575999999999997,2.4124,2.2291,2.4506,7.001400000000003
2017-03-28,2017,2.3846000000000003,2.4255,2.2569999999999997,2.4702,7.236600000000033
2017-03-29,2017,2.3815,2.4139,2.2324,2.4456,7.593600000000003
2017-03-30,2017,2.3977,2.4186,2.242,2.4561,8.114400000000002
2017-03-31,2017,2.4213,2.4353,2.2535,2.4656000000000002,8.320200000000025
2017-04-03,2017,2.4511000000000003,2.4528,2.262,2.4708,8.698200000000021
2017-04-04,2017,2.4263999999999997,2.4241,2.2504,2.4491,8.441999999999984
2017-04-05,2017,2.4327,2.4302,2.2292,2.4337,8.693999999999994
2017-04-06,2017,2.4707,2.4561,2.2542,2.4531,8.966999999999992
2017-04-07,2017,2.4352,2.415,2.205,2.4033,9.177000000000007
2017-04-10,2017,2.4411,2.415,2.2133000000000003,2.4065,9.210599999999983
2017-04-11,2017,2.425,2.416,2.1957,2.3941,8.710799999999992
2017-04-12,2017,2.4147,2.4036,2.1791,2.3790999999999998,8.866199999999985
2017-04-13,2017,2.4649,2.4431,2.2155,2.4138,9.244200000000017
2017-04-17,2017,2.4869,2.4729,2.2438,2.4555000000000002,9.479400000000009
2017-04-18,2017,2.428,2.4257,2.2144999999999997,2.4282,9.072000000000008
2017-04-19,2017,2.387,2.4038999999999997,2.2075,2.4259,8.46300000000001
2017-04-20,2017,2.3697999999999997,2.4007,2.187,2.4012000000000002,7.698600000000001
2017-04-21,2017,2.3209999999999997,2.3881,2.1675999999999997,2.3939,6.686399999999991
2017-04-24,2017,2.364,2.4077,2.1696,2.3896,7.404599999999996
2017-04-25,2017,2.3834999999999997,2.4215999999999998,2.1629,2.3838999999999997,7.681799999999984
2017-04-26,2017,2.4074,2.4463,2.2155,2.4337,7.530600000000001
2017-04-27,2017,2.3672,2.3981,2.1774,2.394,7.799400000000008
2017-04-28,2017,2.3133,2.3712999999999997,2.1424000000000003,2.3664,6.971999999999997
2017-05-01,2017,2.3302,2.3794999999999997,2.1424000000000003,2.3609,7.106400000000001
2017-05-02,2017,2.3569999999999998,2.4016,2.1461,2.3677,7.433999999999983
2017-05-03,2017,2.3680000000000003,2.4265,2.1441999999999997,2.3624,6.707400000000035
2017-05-04,2017,2.3768000000000002,2.4294,2.1593999999999998,2.3759,6.883800000000035
2017-05-05,2017,2.3708,2.4191,2.1397,2.3525,6.909000000000013
2017-05-08,2017,2.29,2.3558000000000003,2.0749,2.2913,6.3251999999999935
2017-05-09,2017,2.2657,2.3452,2.0707,2.29,5.8715999999999875
2017-05-10,2017,2.2714,2.3428,2.0827,2.2972,6.0102
2017-05-11,2017,2.2908,2.3663,2.102,2.3142,5.741400000000011
2017-05-12,2017,2.2587,2.3355,2.0751,2.2853,5.6027999999999984
2017-05-15,2017,2.2466999999999997,2.3279,2.0553,2.272,5.690999999999979
2017-05-16,2017,2.2497,2.3413,2.0684,2.286,5.291999999999995
2017-05-17,2017,2.2506,2.3561,2.0772,2.2998,4.91819999999999
2017-05-18,2017,2.2721999999999998,2.3714,2.0791,2.3025,5.216400000000004
2017-05-19,2017,2.272,2.3808000000000002,2.0894999999999997,2.3163,4.955999999999995
2017-05-22,2017,2.298,2.3916999999999997,2.0961000000000003,2.323,5.594399999999999
2017-05-23,2017,2.3287999999999998,2.4252000000000002,2.1287000000000003,2.3611,5.711999999999968
2017-05-24,2017,2.2872,2.3928,2.0943,2.3323,5.560800000000003
2017-05-25,2017,2.2744999999999997,2.3808000000000002,2.0863,2.3194999999999997,5.329799999999963
2017-05-26,2017,2.2925,2.4,2.0909,2.3256,5.3424000000000085
2017-05-30,2017,2.3277,2.4189,2.1197999999999997,2.3432,5.552400000000023
2017-05-31,2017,2.2903000000000002,2.386,2.1081,2.3331,5.430600000000008
2017-06-01,2018,2.194,2.2714,1.9821,2.187,5.354999999999998
2017-06-02,2018,2.1458,2.2344,1.953,2.1601,4.976999999999993
2017-06-05,2018,2.0916,2.1856999999999998,1.9011000000000002,2.1186000000000003,5.182800000000016
2017-06-06,2018,2.1368,2.2206,1.9344999999999999,2.146,5.363399999999997
2017-06-07,2018,2.1633,2.254,1.9862,2.1924,4.851000000000006
2017-06-08,2018,2.1883,2.2647999999999997,1.9889,2.1875,5.128200000000014
2017-06-09,2018,2.1938999999999997,2.2662,1.9856,2.1932,5.68259999999999
2017-06-12,2018,2.1372999999999998,2.2151,1.9317,2.146,5.7329999999999846
2017-06-13,2018,2.1552000000000002,2.2349,1.9523,2.1558,5.199600000000014
2017-06-14,2018,2.1734,2.2558000000000002,1.9781,2.1864,5.2877999999999865
2017-06-15,2018,2.1199,2.2207,1.9504,2.1615,4.6326000000000125
2017-06-16,2018,2.1138999999999997,2.2128,1.9457,2.1563,4.691399999999978
2017-06-19,2018,2.1341,2.2237999999999998,1.9838,2.1908000000000003,4.926600000000026
2017-06-20,2018,2.1306,2.2195,1.9746000000000001,2.1859,5.140799999999993
2017-06-21,2018,2.1549,2.2300999999999997,1.9705000000000001,2.1766,5.4978000000000105
2017-06-22,2018,2.2076,2.2739,2.019,2.2243,5.837999999999991
2017-06-23,2018,2.2464,2.3251,2.0547,2.2614,5.376000000000005
2017-06-26,2018,2.2524,2.3128,2.0375,2.2465,6.241200000000003
2017-06-27,2018,2.2188999999999997,2.2782,2.0357,2.2393,6.060599999999995
2017-06-28,2018,2.1913,2.2495,1.9916,2.1989,6.26220000000001
2017-06-29,2018,2.1898,2.2415000000000003,1.9993,2.2088,6.627599999999989
2017-06-30,2018,2.1262,2.1818,1.9308,2.1399,6.446999999999989
2017-07-03,2018,2.1265,2.1752000000000002,1.922,2.1329,6.812399999999986
2017-07-05,2018,2.1146000000000003,2.1475999999999997,1.8936000000000002,2.1033,7.421400000000013
2017-07-06,2018,2.1282,2.1754,1.9140000000000001,2.1325,7.1946
2017-07-07,2018,2.1136,2.1908000000000003,1.9391,2.1681,6.375599999999979
2017-07-10,2018,2.1147,2.1769,1.9274,2.1441,6.489000000000003
2017-07-11,2018,2.1302000000000003,2.2142,1.9508,2.1664,5.527200000000007
2017-07-12,2018,2.0957,2.171,1.911,2.1181,5.535600000000006
2017-07-13,2018,2.1395,2.1953,1.9380000000000002,2.1422,6.232799999999985
2017-07-14,2018,2.1696,2.2275,1.9644,2.1719,6.283199999999998
2017-07-17,2018,2.1988,2.2455000000000003,1.9733,2.1847,6.917399999999975
2017-07-18,2018,2.2331,2.2640000000000002,1.9979,2.2093000000000003,7.580999999999995
2017-07-19,2018,2.2542,2.2622,1.9942,2.2063,8.572200000000008
2017-07-20,2018,2.2176,2.2381,1.9719,2.1894,8.273999999999994
2017-07-21,2018,2.2382,2.2543,1.9975999999999998,2.2091,8.20679999999999
2017-07-24,2018,2.2391,2.2721,2.0340000000000003,2.2543,7.866600000000001
2017-07-25,2018,2.2702,2.3004,2.043,2.2706999999999997,8.294999999999991
2017-07-26,2018,2.2376,2.2655000000000003,2.0196,2.2427,8.198399999999992
2017-07-27,2018,2.2558000000000002,2.3006,2.0652,2.2915,7.623000000000009
2017-07-28,2018,2.2639,2.3023,2.0772999999999997,2.2938,7.480200000000025
2017-07-31,2018,2.272,2.3211,2.0983,2.3124000000000002,6.9300000000000015
2017-08-01,2018,2.282,2.3377,2.1117,2.3255,6.640200000000005
2017-08-02,2018,2.2309,2.3083,2.0653,2.2853,5.989199999999993
2017-08-03,2018,2.2061,2.2821000000000002,2.0463,2.2686,6.144600000000004
2017-08-04,2018,2.1813,2.2477,2.0234,2.2377000000000002,6.211799999999997
2017-08-07,2018,2.1738999999999997,2.2468,2.01,2.224,5.9262000000000095
2017-08-08,2018,2.1796,2.2338,1.9887000000000001,2.1977,6.501600000000011
2017-08-09,2018,2.2237,2.2657,2.0217,2.2367,7.266000000000002
2017-08-10,2018,2.2174,2.2454,2.0096000000000003,2.2153,7.463399999999989
2017-08-11,2018,2.2381,2.2647999999999997,2.0287,2.235,7.543200000000009
2017-08-14,2018,2.2226,2.2506,2.0284,2.2347,7.488600000000005
2017-08-15,2018,2.1588,2.1988,1.9837,2.1953,7.2071999999999985
2017-08-16,2018,2.1589,2.2007,1.99,2.2001,7.068600000000005
2017-08-17,2018,2.1122,2.1728,1.946,2.1608,6.476400000000005
2017-08-18,2018,2.0871,2.1290999999999998,1.8934,2.1037,7.068600000000005
2017-08-21,2018,2.0399000000000003,2.088,1.8615000000000002,2.0669999999999997,6.6107999999999905
2017-08-22,2018,1.9961000000000002,2.0536000000000003,1.8205,2.0347999999999997,6.5855999999999835
2017-08-23,2018,2.0266,2.0712,1.83,2.0380000000000003,6.862800000000009
2017-08-24,2018,2.0291,2.0758,1.8303,2.0418000000000003,6.921600000000012
2017-08-25,2018,2.0422,2.0751,1.8361,2.0425999999999997,7.29119999999998
2017-08-28,2018,2.0986000000000002,2.1241,1.9058000000000002,2.1108000000000002,7.539000000000018
2017-08-29,2018,2.0869999999999997,2.1218,1.8902,2.0909,6.967799999999988
2017-08-30,2018,2.056,2.0872,1.8474000000000002,2.0552,7.417199999999994
2017-08-31,2018,2.0606999999999998,2.094,1.8588,2.0638,7.2113999999999985
2017-09-01,2018,2.1177,2.1355,1.9081000000000001,2.1085,7.669199999999995
2017-09-05,2018,2.1536,2.1634,1.9372999999999998,2.1435,8.248799999999996
2017-09-06,2018,2.1638,2.1683000000000003,1.9521000000000002,2.1606,8.567999999999989
2017-09-07,2018,2.1630000000000003,2.1462,1.9172,2.1216999999999997,9.294600000000003
2017-09-08,2018,2.1511,2.1511,1.9147999999999998,2.1178,8.526000000000003
2017-09-11,2018,2.1416999999999997,2.1498,1.9336000000000002,2.1333,8.04719999999999
2017-09-12,2018,2.1814,2.1919,1.9897,2.1938,8.1312
2017-09-13,2018,2.1708000000000003,2.185,1.9848,2.1919999999999997,8.106000000000002
2017-09-14,2018,2.1914,2.1961,2.0088,2.2136,8.404199999999998
2017-09-15,2018,2.1978,2.2007,2.0194,2.2239,8.4672
2017-09-18,2018,2.1756,2.1784,1.9845,2.1862,8.353800000000012
2017-09-19,2018,2.1502,2.165,1.9825,2.1834000000000002,7.8162000000000065
2017-09-20,2018,2.1323,2.1423,1.9369,2.136,7.942199999999993
2017-09-21,2018,2.1699,2.1582,1.9586000000000001,2.1544,8.715
2017-09-22,2018,2.1529,2.1367,1.9417,2.1342,8.765399999999996
2017-09-25,2018,2.1182,2.1079,1.9062000000000001,2.1002,8.580599999999997
2017-09-26,2018,2.1256,2.1096,1.8995,2.095,8.88300000000001
2017-09-27,2018,2.1507,2.1386000000000003,1.9140000000000001,2.1157,8.97959999999998
2017-09-28,2018,2.1561000000000003,2.1345,1.906,2.1048,9.256800000000016
2017-09-29,2018,2.2084,2.1949,1.9584000000000001,2.1622,9.126599999999993
2017-10-02,2018,2.1471999999999998,2.1412,1.8976,2.0964,8.601599999999994
2017-10-03,2018,2.1477,2.1307,1.8852000000000002,2.0878,9.223199999999991
2017-10-04,2018,2.1383,2.1279,1.9103999999999999,2.1106,8.845200000000006
2017-10-05,2018,2.1046,2.0938,1.8769999999999998,2.0837,9.13500000000001
2017-10-06,2018,2.0791,2.0734,1.8702,2.0654,8.437799999999994
2017-10-09,2018,2.0762,2.0883000000000003,1.8566,2.0679,8.366399999999983
2017-10-10,2018,2.0812,2.0725,1.8407,2.0462000000000002,8.996400000000015
2017-10-11,2018,2.0816999999999997,2.0789,1.8403999999999998,2.0491,8.883000000000001
2017-10-12,2018,2.0643000000000002,2.0672,1.8291,2.0456,8.9712
2017-10-13,2018,2.0738,2.0964,1.8722,2.0953,8.420999999999987
2017-10-16,2018,2.0501,2.0668,1.8484,2.0705,8.626799999999992
2017-10-17,2018,2.0372,2.0391,1.8151,2.0389,9.319799999999999
2017-10-18,2018,1.9927000000000001,1.9918,1.7890000000000001,2.0098,9.311399999999992
2017-10-19,2018,2.0088999999999997,2.0166999999999997,1.8082,2.0266,8.845200000000006
2017-10-20,2018,2.0286,2.0591,1.8359,2.0634,8.274000000000003
2017-10-23,2018,2.0416,2.0669999999999997,1.8535,2.0791999999999997,8.412599999999998
2017-10-24,2018,2.0286,2.0575,1.8369,2.0644,8.341199999999995
2017-10-25,2018,1.9787000000000001,2.0152,1.7853999999999999,2.0087,7.845600000000013
2017-10-26,2018,2.0078,2.0378,1.8237,2.0419,7.904400000000006
2017-10-27,2018,2.0244999999999997,2.0591,1.8422,2.0546,7.467599999999998
2017-10-30,2018,1.9969999999999999,2.0403000000000002,1.8218,2.043,7.4717999999999885
2017-10-31,2018,1.9827000000000001,2.028,1.8182,2.0362,7.253400000000003
2017-11-01,2018,1.9781,2.02,1.8207,2.0349,7.236599999999996
2017-11-02,2018,1.9642,2.0105,1.8169,2.0398,7.417200000000004
2017-11-03,2018,1.9713,2.0103,1.8219,2.0494,7.916999999999995
2017-11-06,2018,1.9501,1.9835,1.8094,2.0398,8.274000000000003
2017-11-07,2018,1.9528999999999999,1.9797,1.811,2.0373,8.379000000000001
2017-11-08,2018,1.9913999999999998,2.0194,1.8591,2.0867,8.383199999999992
2017-11-09,2018,1.9844,1.9987000000000001,1.8474000000000002,2.0576,8.22779999999998
2017-11-10,2018,1.9852,1.9963,1.8518000000000001,2.0657,8.517600000000003
2017-11-13,2018,2.0271,1.9937,1.864,2.0650999999999997,9.848999999999979
2017-11-14,2018,2.0057,1.9719,1.8478,2.0427,9.605399999999996
2017-11-15,2018,1.9979,1.9728,1.8263,2.0277000000000003,9.513000000000005
2017-11-16,2018,2.0928,2.0632,1.9209,2.1205000000000003,9.626400000000004
2017-11-17,2018,2.1101,2.0765000000000002,1.9537,2.1532,9.790199999999995
2017-11-20,2018,2.1334999999999997,2.1031999999999997,1.9783000000000002,2.176,9.575999999999999
2017-11-21,2018,2.1307,2.0955,1.9485,2.1445,9.710400000000003
2017-11-22,2018,2.1269,2.0903,1.9417,2.1338999999999997,9.609599999999986
2017-11-24,2018,2.0782,2.042,1.8891999999999998,2.0778,9.441600000000005
2017-11-27,2018,2.0981,2.0662000000000003,1.912,2.102,9.31979999999999
2017-11-28,2018,2.1567,2.1064,1.9406999999999999,2.1323,10.1598
2017-11-29,2018,2.1926,2.1401,1.9981,2.1818,9.920400000000008
2017-11-30,2018,2.1909,2.1466,2.0184,2.2033,9.626400000000004
2017-12-01,2018,2.1892,2.13,1.9852,2.1712000000000002,10.298400000000013
2017-12-04,2018,2.1625,2.1196,1.9585,2.1532,9.979200000000002
2017-12-05,2018,2.1986000000000003,2.1644,2.0088,2.1983,9.39540000000002
2017-12-06,2018,2.2003,2.1622,2.0154,2.2030000000000003,9.479400000000009
2017-12-07,2018,2.2162,2.1929,2.0455,2.2303,8.740200000000016
2017-12-08,2018,2.2287,2.1848,2.0394,2.2163,9.273599999999986
2017-12-11,2018,2.1954,2.1575,2.0218000000000003,2.2026,9.185399999999968
2017-12-12,2018,2.1961,2.1652,2.0311000000000003,2.2105,8.832599999999989
2017-12-13,2018,2.1635,2.1399,1.9966,2.18,8.694000000000013
2017-12-14,2018,2.2048,2.1758,2.0579,2.2378,8.773799999999994
2017-12-15,2018,2.226,2.1902,2.0865,2.2549,8.576400000000007
2017-12-18,2018,2.1831,2.177,2.0724,2.2525999999999997,7.824599999999987
2017-12-19,2018,2.2033,2.2019,2.1039,2.282,7.539
2017-12-20,2018,2.2006,2.1895,2.1245,2.2962000000000002,7.677600000000031
2017-12-21,2018,2.2065,2.1699,2.1075999999999997,2.2806,8.803200000000018
2017-12-22,2018,2.1849000000000003,2.1381,2.0653,2.2487,9.668399999999998
2017-12-26,2018,2.1734,2.1355,2.0491,2.2363,9.454199999999993
2017-12-27,2018,2.213,2.1949,2.1178,2.3017,8.483999999999998
2017-12-28,2018,2.1919,2.1786000000000003,2.1044,2.293,8.47979999999999
2017-12-29,2018,2.2084,2.1915,2.1106,2.2943000000000002,8.425200000000023
2018-01-02,2018,2.2500999999999998,2.2207,2.1261,2.311,9.000599999999988
2018-01-03,2018,2.2537000000000003,2.2227,2.1294,2.3129,9.009000000000006
2018-01-04,2018,2.3042,2.2628,2.1592,2.344,9.500399999999999
2018-01-05,2018,2.2995,2.2466,2.1352,2.3213,10.037999999999995
2018-01-08,2018,2.2886,2.2338,2.1181,2.2991,9.90360000000001
2018-01-09,2018,2.2662,2.221,2.1119,2.2891999999999997,9.344999999999988
2018-01-10,2018,2.2801,2.2311,2.12,2.3039,9.781799999999995
2018-01-11,2018,2.2897,2.2507,2.1466,2.3247999999999998,9.122399999999985
2018-01-12,2018,2.2840000000000003,2.2399,2.1369,2.3155,9.353400000000024
2018-01-16,2018,2.2565,2.2321,2.1216,2.3094,8.912400000000007
2018-01-17,2018,2.2524,2.2227,2.1164,2.3032,9.092999999999996
2018-01-18,2018,2.2430000000000003,2.2114,2.0864,2.276,9.290400000000021
2018-01-19,2018,2.2161,2.1942,2.0494,2.2431,9.05520000000001
2018-01-22,2018,2.2312,2.1933000000000002,2.0404,2.2312,9.605399999999978
2018-01-23,2018,2.2309,2.2045,2.0511,2.2514,9.521400000000005
2018-01-24,2018,2.1958,2.1783,2.0258000000000003,2.2235,9.038399999999992
2018-01-25,2018,2.1936,2.1609,2.01,2.2009,9.39120000000001
2018-01-26,2018,2.2187,2.1741,2.0495,2.2306,9.479399999999991
2018-01-29,2018,2.1808,2.1345,2.0179,2.1931,9.302999999999992
2018-01-30,2018,2.1646,2.1215,1.9972,2.1797,9.475199999999992
2018-01-31,2018,2.16,2.1278,1.9758000000000002,2.1569,8.958599999999983
2018-02-01,2018,2.2013,2.1645,2.0127,2.1859,8.819999999999999
2018-02-02,2018,2.2077,2.1652,2.0066,2.1812,9.118199999999995
2018-02-05,2018,2.2016,2.1626,1.9936,2.1731,9.176999999999996
2018-02-06,2018,2.1673,2.1348,1.9722,2.1538999999999997,8.996399999999998
2018-02-07,2018,2.1608,2.1118,1.9527,2.127,9.378599999999985
2018-02-08,2018,2.1713999999999998,2.1287000000000003,1.9596,2.1338999999999997,9.113999999999965
2018-02-09,2018,2.1654,2.1237,1.975,2.1433,8.819999999999999
2018-02-12,2018,2.1641,2.1263,1.9719,2.1431,8.777999999999993
2018-02-13,2018,2.148,2.1019,1.9541,2.1205000000000003,8.925000000000015
2018-02-14,2018,2.0853,2.0357,1.8863999999999999,2.062,9.458400000000012
2018-02-15,2018,2.1003,2.0486,1.8929,2.0722,9.701999999999995
2018-02-16,2018,2.0688999999999997,2.0461,1.847,2.033,8.769599999999986
2018-02-20,2018,2.0448,2.0236,1.8208000000000002,1.9990999999999999,8.378999999999982
2018-02-21,2018,2.05,2.0401,1.8116999999999999,2.0024,8.425200000000014
2018-02-22,2018,2.0405,2.033,1.8031,1.9865000000000002,8.017800000000022
2018-02-23,2018,2.0088,1.9802000000000002,1.7509000000000001,1.9243999999999999,8.48819999999998
2018-02-26,2018,2.0385,2.0105,1.7965,1.9591999999999998,8.009399999999994
2018-02-27,2018,2.0282,2.0103,1.7972,1.9679,7.921200000000004
2018-02-28,2018,2.0892,2.0532,1.8318,2.006,8.828399999999988
2018-03-01,2018,2.0802,2.0547,1.8618999999999999,2.0355000000000003,8.362200000000021
2018-03-02,2018,2.1434,2.0918,1.8998,2.0634,9.038400000000012
2018-03-05,2018,2.213,2.1734999999999998,1.9665000000000001,2.1343,8.70660000000001
2018-03-06,2018,2.2005,2.1686,1.9516,2.1271,8.710799999999992
2018-03-07,2018,2.1661,2.1196,1.9113,2.0835,9.185399999999996
2018-03-08,2018,2.1827,2.1418,1.9225999999999999,2.0965000000000003,9.021600000000022
2018-03-09,2018,2.1793,2.1405000000000003,1.9118000000000002,2.0868,8.97959999999999
2018-03-12,2018,2.1186000000000003,2.0873,1.8681,2.0415,8.597400000000015
2018-03-13,2018,2.1121,2.0857,1.8432,2.0253,8.756999999999996
2018-03-14,2018,2.1416999999999997,2.1234,1.9009,2.0928,8.828399999999979
2018-03-15,2018,2.1975,2.1584,1.9458000000000002,2.1294,9.353399999999986
2018-03-16,2018,2.1889,2.1351,1.9428999999999998,2.1141,9.450000000000003
2018-03-19,2018,2.2036000000000002,2.156,1.965,2.1323,9.025799999999995
2018-03-20,2018,2.1811000000000003,2.1376,1.9383000000000001,2.1068000000000002,8.904000000000018
2018-03-21,2018,2.2135,2.169,1.9647,2.1329,8.933399999999986
2018-03-22,2018,2.2546,2.205,2.0241,2.1837,8.786400000000002
2018-03-23,2018,2.2402,2.1825,2.0044,2.1590000000000003,8.916600000000017
2018-03-26,2018,2.2674000000000003,2.2085,2.0224,2.166,8.505000000000006
2018-03-27,2018,2.2763,2.2115,2.0218000000000003,2.1653000000000002,8.748599999999996
2018-03-28,2018,2.3485,2.2925,2.0955,2.2447,8.618400000000001
2018-03-29,2018,2.3487,2.2934,2.1029,2.2521,8.588999999999995
2018-04-02,2018,2.3319,2.2878,2.1031999999999997,2.2543,8.19840000000003
2018-04-03,2018,2.3295,2.2978,2.0953,2.2427,7.5222000000000016
2018-04-04,2018,2.3948,2.3415,2.1557,2.2968,8.164800000000014
2018-04-05,2018,2.3679,2.3165999999999998,2.144,2.2801,7.87080000000001
2018-04-06,2018,2.3372,2.3037,2.15,2.2847999999999997,7.0685999999999956
2018-04-09,2018,2.3178,2.2987,2.1486,2.2842,6.497399999999984
2018-04-10,2018,2.3272999999999997,2.3209999999999997,2.1647,2.3042,6.123599999999997
2018-04-11,2018,2.3295,2.3286000000000002,2.1841,2.314,5.493599999999992
2018-04-12,2018,2.3516999999999997,2.3398,2.1719,2.302,5.963999999999996
2018-04-13,2018,2.3287999999999998,2.3022,2.1408,2.2709,6.581399999999993
2018-04-16,2018,2.3134,2.2924,2.1193,2.2536,6.5226
2018-04-17,2018,2.301,2.2875,2.1325,2.261,5.964000000000015
2018-04-18,2018,2.2662999999999998,2.2594,2.0803,2.2172,6.039600000000006
2018-04-19,2018,2.2468,2.2256,2.0555000000000003,2.1865,6.392399999999986
2018-04-20,2018,2.2762000000000002,2.2683,2.0926,2.2222999999999997,5.779199999999998
2018-04-23,2018,2.2259,2.2321,2.0663,2.2004,5.371800000000015
2018-04-24,2018,2.2155,2.2142,2.075,2.2111,5.770799999999999
2018-04-25,2018,2.3058,2.2983000000000002,2.1547,2.2898,5.989199999999993
2018-04-26,2018,2.2933000000000003,2.2873,2.1367,2.2756,6.0858000000000105
2018-04-27,2018,2.3013,2.3008,2.1553,2.2982,6.0227999999999895
2018-04-30,2018,2.2558000000000002,2.2478,2.1266,2.2644,6.123600000000034
2018-05-01,2018,2.2828,2.2769,2.1452,2.2824,6.0102
2018-05-02,2018,2.3164,2.3098,2.2048,2.331,5.577599999999983
2018-05-03,2018,2.3066,2.305,2.184,2.3179,5.690999999999979
2018-05-04,2018,2.318,2.3259,2.2045,2.3378,5.266800000000017
2018-05-07,2018,2.3122,2.3375,2.2022999999999997,2.3468,5.006400000000008
2018-05-08,2018,2.2671,2.2937,2.1721,2.3149,4.880400000000022
2018-05-09,2018,2.2593,2.3003,2.1781,2.3141,3.9899999999999896
2018-05-10,2018,2.2779,2.312,2.1756,2.3105,4.2336
2018-05-11,2018,2.2381,2.2905,2.1485,2.2979,4.073999999999999
2018-05-14,2018,2.2303,2.272,2.1496,2.2999,4.56120000000002
2018-05-15,2018,2.2638,2.2866,2.1513999999999998,2.2988,5.233200000000002
2018-05-16,2018,2.2868,2.3232,2.201,2.3543000000000003,4.9098000000000095
2018-05-17,2018,2.3222,2.354,2.2049000000000003,2.3665000000000003,5.4515999999999964
2018-05-18,2018,2.3266999999999998,2.3553,2.197,2.3512,5.275199999999979
2018-05-21,2018,2.3225,2.3552,2.2003,2.3572,5.216400000000004
2018-05-22,2018,2.3287,2.3667,2.2371,2.3868,4.691400000000015
2018-05-23,2018,2.3108,2.3553,2.245,2.3912,4.2713999999999865
2018-05-24,2018,2.3194999999999997,2.3786,2.275,2.4326,4.136999999999983
2018-05-25,2018,2.3606,2.4097999999999997,2.3302,2.478,4.14120000000001
2018-05-29,2018,2.3813,2.4138,2.3372,2.476,4.464599999999984
2018-05-30,2018,2.3886000000000003,2.4139,2.3485,2.4829,4.582200000000008
2018-06-01,2019,2.3889,2.4276,2.2605,2.4256,5.308800000000012
2018-06-04,2019,2.4046000000000003,2.4314,2.2491,2.4083,5.560800000000022
2018-06-05,2019,2.3726,2.3966,2.2092,2.367,5.619599999999997
2018-06-06,2019,2.3209999999999997,2.3815,2.1771000000000003,2.3444,4.485599999999972
2018-06-07,2019,2.2122,2.3066999999999998,2.0891,2.2671,3.5070000000000148
2018-06-08,2019,2.1801,2.2784999999999997,2.0764,2.2513,3.21300000000001
2018-06-11,2019,2.1963999999999997,2.298,2.102,2.2699000000000003,2.784600000000001
2018-06-12,2019,2.2003,2.3049,2.1178,2.291,2.8811999999999998
2018-06-13,2019,2.2438,2.3334,2.1546000000000003,2.332,3.687599999999967
2018-06-14,2019,2.2141,2.302,2.1105,2.2902,3.8556000000000044
2018-06-15,2019,2.2272,2.3135,2.1197999999999997,2.307,4.237800000000009
2018-06-18,2019,2.2666999999999997,2.3655,2.1865,2.3629,3.259199999999977
2018-06-19,2019,2.2991,2.3923,2.2396000000000003,2.4145,3.431399999999986
2018-06-20,2019,2.3563,2.4494,2.3056,2.4737999999999998,3.1541999999999977
2018-06-21,2019,2.3412,2.4356999999999998,2.2952,2.4583,2.8812000000000184
2018-06-22,2019,2.3302,2.4403,2.2984999999999998,2.4643,2.339400000000013
2018-06-25,2019,2.3424,2.4541,2.307,2.4728,2.2722000000000016
2018-06-26,2019,2.3251,2.4539,2.2842,2.4529,1.6758000000000113
2018-06-27,2019,2.3735,2.4877000000000002,2.3303,2.4981,2.2511999999999945
2018-06-28,2019,2.3749000000000002,2.4884,2.3381,2.5012,2.083200000000013
2018-06-29,2019,2.377,2.5031,2.3669,2.5338,1.7135999999999978
2018-07-02,2019,2.2889,2.4432,2.3108,2.4800999999999997,0.6299999999999866
2018-07-03,2019,2.248,2.4025,2.2822,2.4521,0.646800000000022
2018-07-05,2019,2.237,2.3853,2.2522,2.421,0.8609999999999891
2018-07-06,2019,2.2016,2.3643,2.2336,2.4055,0.38639999999999475
2018-07-09,2019,2.1616999999999997,2.3219,2.1864,2.3552,0.3611999999999975
2018-07-10,2019,2.1713,2.3353,2.1755,2.3463,0.2855999999999872
2018-07-11,2019,2.1647,2.3252,2.1685,2.3325,0.14699999999999314
2018-07-12,2019,2.2053,2.3539,2.2069,2.3665000000000003,0.4620000000000051
2018-07-13,2019,2.2188999999999997,2.3593,2.2291,2.3891,0.823199999999984
2018-07-16,2019,2.2184,2.354,2.2293000000000003,2.3837,0.7895999999999876
2018-07-17,2019,2.2586,2.3838999999999997,2.2558000000000002,2.412,1.297799999999997
2018-07-18,2019,2.1859,2.3335,2.1766,2.3393,0.6342000000000141
2018-07-19,2019,2.1658,2.3150999999999997,2.1973,2.3509,0.18060000000002674
2018-07-20,2019,2.1737,2.3286000000000002,2.2254,2.3737,-0.2772000000000068
2018-07-23,2019,2.1431,2.3155,2.2093000000000003,2.3584,-0.9786000000000135
2018-07-24,2019,2.1451,2.3069,2.2052,2.3436000000000003,-0.9828000000000037
2018-07-25,2019,2.1289,2.2983000000000002,2.1923,2.3306,-1.3062000000000147
2018-07-26,2019,2.1494,2.3172,2.2041,2.3418,-1.2642000000000007
2018-07-27,2019,2.1618,2.3431,2.237,2.3762,-1.7682000000000198
2018-07-30,2019,2.1248,2.2888,2.1775,2.3205,-0.8820000000000148
2018-07-31,2019,2.1109999999999998,2.261,2.1415,2.287,-0.18900000000002581
2018-08-01,2019,2.0857,2.2525,2.1389,2.2881,-0.7391999999999932
2018-08-02,2019,2.1245,2.2739,2.1797,2.3199,-0.38639999999999475
2018-08-03,2019,2.1312,2.2979,2.1944999999999997,2.3412,-0.8399999999999634
2018-08-06,2019,2.1748,2.333,2.2318000000000002,2.3734,-0.6972000000000165
2018-08-07,2019,2.2036000000000002,2.3319,2.2387,2.3803,0.5586000000000038
2018-08-09,2019,2.1595,2.2947,2.2077,2.3613999999999997,0.7769999999999797
2018-08-10,2019,2.1277,2.2862,2.19,2.34,-0.3570000000000073
2018-08-13,2019,2.1763,2.3251,2.2281,2.3798,0.12179999999999591
2018-08-14,2019,2.154,2.3225,2.2363,2.3914,-0.562799999999994
2018-08-15,2019,2.1248,2.3018,2.2058,2.362,-0.873599999999997
2018-08-16,2019,2.1691,2.3506,2.2421,2.3992,-1.0248000000000177
2018-08-17,2019,2.1673,2.3680000000000003,2.2356,2.4,-1.5246000000000093
2018-08-20,2019,2.1867,2.3821,2.2468,2.412,-1.2683999999999909
2018-08-21,2019,2.2367,2.4024,2.2887,2.4459,-0.3570000000000073
2018-08-22,2019,2.2146,2.3895,2.2756,2.4344,-0.6761999999999908
2018-08-23,2019,2.1926,2.3679,2.2377000000000002,2.4049,-0.34020000000000916
2018-08-24,2019,2.2079,2.3646000000000003,2.2398,2.4027000000000003,0.2604000000000086
2018-08-27,2019,2.2607,2.4132,2.2893,2.4467,0.2058000000000053
2018-08-28,2019,2.2577000000000003,2.4196,2.2928,2.4501,-0.19319999999999737
2018-08-29,2019,2.2938,2.447,2.3215,2.4896000000000003,0.625800000000015
2018-08-30,2019,2.3,2.4534000000000002,2.3246,2.4965,0.7769999999999797
2018-08-31,2019,2.3118,2.4476,2.3202000000000003,2.4934,1.5707999999999762
2018-09-04,2019,2.3093,2.4328,2.3172,2.4954,2.2973999999999988
2018-09-05,2019,2.2799,2.3908,2.2641,2.4425,2.8349999999999955
2018-09-06,2019,2.2969,2.3923,2.2757,2.4485,3.2507999999999964
2018-09-07,2019,2.2748,2.373,2.2426,2.4213,3.3809999999999913
2018-09-10,2019,2.2637,2.3667,2.2014,2.3767,3.0366000000000106
2018-09-11,2019,2.2308000000000003,2.3449,2.1612999999999998,2.3443,2.8938000000000264
2018-09-12,2019,2.2177000000000002,2.3243,2.1538999999999997,2.3331,3.0492000000000186
2018-09-13,2019,2.2272,2.3336,2.1756,2.3547,3.0533999999999715
2018-09-14,2019,2.207,2.3094,2.1647,2.3468999999999998,3.3515999999999853
2018-09-17,2019,2.1768,2.3031,2.1508000000000003,2.3398,2.6333999999999804
2018-09-18,2019,2.1246,2.2466,2.0899,2.2821000000000002,2.948400000000011
2018-09-19,2019,2.1459,2.2661000000000002,2.1315,2.318,2.784600000000001
2018-09-20,2019,2.1116,2.2462,2.1157,2.3040000000000003,2.255400000000022
2018-09-21,2019,2.1414,2.2752,2.1351,2.3213999999999997,2.2049999999999903
2018-09-24,2019,2.1258,2.2688,2.1124,2.3076,2.1923999999999824
2018-09-25,2019,2.155,2.2967,2.157,2.3573,2.46119999999999
2018-09-26,2019,2.1668000000000003,2.3055000000000003,2.1574,2.3461000000000003,2.100000000000011
2018-09-27,2019,2.1311,2.3049,2.1391999999999998,2.3422,1.2264000000000141
2018-09-28,2019,2.1337,2.3251,2.1777,2.3788,0.40740000000000176
2018-10-01,2019,2.1174,2.3158000000000003,2.1648,2.3724000000000003,0.38639999999999475
2018-10-02,2019,2.14,2.3373,2.1936,2.3979,0.2940000000000049
2018-10-03,2019,2.1214,2.3334,2.1831,2.3965,0.058799999999993524
2018-10-04,2019,2.1404,2.3513,2.2382,2.4402,-0.37380000000000546
2018-10-05,2019,2.1549,2.349,2.2468,2.4454,0.1889999999999885
2018-10-08,2019,2.1729,2.3662,2.2763,2.4783,0.36539999999998773
2018-10-09,2019,2.2188999999999997,2.4241,2.3258,2.535,0.1679999999999815
2018-10-10,2019,2.2309,2.417,2.3322,2.5236,0.2226000000000221
2018-10-11,2019,2.29,2.4766,2.3728,2.5632,0.15960000000001973
2018-10-12,2019,2.2761,2.4598,2.3276,2.5187,0.3108000000000031
2018-10-15,2019,2.2911,2.4818000000000002,2.3419,2.5346,0.0840000000000094
2018-10-16,2019,2.2934,2.4686000000000003,2.3401,2.5284,0.550199999999986
2018-10-17,2019,2.3376,2.5057,2.3777,2.5575,0.49140000000001116
2018-10-18,2019,2.335,2.5013,2.3562,2.5354,0.5418000000000056
2018-10-19,2019,2.3309,2.508,2.3642,2.5461,0.2016000000000151
2018-10-22,2019,2.3372,2.5036,2.3719,2.5477000000000003,0.3948000000000125
2018-10-23,2019,2.3472,2.5191999999999997,2.3999,2.5804,0.3570000000000073
2018-10-24,2019,2.3231,2.5249,2.3594,2.5532,-0.3360000000000003
2018-10-25,2019,2.3605,2.5612,2.4027000000000003,2.5891,-0.6005999999999991
2018-10-26,2019,2.4281,2.6006,2.4489,2.6338,0.5207999999999986
2018-10-29,2019,2.398,2.5896,2.4278999999999997,2.6169,-0.10919999999998797
2018-10-30,2019,2.4288,2.6004,2.447,2.6302999999999996,0.49139999999997386
2018-10-31,2019,2.4703999999999997,2.6179,2.4665,2.6305,0.692999999999989
2018-11-01,2019,2.3656,2.5547,2.3907,2.5613,-0.7769999999999797
2018-11-02,2019,2.3575,2.5411,2.3841,2.5658999999999996,-0.07560000000002898
2018-11-05,2019,2.3971,2.5602,2.4023,2.5876,0.9324000000000092
2018-11-06,2019,2.4301,2.5759,2.4227000000000003,2.6014999999999997,1.385999999999978
2018-11-07,2019,2.4187,2.5817,2.4188,2.6074,1.0751999999999935
2018-11-08,2019,2.3625,2.5286,2.3456,2.5417,1.2599999999999918
2018-11-09,2019,2.3422,2.535,2.3596,2.5661,0.5754000000000019
2018-11-12,2019,2.3662,2.553,2.3533,2.5647,1.0332000000000168
2018-11-13,2019,2.3708,2.555,2.378,2.5885000000000002,1.1045999999999996
2018-11-14,2019,2.367,2.5478,2.3846000000000003,2.5901,1.0373999999999883
2018-11-15,2019,2.3249,2.5098,2.3329,2.5277000000000003,0.4158000000000195
2018-11-16,2019,2.3581,2.5284,2.3453999999999997,2.5405,1.0416000000000158
2018-11-19,2019,2.3846000000000003,2.5401,2.3478,2.5374,1.4322000000000195
2018-11-20,2019,2.3978,2.5388,2.3401,2.5251,1.8480000000000016
2018-11-21,2019,2.3691,2.533,2.3480000000000003,2.5362,1.0205999999999902
2018-11-23,2019,2.3165,2.5204,2.3191,2.5172,-0.24360000000001047
2018-11-26,2019,2.2981,2.5007,2.3053,2.5086,0.029399999999987436
2018-11-27,2019,2.3081,2.4925,2.3039,2.5071,0.7895999999999876
2018-11-28,2019,2.3147,2.4924,2.3168,2.5208,1.1045999999999996
2018-11-29,2019,2.3233,2.4849,2.314,2.5168,1.730399999999996
2018-11-30,2019,2.3375,2.489,2.3211,2.511,1.612800000000009
2018-12-03,2019,2.3691,2.5019,2.3365,2.5265,2.4023999999999965
2018-12-04,2019,2.3749000000000002,2.5127,2.3322,2.5232,2.234400000000015
2018-12-05,2019,2.3834,2.5263999999999998,2.3327,2.5181999999999998,1.7849999999999993
2018-12-06,2019,2.3554,2.4741999999999997,2.2818,2.4628,2.6124000000000107
2018-12-07,2019,2.3943,2.5035,2.3256,2.5066,3.0156000000000036
2018-12-10,2019,2.3812,2.4716,2.3040000000000003,2.4755000000000003,3.406200000000007
2018-12-11,2019,2.3757,2.4685,2.2871,2.4548,3.1457999999999986
2018-12-12,2019,2.3753,2.4755000000000003,2.2919,2.4625,2.9567999999999914
2018-12-13,2019,2.3924000000000003,2.4893,2.3093,2.4683,2.6082000000000205
2018-12-14,2019,2.4051,2.5036,2.3258,2.489,2.71739999999999
2018-12-17,2019,2.401,2.4930000000000003,2.3356,2.4954,2.847599999999985
2018-12-18,2019,2.3688,2.4867,2.3335,2.5063,2.305799999999998
2018-12-19,2019,2.3971,2.4925,2.3493,2.5152,2.9610000000000003
2018-12-20,2019,2.3483,2.4385,2.2925999999999997,2.4584,3.1752000000000233
2018-12-21,2019,2.3703,2.4733,2.3316,2.5058000000000002,2.9904000000000064
2018-12-24,2019,2.3557,2.4463,2.291,2.47,3.71280000000002
2018-12-26,2019,2.3526,2.4442,2.2842,2.4724,4.057200000000001
2018-12-27,2019,2.4101,2.492,2.333,2.5176,4.313399999999982
2018-12-28,2019,2.4366,2.5144,2.3625,2.5471,4.485599999999991
2018-12-31,2019,2.4367,2.5373,2.3804,2.5677999999999996,3.64559999999999
2019-01-02,2019,2.4424,2.5497,2.4015,2.5787,2.935800000000003
2019-01-03,2019,2.4484,2.5429,2.3628,2.5412,3.5237999999999943
2019-01-04,2019,2.4168000000000003,2.5193,2.3049,2.4947,3.666600000000016
2019-01-07,2019,2.4282,2.5327,2.3434,2.5281000000000002,3.368400000000002
2019-01-08,2019,2.3916999999999997,2.505,2.3212,2.5047,2.9483999999999924
2019-01-09,2019,2.3778,2.4753,2.2921,2.4681,3.2970000000000192
2019-01-10,2019,2.3541,2.4628,2.2921,2.4545,2.2553999999999848
2019-01-11,2019,2.3638,2.4825999999999997,2.33,2.4962,1.9908000000000046
2019-01-14,2019,2.3832,2.4936000000000003,2.3391,2.5044,2.305799999999979
2019-01-15,2019,2.3542,2.4735,2.3309,2.5007,2.1209999999999996
2019-01-16,2019,2.3885,2.499,2.3805,2.5465,2.330999999999995
2019-01-17,2019,2.4082,2.5169,2.3813999999999997,2.5469999999999997,2.3897999999999886
2019-01-18,2019,2.387,2.4922999999999997,2.3421000000000003,2.5058000000000002,2.4528000000000096
2019-01-22,2019,2.3805,2.4873,2.3186,2.4772,2.175600000000003
2019-01-23,2019,2.3672,2.4741999999999997,2.3075,2.4752,2.5494000000000083
2019-01-24,2019,2.3689,2.4659,2.3024,2.4745,3.1541999999999977
2019-01-25,2019,2.4213,2.5324,2.3277,2.5068,2.8560000000000025
2019-01-28,2019,2.3788,2.4887,2.2977000000000003,2.478,2.9567999999999914
2019-01-29,2019,2.3405,2.4743,2.2766,2.4646,2.2763999999999918
2019-01-30,2019,2.3346999999999998,2.4555000000000002,2.2717,2.4526,2.524199999999974
2019-01-31,2019,2.4121,2.5197,2.3416,2.5186,2.9148000000000147
2019-02-01,2019,2.4226,2.5274,2.367,2.5361000000000002,2.7006000000000103
2019-02-04,2019,2.4263,2.5339,2.3416,2.5145,2.742599999999987
2019-02-05,2019,2.3897,2.5088,2.3121,2.4876,2.3688000000000002
2019-02-06,2019,2.3891,2.511,2.347,2.5171,2.024400000000001
2019-02-07,2019,2.434,2.5396,2.383,2.548,2.494800000000005
2019-02-08,2019,2.3962,2.5116,2.3615,2.5347,2.4275999999999938
2019-02-11,2019,2.4088,2.5353,2.4055,2.5787999999999998,1.9655999999999887
2019-02-12,2019,2.3808000000000002,2.5087,2.397,2.5636,1.6254000000000168
2019-02-13,2019,2.3468,2.4846,2.3694,2.5391,1.3397999999999923
2019-02-14,2019,2.343,2.4789,2.3768000000000002,2.5442,1.3229999999999942
2019-02-15,2019,2.3378,2.468,2.3885,2.548,1.2306000000000044
2019-02-19,2019,2.3575999999999997,2.4722999999999997,2.3938,2.5540000000000003,1.911000000000004
2019-02-20,2019,2.366,2.4757,2.3671,2.5399000000000003,2.650200000000016
2019-02-21,2019,2.3927,2.5122999999999998,2.3926,2.5795,2.826600000000015
2019-02-22,2019,2.3853999999999997,2.5057,2.3974,2.5757999999999996,2.4401999999999644
2019-02-25,2019,2.3605,2.4755000000000003,2.3907,2.5673000000000004,2.5872000000000135
2019-02-26,2019,2.3691,2.5177,2.3903,2.5812,1.7766000000000002
2019-02-27,2019,2.3844,2.5547,2.4371,2.6260000000000003,0.7812000000000072
2019-02-28,2019,2.3994,2.5637,2.4596,2.6386000000000003,0.6174000000000159
2019-03-01,2019,2.4552,2.6003,2.5074,2.6763999999999997,1.003799999999992
2019-03-04,2019,2.4238,2.5711,2.4741,2.642,0.865199999999998
2019-03-05,2019,2.4009,2.5501,2.4713,2.6401,0.8232000000000026
2019-03-06,2019,2.3797,2.5332,2.4519,2.6261,0.8694000000000068
2019-03-07,2019,2.3315,2.4867,2.4001,2.5906000000000002,1.482600000000014
2019-03-08,2019,2.3358000000000003,2.4903,2.3876,2.5819,1.671600000000021
2019-03-11,2019,2.3139,2.478,2.374,2.5738,1.4993999999999748
2019-03-12,2019,2.3203,2.4611,2.3437,2.5288999999999997,1.8647999999999811
2019-03-13,2019,2.311,2.4371,2.3209999999999997,2.5036,2.373000000000009
2019-03-14,2019,2.3649,2.4792,2.3733,2.5442,2.3771999999999993
2019-03-15,2019,2.306,2.4259,2.3298,2.4983,2.041199999999999
2019-03-18,2019,2.2631,2.3746,2.2815,2.4495,2.373000000000009
2019-03-19,2019,2.2422999999999997,2.3606,2.2784,2.4462,2.079000000000004
2019-03-20,2019,2.2474000000000003,2.3787000000000003,2.2887,2.4694,2.0747999999999953
2019-03-21,2019,2.2608,2.3841,2.2935,2.4715000000000003,2.2974000000000174
2019-03-22,2019,2.2828999999999997,2.4021,2.303,2.4778000000000002,2.335200000000004
2019-03-25,2019,2.287,2.4181,2.3197,2.5034,2.209199999999999
2019-03-26,2019,2.2824,2.4165,2.3066999999999998,2.4947,2.2638000000000025
2019-03-27,2019,2.3135,2.4257,2.3262,2.5014,2.6459999999999884
2019-03-28,2019,2.3203,2.4451,2.3413,2.5168,2.1293999999999986
2019-03-29,2019,2.3352,2.4568,2.3594999999999997,2.5234,1.7766000000000188
2019-04-01,2019,2.276,2.405,2.2963,2.4638999999999998,1.6211999999999893
2019-04-02,2019,2.2702,2.4002,2.2898,2.4602,1.6967999999999996
2019-04-03,2019,2.2577000000000003,2.397,2.2777000000000003,2.4546,1.5792000000000126
2019-04-04,2019,2.285,2.4092,2.2834,2.4624,2.3016000000000263
2019-04-05,2019,2.3022,2.4348,2.3058,2.4837000000000002,1.902600000000005
2019-04-08,2019,2.2544,2.4126,2.2817,2.4669,1.1340000000000057
2019-04-09,2019,2.3416,2.4642,2.3481,2.528,2.4066000000000054
2019-04-10,2019,2.3579,2.4757,2.3637,2.5428,2.5746000000000056
2019-04-11,2019,2.3524000000000003,2.4743,2.3427000000000002,2.5166999999999997,2.188199999999992
2019-04-12,2019,2.3952,2.5196,2.3851,2.5599000000000003,2.1168000000000093
2019-04-15,2019,2.4372,2.5724,2.4358,2.6127999999999996,1.7555999999999745
2019-04-16,2019,2.3643,2.5161000000000002,2.3666,2.5418000000000003,0.9828000000000037
2019-04-17,2019,2.3665000000000003,2.5082,2.3447,2.5159000000000002,1.239000000000022
2019-04-18,2019,2.37,2.4985,2.3478,2.5019,1.0752000000000121
2019-04-22,2019,2.3188,2.468,2.3251,2.4844,0.4241999999999999
2019-04-23,2019,2.314,2.4612,2.3295,2.4984,0.9114000000000209
2019-04-24,2019,2.3068,2.4386,2.2933000000000003,2.4628,1.5833999999999842
2019-04-25,2019,2.2414,2.3727,2.2134,2.3842,1.6589999999999945
2019-04-26,2019,2.2843999999999998,2.4078999999999997,2.2538,2.4136,1.5246000000000093
2019-04-29,2019,2.2454,2.3622,2.2029,2.3645,1.881599999999998
2019-04-30,2019,2.2186000000000003,2.3434,2.1851,2.3404,1.2810000000000175
2019-05-01,2019,2.1932,2.3295,2.1630000000000003,2.3247,1.0667999999999944
2019-05-02,2019,2.2266,2.3526,2.1744,2.3371,1.5414000000000074
2019-05-03,2019,2.2761,2.3993,2.2196000000000002,2.3788,1.5119999999999827
2019-05-06,2019,2.3039,2.4112,2.2443,2.3968000000000003,1.8984000000000147
2019-05-07,2019,2.247,2.3763,2.2266999999999997,2.385,1.2179999999999964
2019-05-08,2019,2.2353,2.3617,2.2177000000000002,2.3752,1.306199999999996
2019-05-09,2019,2.1874000000000002,2.3082,2.1525,2.3084000000000002,1.4742000000000335
2019-05-10,2019,2.1619,2.2862999999999998,2.1241,2.2799,1.3188000000000226
2019-05-13,2019,2.1697,2.3004,2.1342,2.2968,1.3398000000000296
2019-05-14,2019,2.1374,2.2698,2.1103,2.2748,1.3481999999999914
2019-05-15,2019,2.1391999999999998,2.2507,2.0935,2.2587,2.2553999999999848
2019-05-16,2019,2.1071,2.19,2.0456,2.2135,3.5699999999999985
2019-05-17,2019,2.1199,2.1851,2.0515,2.2217,4.409999999999999
2019-05-20,2019,2.1521,2.2124,2.0956,2.2559,4.199999999999985
2019-05-21,2019,2.1637,2.2098,2.068,2.2308000000000003,4.90140000000001
2019-05-22,2019,2.1419,2.1708000000000003,2.045,2.1977,5.1996000000000056
2019-05-23,2019,2.145,2.1700999999999997,2.0421,2.1978,5.485200000000011
2019-05-24,2019,2.1313999999999997,2.1781,2.0608,2.2229,4.8467999999999885
2019-05-28,2019,2.1138999999999997,2.1388,2.033,2.1892,5.514599999999999
2019-05-29,2019,2.0421,2.0772,1.9804,2.1375,5.124000000000014
2019-05-30,2019,2.0164,2.0531,1.9313,2.0864,4.9727999999999835
2019-05-31,2019,1.9768000000000001,2.0267,1.9128,2.0645,4.275599999999995
2019-06-03,2020,2.0675,2.0731,2.0276,2.1519,4.9853999999999825
2019-06-04,2020,2.0622,2.0805000000000002,2.0208,2.1541,4.82999999999999
2019-06-05,2020,2.0778,2.0934,2.04,2.1664,4.653599999999991
2019-06-06,2020,2.048,2.0645,2.0357,2.1616999999999997,4.599000000000006
2019-06-07,2020,2.0296000000000003,2.0541,2.0412,2.157,3.834600000000016
2019-06-10,2020,2.0669,2.082,2.0716,2.1851,4.1327999999999925
2019-06-11,2020,2.0721000000000003,2.0897,2.0906000000000002,2.2072,4.15799999999999
2019-06-12,2020,2.0887000000000002,2.0991,2.085,2.2027,4.506600000000017
2019-06-13,2020,2.1104,2.0931,2.0843000000000003,2.2149,6.211799999999978
2019-06-14,2020,2.1537,2.1273,2.1333,2.2531,6.140399999999995
2019-06-17,2020,2.1557,2.1409000000000002,2.1155,2.2476,6.169799999999983
2019-06-18,2020,2.1528,2.1134,2.0878,2.2126,6.896400000000005
2019-06-19,2020,2.1439,2.1069,2.0927000000000002,2.2176,6.799799999999988
2019-06-20,2020,2.1504,2.1336,2.1019,2.2381,6.426000000000001
2019-06-21,2020,2.1184,2.1005000000000003,2.0635,2.2062,6.7451999999999845
2019-06-24,2020,2.0646,2.0511,2.0063,2.147,6.4763999999999955
2019-06-25,2020,2.0325,2.0249,1.9633,2.1016999999999997,6.131999999999987
2019-06-26,2020,1.9687999999999999,1.9828000000000001,1.9028,2.043,5.3003999999999944
2019-06-27,2020,1.9623,1.9733,1.8832,2.03,5.703599999999987
2019-06-28,2020,2.0203,2.0159000000000002,1.9257,2.0654,6.052199999999996
2019-07-01,2020,2.0033000000000003,2.0116,1.9041,2.0526,5.888400000000013
2019-07-02,2020,1.9369999999999998,1.9685,1.8784,2.026,4.876199999999985
2019-07-03,2020,1.9183000000000001,1.9572999999999998,1.8738,2.0288,4.872000000000014
2019-07-05,2020,1.9531999999999998,1.9677,1.8606,2.0147,5.863199999999988
2019-07-08,2020,1.9197,1.9387,1.8377000000000001,1.9872999999999998,5.485199999999983
2019-07-09,2020,1.9265999999999999,1.9618,1.8576,2.0112,4.972800000000003
2019-07-10,2020,1.9603,2.0067,1.9052,2.0628,4.670400000000008
2019-07-11,2020,1.9447999999999999,2.0121,1.9088999999999998,2.0744,4.124399999999984
2019-07-12,2020,1.8999000000000001,1.9969,1.9036000000000002,2.0726,3.0240000000000027
2019-07-15,2020,1.8936000000000002,1.9694999999999998,1.8712,2.0379,3.8136000000000183
2019-07-16,2020,1.8971,1.9579,1.8622,2.0334,4.636799999999993
2019-07-17,2020,1.8347,1.9277000000000002,1.8126,1.999,3.922799999999997
2019-07-18,2020,1.8315000000000001,1.9254,1.7946,1.9827000000000001,3.956400000000012
2019-07-19,2020,1.8657,1.9475,1.8333000000000002,2.0114,4.044599999999993
2019-07-22,2020,1.8316,1.9083,1.7981,1.9716999999999998,4.069799999999981
2019-07-23,2020,1.801,1.8722,1.7677,1.9357,4.065599999999991
2019-07-24,2020,1.8447,1.9038,1.8002,1.9676,4.548600000000002
2019-07-25,2020,1.9203000000000001,1.9682,1.8711000000000002,2.0335,4.809000000000002
2019-07-26,2020,1.9153,1.9699,1.8575,2.0244,4.716600000000003
2019-07-29,2020,1.9259,2.0074,1.8981000000000001,2.07,3.796799999999983
2019-07-30,2020,1.9003,2.006,1.9003,2.0747,2.8854000000000086
2019-07-31,2020,1.9116,1.9953999999999998,1.8991999999999998,2.0652,3.4524000000000115
2019-08-01,2020,1.8786,1.9635,1.8506,2.0169,3.418800000000006
2019-08-02,2020,1.8822,1.9706000000000001,1.8573,2.0326,3.649799999999999
2019-08-05,2020,1.8703,1.9594999999999998,1.8363,2.0203,3.9816000000000185
2019-08-06,2020,1.8061,1.9063999999999999,1.7934999999999999,1.9775,3.515400000000014
2019-08-07,2020,1.8133000000000001,1.9194,1.8055,1.9894,3.267600000000004
2019-08-08,2020,1.8143,1.9216,1.7713999999999999,1.9576,3.313800000000008
2019-08-09,2020,1.8292,1.9423,1.7923,1.9837,3.2886000000000015
2019-08-12,2020,1.8486000000000002,1.9398,1.796,1.9843000000000002,4.078200000000017
2019-08-13,2020,1.8518000000000001,1.913,1.7746000000000002,1.9594999999999998,5.195399999999987
2019-08-14,2020,1.839,1.892,1.7416,1.9308,5.720400000000004
2019-08-15,2020,1.8862,1.9243999999999999,1.8027000000000002,1.9867,6.123599999999997
2019-08-16,2020,1.9213999999999998,1.9535,1.8369,2.0242,6.518399999999991
2019-08-19,2020,2.0015,2.0227,1.9236000000000002,2.1068000000000002,6.804000000000006
2019-08-20,2020,1.9255000000000002,1.9738,1.8672,2.0564,5.91780000000001
2019-08-21,2020,1.9175,1.9703,1.8674000000000002,2.0641,6.043799999999987
2019-08-22,2020,1.9084999999999999,1.9826,1.8725999999999998,2.0737,5.334000000000009
2019-08-23,2020,1.8675,1.9672999999999998,1.8507,2.0545,4.368000000000004
2019-08-26,2020,1.8880000000000001,1.9636000000000002,1.8559,2.0632,5.531399999999997
2019-08-27,2020,1.8779,1.9385,1.8393000000000002,2.0443000000000002,6.0648000000000035
2019-08-28,2020,1.8863999999999999,1.9315,1.8253,2.0313,6.7577999999999925
2019-08-29,2020,1.8319,1.8707,1.7609000000000001,1.9702000000000002,7.161000000000004
2019-08-30,2020,1.9078,1.9169,1.8107,2.016,8.240399999999998
2019-09-03,2020,1.9039,1.9019,1.8013,2.0058000000000002,8.673000000000014
2019-09-04,2020,1.9034,1.9091,1.825,2.0248,8.152199999999997
2019-09-05,2020,1.9283000000000001,1.9453,1.8431,2.0450999999999997,7.7699999999999925
2019-09-06,2020,1.9098,1.9284999999999999,1.8254,2.025,7.597800000000003
2019-09-09,2020,1.9111000000000002,1.9274,1.8056,2.0092,7.866600000000001
2019-09-10,2020,1.9093,1.9509,1.8156,2.0209,6.875399999999998
2019-09-11,2020,1.9132,1.9557,1.8200999999999998,2.0284999999999997,6.967799999999997
2019-09-12,2020,1.9054,1.9476,1.8194,2.023,6.778800000000009
2019-09-13,2020,1.9353,1.9735,1.8381,2.0397,6.86279999999999
2019-09-16,2020,1.9499000000000002,2.0088999999999997,1.882,2.0686,5.359200000000025
2019-09-17,2020,1.9396,2.0188,1.8869,2.073,4.48979999999999
2019-09-18,2020,1.9563,2.0343,1.9088999999999998,2.079,3.8682000000000123
2019-09-19,2020,1.9198,2.0144,1.8886,2.0625,3.3305999999999876
2019-09-20,2020,1.9042,2.0067,1.8609,2.0386,3.1584000000000065
2019-09-23,2020,1.9361000000000002,2.0129,1.8840000000000001,2.0540000000000003,3.914400000000007
2019-09-24,2020,1.9485,2.0173,1.8972,2.0647,4.1454
2019-09-25,2020,1.9867,2.0141999999999998,1.8875,2.0572999999999997,5.976599999999994
2019-09-26,2020,1.9671,1.9950999999999999,1.8757,2.0418000000000003,5.800200000000023
2019-09-27,2020,1.99,1.9856,1.8662,2.028,6.980399999999996
2019-09-30,2020,1.9797,2.0004,1.8743,2.031,5.712000000000005
2019-10-01,2020,1.9886000000000001,2.0331,1.8969999999999998,2.057,4.851000000000006
2019-10-02,2020,2.0461,2.0803,1.9272999999999998,2.0937,5.552400000000023
2019-10-03,2020,2.0372,2.0994,1.9568,2.1184,4.174799999999978
2019-10-04,2020,2.0873,2.1309,1.9782,2.1383,4.8930000000000025
2019-10-07,2020,2.0879,2.1401,1.9737,2.1394,4.767000000000007
2019-10-08,2020,2.0991999999999997,2.1586000000000003,1.9990999999999999,2.1651,4.477199999999973
2019-10-09,2020,2.0581,2.1275999999999997,1.9652,2.1378,4.3302000000000085
2019-10-10,2020,2.0328,2.1166,1.9627000000000001,2.1414,3.98579999999999
2019-10-11,2020,2.0532,2.1224000000000003,1.9738999999999998,2.1419,4.1495999999999995
2019-10-14,2020,2.0413,2.1327000000000003,1.9685,2.1372999999999998,3.250799999999987
2019-10-15,2020,2.0125,2.1115,1.9324000000000001,2.114,3.4692000000000003
2019-10-16,2020,2.0266,2.1038,1.9175,2.0913999999999997,4.061399999999991
2019-10-17,2020,2.0629,2.1035,1.9328999999999998,2.1094999999999997,5.711999999999996
2019-10-18,2020,2.0528999999999997,2.1187,1.9446,2.126,4.855199999999979
2019-10-21,2020,2.0598,2.1083000000000003,1.9418,2.1176,5.34659999999999
2019-10-22,2020,2.1135,2.1659,1.9975999999999998,2.1856,5.695200000000007
2019-10-23,2020,2.124,2.1864,2.0322,2.2176,5.166000000000009
2019-10-24,2020,2.1068000000000002,2.1597,1.9866,2.1729,5.602800000000007
2019-10-25,2020,2.1315,2.1784,2.0004,2.1902,6.001800000000001
2019-10-28,2020,2.0166999999999997,2.1021,1.9241,2.1117,4.292399999999985
2019-10-29,2020,2.0456,2.1431999999999998,1.9758000000000002,2.1671,3.9353999999999956
2019-10-30,2020,2.0961000000000003,2.1745,1.9845,2.1699,4.4940000000000175
2019-10-31,2020,2.1279,2.1902,1.9897,2.1822999999999997,5.472599999999985
2019-11-01,2020,2.08,2.1649000000000003,1.95,2.1528,4.951799999999995
2019-11-04,2020,2.0772999999999997,2.1395,1.9409,2.1402,5.758199999999991
2019-11-05,2020,2.083,2.1337,1.9553,2.1515,6.110999999999999
2019-11-06,2020,2.1751,2.2276,2.0382,2.2403999999999997,6.287400000000007
2019-11-07,2020,2.2037999999999998,2.2513,2.0562,2.2613,6.61919999999998
2019-11-08,2020,2.1862,2.2534,2.0531,2.2677,6.19079999999999
2019-11-11,2020,2.2231,2.2755,2.0822,2.2846,6.300000000000015
2019-11-12,2020,2.2315,2.2788,2.0845,2.2835,6.371400000000016
2019-11-13,2020,2.2069,2.278,2.0719,2.2768,5.619600000000015
2019-11-14,2020,2.2721,2.311,2.1085,2.3076,6.728400000000005
2019-11-15,2020,2.2784999999999997,2.311,2.0952,2.2977000000000003,7.139999999999997
2019-11-18,2020,2.2747,2.2794,2.0747,2.2711,8.051400000000019
2019-11-19,2020,2.2388999999999997,2.2711,2.0739,2.2733000000000003,7.022399999999991
2019-11-20,2020,2.2506,2.2640000000000002,2.077,2.2614,7.181999999999992
2019-11-21,2020,2.2438,2.2477,2.0585,2.2441,7.6313999999999895
2019-11-22,2020,2.2838,2.2525999999999997,2.0622,2.2425,8.88300000000002
2019-11-25,2020,2.2763999999999998,2.2235,2.0288999999999997,2.2048,9.609600000000004
2019-11-26,2020,2.2828999999999997,2.2132,2.0119,2.1805000000000003,10.008600000000008
2019-11-27,2020,2.2651,2.2116,2.0024,2.1797,9.693599999999996
2019-11-29,2020,2.2305,2.1662,1.9437,2.1211,10.15140000000002
2019-12-02,2020,2.233,2.1428,1.9358000000000002,2.1081,11.024999999999999
2019-12-03,2020,2.2612,2.1627,1.9544,2.1237,11.247600000000002
2019-12-04,2020,2.2293000000000003,2.1404,1.922,2.0901,10.794000000000015
2019-12-05,2020,2.1957,2.1201,1.8969999999999998,2.0686,10.382400000000013
2019-12-06,2020,2.1864,2.0766999999999998,1.8736000000000002,2.0345,11.365199999999998
2019-12-09,2020,2.1734,2.056,1.8595,2.0094,11.226599999999994
2019-12-10,2020,2.1814,2.0774,1.8697,2.0246,10.873800000000006
2019-12-11,2020,2.2296,2.1206,1.942,2.0885,10.730999999999993
2019-12-12,2020,2.2897,2.173,1.9787000000000001,2.1263,11.10059999999999
2019-12-13,2020,2.2775,2.1704,1.995,2.1402,10.596599999999999
2019-12-16,2020,2.27,2.1698,2.0096000000000003,2.151,10.147199999999984
2019-12-17,2020,2.265,2.1748,2.011,2.1574,9.937200000000006
2019-12-18,2020,2.275,2.1777,1.9967,2.1465,10.378199999999994
2019-12-19,2020,2.2386,2.1741,2.0055,2.1578999999999997,9.109799999999975
2019-12-20,2020,2.2135,2.1411000000000002,1.9603,2.1085,9.265199999999977
2019-12-23,2020,2.1637,2.1098,1.9276,2.0774,8.555399999999999
2019-12-24,2020,2.164,2.133,1.9394999999999998,2.0942,7.799400000000008
2019-12-26,2020,2.1700999999999997,2.1428,1.9201,2.0796,7.845600000000003
2019-12-27,2020,2.1763999999999997,2.1377,1.9228,2.0705,7.828799999999977
2019-12-30,2020,2.1893000000000002,2.1489,1.9384000000000001,2.0837,7.799400000000008
2019-12-31,2020,2.1759,2.1389,1.9437,2.083,7.404600000000006
2020-01-02,2020,2.1647,2.117,1.9365999999999999,2.0732,7.740599999999996
2020-01-03,2020,2.195,2.1482,1.9455,2.0872,7.916999999999995
2020-01-06,2020,2.2259,2.1783,1.9819,2.126,8.0514
2020-01-07,2020,2.2472,2.1685,1.9780000000000002,2.1128,8.966999999999992
2020-01-08,2020,2.2203999999999997,2.136,1.9487999999999999,2.0865,9.328199999999988
2020-01-09,2020,2.2256,2.1246,1.9325,2.0804,10.453799999999996
2020-01-10,2020,2.1903,2.0966,1.8918000000000001,2.0463,10.424399999999999
2020-01-13,2020,2.1705,2.0803,1.8846,2.036,10.14720000000001
2020-01-14,2020,2.1225,2.0501,1.8425,1.9972999999999999,9.542399999999994
2020-01-15,2020,2.1107,2.0709999999999997,1.8358,2.0024,8.664600000000016
2020-01-16,2020,2.1372,2.1036,1.8805,2.042,8.194199999999984
2020-01-17,2020,2.1152,2.0828,1.8552000000000002,2.0171,8.160599999999997
2020-01-21,2020,2.1422,2.1185,1.8839,2.0491,7.933800000000003
2020-01-22,2020,2.1854,2.1648,1.9313,2.0959,7.778399999999992
2020-01-23,2020,2.2,2.1634,1.9417,2.1094999999999997,8.584799999999987
2020-01-24,2020,2.1915999999999998,2.1599,1.9201,2.0938,8.626799999999992
2020-01-27,2020,2.2277,2.2001,1.9712,2.149,8.626800000000001
2020-01-28,2020,2.258,2.2231,1.9959,2.1749,8.983799999999999
2020-01-29,2020,2.2851,2.2239,2.0122,2.1833,9.756599999999999
2020-01-30,2020,2.3059,2.2457,2.0404,2.2069,9.521400000000005
2020-01-31,2020,2.2681,2.233,2.0202,2.1919,8.685599999999994
2020-02-03,2020,2.2358000000000002,2.205,1.9924000000000002,2.1602,8.341200000000004
2020-02-04,2020,2.2159999999999997,2.1904,1.9652,2.1443,8.597399999999986
2020-02-05,2020,2.2146,2.185,1.9671,2.1397999999999997,8.496599999999978
2020-02-06,2020,2.2197999999999998,2.182,1.9468,2.1206,8.887199999999991
2020-02-07,2020,2.1975,2.1776,1.9403,2.1143,8.143799999999999
2020-02-10,2020,2.1852,2.146,1.9108,2.0862,9.013199999999996
2020-02-11,2020,2.1275999999999997,2.0956,1.8476,2.0254,8.81159999999998
2020-02-12,2020,2.1331,2.0917,1.8333000000000002,2.0139,9.324000000000009
2020-02-13,2020,2.135,2.0617,1.8203,1.9978,10.533599999999987
2020-02-14,2020,2.1461,2.0482,1.8385,2.0093,11.285400000000006
2020-02-18,2020,2.1818,2.0813,1.8780000000000001,2.0419,11.10479999999999
2020-02-19,2020,2.2277,2.1424000000000003,1.9466999999999999,2.1104,10.457999999999986
2020-02-20,2020,2.2278000000000002,2.1423,1.9481,2.1138999999999997,10.554599999999994
2020-02-21,2020,2.2216,2.1562,1.9523,2.1231999999999998,9.92459999999999
2020-02-24,2020,2.1986000000000003,2.1319999999999997,1.9365999999999999,2.1039,9.823800000000027
2020-02-25,2020,2.2084,2.1667,1.9531999999999998,2.124,8.925000000000015
2020-02-26,2020,2.238,2.1830000000000003,1.9718,2.1401,9.378599999999985
2020-02-27,2020,2.2246,2.1827,1.9591999999999998,2.1222,8.605800000000004
2020-02-28,2020,2.2273,2.2144,1.9868000000000001,2.162,7.900199999999997
2020-03-02,2020,2.2411000000000003,2.2196000000000002,1.9765000000000001,2.1497,8.177400000000004
2020-03-03,2020,2.2597,2.2515,2.0143,2.1757,7.123199999999999
2020-03-04,2020,2.2714,2.2653,2.0302000000000002,2.193,7.093799999999993
2020-03-05,2020,2.2514,2.2474000000000003,2.0237,2.1881,7.072799999999986
2020-03-06,2020,2.2525,2.2503,2.033,2.1949,6.892199999999996
2020-03-09,2020,2.2196000000000002,2.238,2.0198,2.1895,6.3546
2020-03-10,2020,2.2213,2.2614,2.0411,2.2168,5.695199999999988
2020-03-11,2020,2.2543,2.2818,2.0422,2.2224,6.413400000000012
2020-03-12,2020,2.2514,2.2889,2.0594,2.2456,6.245399999999993
2020-03-13,2020,2.2328,2.2891,2.0564,2.2452,5.565000000000012
2020-03-16,2020,2.2068,2.2808,2.0457,2.2407,5.081999999999981
2020-03-17,2020,2.1557,2.2297,1.9561000000000002,2.1551,5.25
2020-03-18,2020,2.1147,2.2032,1.9340000000000002,2.1307,4.544400000000003
2020-03-19,2020,2.092,2.1909,1.9156,2.1181,4.351200000000006
2020-03-20,2020,2.0818,2.2007,1.9233000000000002,2.1298,3.6791999999999865
2020-03-23,2020,2.0471,2.1705,1.8962,2.0991999999999997,3.343199999999977
2020-03-24,2020,2.0381,2.1830000000000003,1.9066,2.1093,2.4275999999999938
2020-03-25,2020,2.0468,2.1935,1.9221000000000001,2.1266,2.427600000000003
2020-03-26,2020,2.0436,2.2001,1.9184,2.1181,1.8144000000000053
2020-03-27,2020,2.0638,2.2362,1.9612,2.1618,1.1843999999999908
2020-03-30,2020,2.0356,2.2659000000000002,1.9808000000000001,2.1915999999999998,-0.8190000000000217
2020-03-31,2020,2.0565,2.2805,1.9848,2.1973,-0.48299999999999343
2020-04-01,2020,2.0035,2.2182,1.9291999999999998,2.1394,-0.1889999999999885
2020-04-02,2020,1.9987000000000001,2.2342,1.9304,2.1488,-0.7181999999999862
2020-04-03,2020,1.9588999999999999,2.1862,1.8819,2.0964,-0.5375999999999967
2020-04-06,2020,1.9402000000000001,2.1439,1.8434,2.0582,0.4662000000000046
2020-04-07,2020,1.9022,2.127,1.8372,2.0585,-0.14699999999999314
2020-04-08,2020,1.9166999999999998,2.1559,1.8853,2.1008,-0.9954000000000023
2020-04-09,2020,1.8831,2.1187,1.8527,2.0634,-1.0457999999999967
2020-04-13,2020,1.8932,2.1062,1.8722,2.0819,-0.13859999999999406
2020-04-14,2020,1.8525999999999998,2.0955,1.8695,2.0647,-2.003399999999994
2020-04-15,2020,1.8676,2.1319999999999997,1.9191,2.1046,-3.3137999999999894
2020-04-16,2020,1.8563,2.1528,1.9404,2.127,-4.615800000000005
2020-04-17,2020,1.7815,2.0912,1.9037,2.0912,-5.132399999999994
2020-04-20,2020,1.7822,2.0885,1.9034,2.0901,-5.023199999999988
2020-04-21,2020,1.8113,2.0869999999999997,1.9154,2.0996,-3.842999999999987
2020-04-22,2020,1.7365000000000002,2.0133,1.8481,2.029,-4.0278000000000045
2020-04-23,2020,1.6602000000000001,1.9702000000000002,1.7837,1.9686000000000001,-5.254199999999999
2020-04-24,2020,1.6194,1.9275,1.7536,1.9346,-5.3382
2020-04-27,2020,1.651,1.9553,1.7618,1.9509999999999998,-4.834200000000008
2020-04-28,2020,1.6774,2.0062,1.7822,1.9816999999999998,-5.430600000000018
2020-04-29,2020,1.6494,1.9667,1.7563,1.9577,-4.8677999999999955
2020-04-30,2020,1.6347999999999998,1.9702000000000002,1.7477,1.9518,-5.5146000000000175
2020-05-01,2020,1.5903,1.9339,1.7157,1.9177000000000002,-5.947199999999988
2020-05-04,2020,1.5788,1.9734,1.7604,1.9749,-7.564199999999997
2020-05-05,2020,1.6040999999999999,1.996,1.776,1.994,-7.303800000000007
2020-05-06,2020,1.5997,1.9777,1.7671999999999999,1.98,-6.938400000000001
2020-05-07,2020,1.5651,1.9598,1.756,1.9613999999999998,-7.95060000000001
2020-05-08,2020,1.6008000000000002,1.9846000000000001,1.7866,1.9853999999999998,-7.770000000000002
2020-05-11,2020,1.5866,1.9768000000000001,1.7719999999999998,1.9806,-7.627199999999999
2020-05-12,2020,1.5812,1.9653,1.7469999999999999,1.9537,-7.4508
2020-05-13,2020,1.6058000000000001,1.9772999999999998,1.765,1.9687999999999999,-7.0433999999999894
2020-05-14,2020,1.6139,1.9626,1.7537,1.9471,-6.5226
2020-05-15,2020,1.5804,1.945,1.7559,1.9556,-6.925800000000002
2020-05-18,2020,1.6074000000000002,1.9286,1.7348,1.9272,-5.409599999999992
2020-05-19,2020,1.6299000000000001,1.9472999999999998,1.7465000000000002,1.9513,-4.729199999999992
2020-05-20,2020,1.6468,1.9625,1.764,1.9657,-4.787999999999995
2020-05-21,2020,1.6601,1.9877,1.7968000000000002,1.9885,-5.707800000000015
2020-05-22,2020,1.6635,1.9881,1.8037999999999998,1.9859,-5.984999999999994
2020-05-26,2020,1.6669,1.9616,1.7991,1.9783000000000002,-4.850999999999988
2020-05-27,2020,1.6538,1.9531,1.7848,1.9738,-4.632600000000003
2020-05-28,2020,1.6738,1.9587999999999999,1.7925,1.9745,-4.325999999999999
2020-05-29,2020,1.7150999999999998,1.9831999999999999,1.8097999999999999,1.9902000000000002,-3.683399999999986
2020-06-01,2021,1.8811000000000002,1.8602,1.6909,1.8616,8.0472
2020-06-02,2021,1.8955000000000002,1.8525,1.6985,1.8603,8.601600000000014
2020-06-03,2021,1.903,1.8598,1.7072,1.871,8.694000000000003
2020-06-04,2021,1.8895,1.8466999999999998,1.6755000000000002,1.8392,8.672999999999996
2020-06-05,2021,1.9025999999999998,1.8624,1.6752,1.8524,9.130799999999992
2020-06-08,2021,1.9277000000000002,1.8632,1.6893,1.8629,10.000200000000008
2020-06-09,2021,1.8937,1.8441999999999998,1.659,1.8347,9.458400000000003
2020-06-10,2021,1.8938,1.8602,1.6833,1.864,9.000599999999997
2020-06-11,2021,1.8618000000000001,1.8314,1.6663999999999999,1.848,8.904000000000018
2020-06-12,2021,1.8508000000000002,1.8008000000000002,1.6205,1.7978,9.546600000000002
2020-06-15,2021,1.8203,1.7897999999999998,1.6133000000000002,1.7975,9.017400000000006
2020-06-16,2021,1.8224,1.7968000000000002,1.6186,1.8049000000000002,8.899799999999999
2020-06-17,2021,1.8441999999999998,1.7974,1.6234,1.8067,9.66419999999999
2020-06-18,2021,1.8289,1.7922,1.6178,1.801,9.2358
2020-06-19,2021,1.9115,1.8698,1.7350999999999999,1.9117,9.168600000000007
2020-06-22,2021,1.9147999999999998,1.8697,1.7412999999999998,1.9181,9.319799999999999
2020-06-23,2021,1.9364,1.8878,1.7653999999999999,1.9413,9.429000000000006
2020-06-24,2021,1.9398,1.903,1.7675999999999998,1.9509999999999998,9.248399999999998
2020-06-25,2021,1.9313,1.9061000000000001,1.7812000000000001,1.9631,8.698199999999993
2020-06-26,2021,1.9261000000000001,1.8996000000000002,1.7956,1.9745,8.626799999999992
2020-06-29,2021,1.9336000000000002,1.8981999999999999,1.7892,1.9665000000000001,8.933400000000024
2020-07-01,2021,1.9968000000000001,1.9843000000000002,1.8722,2.0437,7.727999999999988
2020-07-02,2021,2.0528,2.0157,1.9119,2.0764,8.467200000000009
2020-07-06,2021,2.0340000000000003,1.9968000000000001,1.9039,2.0657,8.358000000000011
2020-07-07,2021,2.0197,1.9824000000000002,1.8816,2.0542,8.81579999999998
2020-07-08,2021,2.0379,2.0071,1.9121000000000001,2.0891,8.72760000000001
2020-07-09,2021,2.0671,2.0496,1.9697,2.1541,8.479800000000008
2020-07-10,2021,2.0574,2.0523,1.9816,2.17,8.127
2020-07-13,2021,2.0828,2.0638,1.9790999999999999,2.1630000000000003,8.521800000000022
2020-07-14,2021,2.0434,2.0256,1.9213999999999998,2.1102000000000003,8.677200000000033
2020-07-15,2021,2.0467,2.0225,1.913,2.1049,9.076200000000007
2020-07-16,2021,2.0487,2.0227,1.9359,2.1211,8.870400000000021
2020-07-17,2021,2.0434,2.0299,1.9491999999999998,2.1363,8.425200000000004
2020-07-20,2021,2.0433000000000003,2.0342,1.9458000000000002,2.1328,8.236200000000016
2020-07-21,2021,2.0406,2.0228,1.942,2.1201,8.22779999999999
2020-07-22,2021,2.0723,2.0563,1.9858000000000002,2.1665,8.261399999999995
2020-07-23,2021,2.0434,2.0488999999999997,1.9674,2.1431,7.148400000000015
2020-07-24,2021,2.0437,2.0465999999999998,1.9638,2.1359,7.106400000000001
2020-07-27,2021,2.0108,2.0140000000000002,1.925,2.0933,6.934200000000001
2020-07-28,2021,1.9731,1.9868999999999999,1.8976,2.0753,6.883800000000006
2020-07-29,2021,1.9519,1.9733,1.8766999999999998,2.0578,6.707399999999998
2020-07-30,2021,1.9865000000000002,2.0249,1.9244999999999999,2.106,6.0102
2020-07-31,2021,2.019,2.0566999999999998,1.9594999999999998,2.1363,5.842200000000019
2020-08-03,2021,2.0173,2.0569,1.9615,2.1412,5.884199999999995
2020-08-04,2021,2.0358,2.0885,1.9938,2.1762,5.447400000000016
2020-08-05,2021,2.0568,2.1118,2.0355000000000003,2.2136,5.170199999999981
2020-08-06,2021,2.0876,2.1451,2.0683000000000002,2.2479,5.128200000000004
2020-08-07,2021,2.0818,2.1463,2.0716,2.2521,4.871999999999986
2020-08-10,2021,2.0599000000000003,2.1105,2.0277000000000003,2.2137000000000002,5.686800000000008
2020-08-11,2021,2.0723,2.1253,2.0579,2.2398,5.413799999999973
2020-08-12,2021,2.1374,2.1839,2.1037,2.2797,5.439000000000007
2020-08-13,2021,2.1501,2.2063,2.122,2.2950999999999997,4.909799999999991
2020-08-14,2021,2.1255,2.204,2.1146000000000003,2.291,4.1117999999999855
2020-08-17,2021,2.1734999999999998,2.2387,2.1357,2.3096,4.5653999999999915
2020-08-18,2021,2.1423,2.2171000000000003,2.131,2.3034,4.099199999999996
2020-08-19,2021,2.1492,2.2294,2.1312,2.3075,4.036199999999994
2020-08-20,2021,2.1641,2.2502,2.1384,2.3156,3.8261999999999983
2020-08-21,2021,2.1853,2.2657,2.151,2.3325,4.246200000000008
2020-08-24,2021,2.1674,2.2569,2.1517,2.3350999999999997,3.943800000000004
2020-08-25,2021,2.1408,2.2455000000000003,2.1563999999999997,2.3362,3.1541999999999977
2020-08-26,2021,2.1205000000000003,2.2401,2.1583,2.3480000000000003,2.944200000000021
2020-08-27,2021,2.1341,2.2293000000000003,2.1517,2.3341,3.6623999999999883
2020-08-28,2021,2.1572,2.2274000000000003,2.1707,2.3442,4.338599999999979
2020-08-31,2021,2.1297,2.1911,2.1475,2.3125999999999998,4.355399999999996
2020-09-01,2021,2.1465,2.2019,2.1290999999999998,2.3007,4.880400000000003
2020-09-02,2021,2.1693000000000002,2.2277,2.1612,2.3253,4.439400000000005
2020-09-03,2021,2.1765,2.2582,2.19,2.3577,3.611999999999994
2020-09-04,2021,2.1813,2.2683,2.1993,2.3588999999999998,3.0491999999999813
2020-09-08,2021,2.1608,2.2411000000000003,2.1697,2.3272,3.2423999999999786
2020-09-09,2021,2.1158,2.1941,2.1376,2.2988,3.481799999999999
2020-09-10,2021,2.168,2.2356,2.1734999999999998,2.3349,3.9396000000000324
2020-09-11,2021,2.1786000000000003,2.2351,2.161,2.3291999999999997,4.691399999999996
2020-09-14,2021,2.1931,2.2469,2.1709,2.3331999999999997,4.556999999999974
2020-09-15,2021,2.1758,2.2227,2.155,2.3106999999999998,4.5696
2020-09-16,2021,2.2192,2.2492,2.1879,2.3409,5.165999999999991
2020-09-17,2021,2.2205,2.2512,2.1919,2.3408,4.964400000000013
2020-09-18,2021,2.2486,2.2759,2.2235,2.3653,4.809000000000002
2020-09-21,2021,2.2325999999999997,2.2643,2.2147,2.3613999999999997,4.829999999999972
2020-09-22,2021,2.213,2.2487,2.1808,2.3314,4.8258
2020-09-23,2021,2.1832,2.2275,2.1431,2.2994,4.7039999999999855
2020-09-24,2021,2.2099,2.2446,2.1477,2.3101,5.363399999999997
2020-09-25,2021,2.2307,2.2527,2.1679,2.3272,5.766600000000008
2020-09-28,2021,2.2281999999999997,2.2588,2.1736,2.3403,5.716199999999995
2020-09-29,2021,2.1958,2.2083,2.1341,2.2939,6.186599999999999
2020-09-30,2021,2.1658,2.1773,2.1054,2.2632,6.144600000000004
2020-10-01,2021,2.2246,2.2266999999999997,2.1548,2.3076,6.329400000000021
2020-10-02,2021,2.2089,2.2047,2.1479,2.2979,6.4763999999999955
2020-10-05,2021,2.1633,2.1614,2.1101,2.2641999999999998,6.551999999999987
2020-10-06,2021,2.1468000000000003,2.1543,2.0635,2.2319999999999998,6.762000000000001
2020-10-07,2021,2.1258,2.1262,2.0203,2.1958,7.354200000000001
2020-10-08,2021,2.0913,2.0821,1.9675,2.1388,7.580999999999985
2020-10-09,2021,2.1029,2.1006,1.9787000000000001,2.1479,7.2029999999999905
2020-10-12,2021,2.1011,2.1062,1.9975999999999998,2.158,6.522600000000018
2020-10-13,2021,2.0976,2.1172999999999997,2.024,2.1871,6.022800000000008
2020-10-14,2021,2.0404,2.0528999999999997,1.9562,2.1196,6.33780000000002
2020-10-15,2021,2.05,2.0521000000000003,1.9568,2.1138,6.505799999999974
2020-10-16,2021,2.0328999999999997,2.0354,1.9264,2.0785,6.283199999999988
2020-10-19,2021,2.0265,2.0408,1.9265999999999999,2.0941,6.434400000000009
2020-10-20,2021,2.0292,2.0579,1.9278,2.0944,5.791799999999987
2020-10-21,2021,2.0242,2.0577,1.9237,2.0956,5.812800000000003
2020-10-22,2021,2.0206,2.0727,1.9359,2.1143,5.3045999999999935
2020-10-23,2021,2.0029,2.0605,1.9119,2.0887000000000002,5.006399999999999
2020-10-26,2021,2.0,2.0562,1.9063999999999999,2.0888,5.300400000000003
2020-10-27,2021,1.9701,2.0287,1.865,2.0484,5.241599999999991
2020-10-28,2021,1.9981,2.04,1.8739,2.0556,5.871600000000006
2020-10-29,2021,1.9868999999999999,2.0262000000000002,1.8711000000000002,2.0468,5.728799999999985
2020-10-30,2021,1.9744,2.0162999999999998,1.8675,2.0465,5.758200000000009
2020-11-02,2021,1.9450999999999998,2.0149,1.861,2.0493,4.977000000000002
2020-11-03,2021,1.9716,2.0324,1.9058000000000002,2.0844,4.947599999999996
2020-11-04,2021,1.9616999999999998,2.0236,1.8952,2.0816999999999997,5.233199999999973
2020-11-05,2021,1.996,2.049,1.9418,2.1238,5.41800000000001
2020-11-06,2021,1.9886000000000001,2.0368,1.9197,2.092,5.2122000000000135
2020-11-09,2021,2.0054,2.0576,1.9484000000000001,2.1174,4.905599999999991
2020-11-10,2021,2.0306,2.0816999999999997,1.9738999999999998,2.1477,5.15340000000003
2020-11-11,2021,2.0403000000000002,2.0861,1.9779,2.1558,5.548200000000014
2020-11-12,2021,2.0596,2.1125,1.9994,2.1733000000000002,5.0820000000000185
2020-11-13,2021,2.0795,2.1464,2.0214,2.2016,4.7586000000000075
2020-11-16,2021,2.0902000000000003,2.1521,2.0239,2.1989,4.750200000000027
2020-11-17,2021,2.104,2.1625,2.0356,2.2129,4.989599999999991
2020-11-18,2021,2.1454,2.1886,2.0809,2.253,5.413799999999991
2020-11-19,2021,2.108,2.1502,2.0766999999999998,2.2316,4.73340000000001
2020-11-20,2021,2.1375,2.178,2.1079,2.2672,4.98960000000001
2020-11-23,2021,2.1761,2.2245,2.142,2.3063,4.8677999999999955
2020-11-24,2021,2.1645,2.2098,2.1275999999999997,2.2934,5.0610000000000115
2020-11-25,2021,2.1597,2.1900999999999997,2.0999,2.2693,5.83800000000001
2020-11-27,2021,2.1458,2.1711,2.0794,2.2469,5.972399999999995
2020-11-30,2021,2.1664,2.1787,2.0738,2.2433,6.6024
2020-12-01,2021,2.1441,2.1634,2.0736000000000003,2.2434,6.320999999999966
2020-12-02,2021,2.1391,2.1749,2.0546,2.2237,5.59859999999999
2020-12-03,2021,2.1272,2.1537,2.0321000000000002,2.2048,6.140399999999995
2020-12-04,2021,2.1669,2.1849000000000003,2.0598,2.2308000000000003,6.426000000000001
2020-12-07,2021,2.1159,2.1323,2.0141999999999998,2.1854,6.501600000000011
2020-12-08,2021,2.1054,2.124,2.0069,2.1833,6.6275999999999975
2020-12-09,2021,2.0754,2.0999,2.0005,2.1706,6.115199999999998
2020-12-10,2021,2.0743,2.0953999999999997,1.9823,2.1497,6.144600000000023
2020-12-11,2021,2.0936000000000003,2.0979,2.0015,2.1643,6.657000000000004
2020-12-14,2021,2.0802,2.0899,1.9853999999999998,2.1477,6.409200000000003
2020-12-15,2021,2.0476,2.0871,1.9513,2.1191999999999998,5.392799999999994
2020-12-16,2021,2.0578,2.0901,1.9568,2.1221,5.585999999999991
2020-12-17,2021,2.0724,2.0975,1.9638,2.1296,5.909399999999993
2020-12-18,2021,2.0686,2.0831999999999997,1.9598,2.1179,6.027000000000017
2020-12-21,2021,2.0492,2.0677000000000003,1.9653999999999998,2.1195,5.695199999999988
2020-12-22,2021,2.0478,2.0743,1.9841,2.1437,5.590199999999999
2020-12-23,2021,2.032,2.0763,1.9799,2.1431999999999998,4.997999999999999
2020-12-24,2021,2.0175,2.066,1.9785,2.1454,4.972800000000012
2020-12-28,2021,1.9966,2.045,1.9580000000000002,2.1285,5.128199999999985
2020-12-29,2021,1.9475,1.9907,1.8903999999999999,2.0614,5.367600000000006
2020-12-30,2021,1.9515,1.9897,1.9038,2.0768,5.661600000000002
2020-12-31,2021,1.9625,1.9756,1.8661,2.0406999999999997,6.78299999999998
2021-01-04,2021,1.9287,1.9487999999999999,1.8397999999999999,2.0111000000000003,6.350400000000028
2021-01-05,2021,1.9350999999999998,1.9661000000000002,1.8641999999999999,2.0361000000000002,5.9178000000000015
2021-01-06,2021,1.9837,2.0039,1.8863999999999999,2.0611,6.489000000000022
2021-01-07,2021,1.9474,1.9627000000000001,1.8413,2.0246,7.055999999999997
2021-01-08,2021,1.9526,1.9661000000000002,1.8428,2.0129,6.577199999999994
2021-01-11,2021,1.9691999999999998,1.9977,1.8596000000000001,2.0345,6.148799999999985
2021-01-12,2021,1.9671,1.9968000000000001,1.8734,2.0513999999999997,6.228599999999986
2021-01-13,2021,1.9788999999999999,2.0079,1.889,2.0672,6.26640000000001
2021-01-14,2021,2.0206,2.0591,1.9334,2.1172,6.102599999999999
2021-01-15,2021,2.0492,2.0712,1.9325999999999999,2.1098,6.518399999999991
2021-01-19,2021,2.0601,2.0872,1.9471,2.1275,6.4385999999999814
2021-01-20,2021,2.0615,2.0722,1.9353,2.1172999999999997,7.194599999999991
2021-01-21,2021,2.073,2.0766,1.9512,2.1248,7.139999999999997
2021-01-22,2021,2.0524,2.0652,1.9439,2.1185,6.795600000000007
2021-01-25,2021,2.0632,2.0694999999999997,1.9327,2.108,7.09800000000002
2021-01-26,2021,2.0908,2.0903,1.9564,2.1289,7.266000000000002
2021-01-27,2021,2.0804,2.0825,1.9504,2.1212,7.0854000000000035
2021-01-28,2021,2.0762,2.0745,1.9561000000000002,2.1185,6.892199999999996
2021-01-29,2021,2.056,2.0709999999999997,1.9428,2.1057,6.211800000000015
2021-02-01,2021,2.0416,2.0519,1.9443000000000001,2.1033,6.245399999999993
2021-02-02,2021,2.0614,2.0627,1.9705000000000001,2.1257,6.463799999999997
2021-02-03,2021,2.0815,2.0857,1.9722,2.1393,6.841800000000002
2021-02-04,2021,2.1214,2.1137,1.9991999999999999,2.1534999999999997,6.803999999999988
2021-02-05,2021,2.0857,2.085,1.9577,2.1209000000000002,6.883800000000016
2021-02-08,2021,2.0668,2.0696,1.936,2.1009,6.808200000000024
2021-02-09,2021,2.0855,2.0798,1.9022,2.0774,7.597800000000003
2021-02-10,2021,2.1236,2.1026,1.9369999999999998,2.1037,7.883400000000018
2021-02-11,2021,2.1201,2.0927000000000002,1.9342,2.0966,7.97159999999999
2021-02-12,2021,2.1347,2.1057,1.9428999999999998,2.1015,7.879200000000009
2021-02-16,2021,2.1306,2.0888999999999998,1.9572999999999998,2.114,8.332800000000006
2021-02-17,2021,2.1294999999999997,2.0977,1.969,2.1253,7.9001999999999875
2021-02-18,2021,2.1785,2.1531000000000002,2.0196,2.1793,7.7741999999999924
2021-02-19,2021,2.1163,2.1149,1.9716,2.1391999999999998,7.097999999999983
2021-02-22,2021,2.1651,2.1447,2.0188,2.1776,7.526399999999992
2021-02-23,2021,2.1805000000000003,2.162,2.0073,2.1698,7.602000000000021
2021-02-24,2021,2.1821,2.1763,2.0153,2.1837999999999997,7.320600000000005
2021-02-25,2021,2.1324,2.1385,1.9809,2.1534999999999997,6.992999999999985
2021-02-26,2021,2.2056,2.1956,2.0414,2.2093000000000003,7.471800000000007
2021-03-01,2021,2.1614,2.1790000000000003,2.025,2.1972,6.493199999999994
2021-03-02,2021,2.1978,2.1954,2.0474,2.2142,7.106400000000001
2021-03-03,2021,2.2096,2.2021,2.0606999999999998,2.2325999999999997,7.534799999999991
2021-03-04,2021,2.2231,2.2237,2.0925,2.26,7.009800000000002
2021-03-05,2021,2.2571,2.2561,2.1181,2.2853,7.064399999999987
2021-03-08,2021,2.2272,2.244,2.1159,2.286,6.43859999999999
2021-03-09,2021,2.2418,2.2618,2.125,2.2973,6.396599999999995
2021-03-10,2021,2.2479,2.2605,2.1355,2.3049,6.585600000000002
2021-03-11,2021,2.2314,2.2363,2.1281,2.2824,6.274799999999999
2021-03-12,2021,2.1694999999999998,2.1755,2.0754,2.2257,6.060599999999976
2021-03-15,2021,2.182,2.177,2.0639,2.2104,6.362999999999999
2021-03-16,2021,2.1727000000000003,2.1713999999999998,2.0512,2.1959999999999997,6.136200000000005
2021-03-17,2021,2.1612,2.1834000000000002,2.037,2.1856999999999998,5.312999999999984
2021-03-18,2021,2.2004,2.2075,2.0576,2.204,5.850600000000018
2021-03-19,2021,2.2066999999999997,2.2235,2.0785,2.2300999999999997,5.661599999999973
2021-03-22,2021,2.2007,2.1809,2.031,2.1729,6.791399999999989
2021-03-24,2021,2.2263,2.2272,2.0623,2.2024,5.846400000000009
2021-03-25,2021,2.2588999999999997,2.2544,2.0933,2.2344999999999997,6.1193999999999695
2021-03-26,2021,2.2184,2.2382,2.064,2.2094,5.275199999999997
2021-03-29,2021,2.2377000000000002,2.2668,2.0967,2.2408,4.830000000000028
2021-03-30,2021,2.2496,2.2756,2.1018,2.2536,5.283600000000015
2021-03-31,2021,2.2588999999999997,2.2840000000000003,2.1023,2.2557,5.388599999999975
2021-04-01,2021,2.2687,2.3012,2.1274,2.2818,5.119799999999986
2021-04-05,2021,2.2287,2.2529,2.0846,2.2441999999999998,5.686799999999989
2021-04-06,2021,2.2428,2.266,2.1067,2.2658,5.707799999999996
2021-04-07,2021,2.3123,2.3338,2.1643,2.3271,5.9346000000000085
2021-04-08,2021,2.3568000000000002,2.3655,2.2064,2.365,6.295800000000025
2021-04-09,2021,2.3653,2.3682,2.2051,2.3572,6.266400000000019
2021-04-12,2021,2.3988,2.3966,2.234,2.3802000000000003,6.232800000000022
2021-04-13,2021,2.4304,2.4015,2.2426,2.3832,7.119000000000009
2021-04-14,2021,2.3952,2.3631,2.2135,2.3563,7.345800000000002
2021-04-15,2021,2.3653999999999997,2.3504,2.2195,2.3657,6.770399999999982
2021-04-16,2021,2.3446000000000002,2.3306999999999998,2.2156000000000002,2.3588,6.59820000000001
2021-04-19,2021,2.3631,2.3427000000000002,2.2414,2.3790999999999998,6.640199999999987
2021-04-20,2021,2.3536,2.3302,2.222,2.3733,7.337400000000003
2021-04-21,2021,2.3271,2.3058,2.2166,2.3686000000000003,7.27860000000001
2021-04-22,2021,2.2881,2.275,2.1742,2.3327,7.207200000000008
2021-04-23,2021,2.2719,2.2783,2.1808,2.3428,6.535199999999989
2021-04-26,2021,2.2792,2.2849,2.1841999999999997,2.3516,6.791400000000007
2021-04-27,2021,2.2618,2.2539,2.1675999999999997,2.3335,7.299600000000017
2021-04-28,2021,2.2535,2.2421,2.1616999999999997,2.3232,7.261799999999993
2021-04-29,2021,2.2421,2.2434,2.1578,2.3232,6.892200000000015
2021-04-30,2021,2.2369,2.2357,2.1699,2.3254,6.581399999999993
2021-05-03,2021,2.2478,2.2441999999999998,2.1836,2.3445,6.9089999999999945
2021-05-04,2021,2.2846,2.2713,2.2121,2.3638999999999997,6.934199999999992
2021-05-05,2021,2.2958000000000003,2.2712,2.2099,2.3681,7.677600000000012
2021-05-06,2021,2.2806,2.2771,2.2211000000000003,2.3808000000000002,6.85440000000001
2021-05-07,2021,2.2861000000000002,2.2868,2.2218,2.3815,6.678000000000011
2021-05-10,2021,2.2532,2.2608,2.173,2.3373,6.581399999999993
2021-05-11,2021,2.2293000000000003,2.237,2.1567,2.3122,6.2076000000000064
2021-05-12,2021,2.2721999999999998,2.2912,2.2193,2.374,5.699399999999997
2021-05-13,2021,2.3208,2.3374,2.2586,2.4158,5.9052000000000024
2021-05-14,2021,2.3306,2.3387000000000002,2.2466,2.4038999999999997,6.266399999999981
2021-05-17,2021,2.327,2.3272,2.2262,2.3841,6.623400000000007
2021-05-18,2021,2.3019,2.3165,2.205,2.3629,6.018599999999981
2021-05-19,2021,2.3511,2.3428999999999998,2.2316,2.3844,6.76200000000002
2021-05-20,2021,2.3661000000000003,2.3266,2.2201,2.367,7.828800000000014
2021-05-21,2021,2.3592,2.3262,2.2093000000000003,2.3518,7.370999999999981
2021-05-24,2021,2.3699,2.3399,2.2195,2.3643,7.3415999999999935
2021-05-25,2021,2.3762,2.3545,2.2337000000000002,2.3922,7.568399999999987
2021-05-26,2021,2.3865,2.3561,2.234,2.3936,7.979999999999998
2021-05-27,2021,2.4052000000000002,2.3718,2.2357,2.3938,8.043000000000019
2021-05-28,2021,2.4211,2.3794999999999997,2.2388,2.3981,8.437800000000014
2021-06-01,2022,2.2788999999999997,2.3513,2.1405000000000003,2.4058,8.101799999999976
2021-06-02,2022,2.3272,2.3836,2.1807,2.4469,8.811599999999999
2021-06-03,2022,2.3387000000000002,2.3697999999999997,2.1734,2.4305000000000003,9.492000000000036
2021-06-04,2022,2.3674,2.4078999999999997,2.2124,2.4668,8.98380000000001
2021-06-07,2022,2.42,2.4456,2.2635,2.5162,9.538199999999986
2021-06-08,2022,2.4024,2.4232,2.2044,2.4575,9.756599999999999
2021-06-09,2022,2.3734,2.4038,2.1706,2.4296,9.601200000000023
2021-06-10,2022,2.3609,2.3994,2.1523,2.4196,9.609600000000004
2021-06-11,2022,2.3824,2.4337,2.1912000000000003,2.4633000000000003,9.273600000000005
2021-06-14,2022,2.3728,2.4101,2.1427,2.4196,10.063199999999991
2021-06-15,2022,2.4057,2.4228,2.1641999999999997,2.4392,10.83180000000001
2021-06-16,2022,2.4156,2.4301,2.1723,2.4432,10.768800000000008
2021-06-17,2022,2.4481,2.4619999999999997,2.2149,2.4837000000000002,10.705800000000025
2021-06-18,2022,2.4859,2.5004,2.2559,2.5247,10.680600000000009
2021-06-21,2022,2.4888,2.5082,2.2733000000000003,2.5433000000000003,10.525199999999998
2021-06-22,2022,2.4749,2.4851,2.2394,2.5044999999999997,10.705799999999986
2021-06-23,2022,2.4749,2.4652000000000003,2.2053,2.4676,11.423999999999992
2021-06-24,2022,2.4956,2.4787,2.2337000000000002,2.4958,11.717999999999996
2021-06-25,2022,2.5696,2.5475,2.3105,2.577,12.12119999999999
2021-06-28,2022,2.5767,2.5424,2.3246,2.5835000000000004,12.314400000000006
2021-06-29,2022,2.5753,2.5582,2.3264,2.5901,11.793600000000007
2021-06-30,2022,2.5646,2.5513,2.3141,2.5792,11.692800000000018
2021-07-01,2022,2.495,2.4895,2.2437,2.5149,11.621399999999998
2021-07-02,2022,2.4849,2.4843,2.2476,2.5149,11.251800000000001
2021-07-06,2022,2.4599,2.44,2.2032,2.4693,12.01200000000002
2021-07-07,2022,2.4561,2.418,2.205,2.4576,12.209399999999988
2021-07-08,2022,2.4413,2.4024,2.1936,2.4377,11.885999999999996
2021-07-09,2022,2.4589,2.4191,2.2286,2.465,11.60039999999999
2021-07-12,2022,2.4596,2.4206,2.2256,2.47,11.902800000000013
2021-07-13,2022,2.4107,2.3781,2.1833,2.4215,11.373599999999996
2021-07-14,2022,2.4232,2.3879,2.1851,2.4238999999999997,11.512199999999991
2021-07-15,2022,2.4393000000000002,2.3982,2.1771000000000003,2.4200999999999997,11.932199999999982
2021-07-16,2022,2.4304,2.3965,2.1626,2.4042,11.571000000000003
2021-07-19,2022,2.3984,2.3579,2.1252,2.3593,11.533200000000017
2021-07-20,2022,2.3409999999999997,2.322,2.0789,2.3167,10.785599999999988
2021-07-21,2022,2.3588999999999998,2.3511,2.1057,2.3447,10.365599999999977
2021-07-22,2022,2.3553,2.344,2.0963,2.3346999999999998,10.487400000000012
2021-07-23,2022,2.2922,2.2938,2.0459,2.2876,10.084199999999981
2021-07-26,2022,2.2955,2.3082,2.0629,2.3053,9.64740000000001
2021-07-27,2022,2.2819,2.2873,2.0416,2.2794,9.760799999999989
2021-07-28,2022,2.294,2.2992,2.0609,2.3005,9.844799999999998
2021-07-29,2022,2.2822,2.2759,2.0448,2.2840000000000003,10.31100000000001
2021-07-30,2022,2.3234,2.3196,2.0972,2.3392,10.3236
2021-08-02,2022,2.3338,2.3139,2.0721000000000003,2.3206,11.272800000000007
2021-08-03,2022,2.3822,2.3624,2.1187,2.3665000000000003,11.239200000000011
2021-08-04,2022,2.4154,2.3971999999999998,2.1279,2.3794999999999997,11.331600000000002
2021-08-05,2022,2.4026,2.3979,2.1261,2.3736,10.592400000000008
2021-08-06,2022,2.3958,2.4133,2.1412999999999998,2.4083,10.479000000000012
2021-08-09,2022,2.4087,2.4067,2.149,2.4105000000000003,11.067000000000021
2021-08-10,2022,2.4186,2.4116,2.166,2.4274,11.272800000000007
2021-08-11,2022,2.4319,2.4081,2.1656999999999997,2.4245,11.869200000000017
2021-08-12,2022,2.4251,2.417,2.1646,2.4330000000000003,11.613000000000017
2021-08-13,2022,2.4475,2.4133,2.1517,2.4205,12.725999999999997
2021-08-16,2022,2.4712,2.4156,2.1588,2.4225,13.410600000000006
2021-08-17,2022,2.4534000000000002,2.3941,2.1361000000000003,2.4005,13.595400000000005
2021-08-18,2022,2.4553,2.3822,2.1294999999999997,2.386,13.843200000000005
2021-08-19,2022,2.4581999999999997,2.4,2.147,2.4072,13.372800000000002
2021-08-20,2022,2.5073,2.4389,2.1807,2.4478999999999997,14.095199999999995
2021-08-23,2022,2.5042,2.4353,2.1629,2.4354,14.338800000000006
2021-08-24,2022,2.5018000000000002,2.4485,2.1621,2.436,13.742399999999996
2021-08-25,2022,2.4922,2.4412000000000003,2.1451,2.4205,13.7088
2021-08-26,2022,2.467,2.4245,2.1214,2.406,13.738200000000006
2021-08-27,2022,2.4534000000000002,2.4209,2.1218,2.3989,13.003200000000003
2021-08-30,2022,2.4466,2.403,2.1049,2.3837,13.5408
2021-08-31,2022,2.46,2.4051,2.0919,2.373,14.112000000000013
2021-09-01,2022,2.4356999999999998,2.3927,2.076,2.3556,13.549199999999981
2021-09-02,2022,2.4266,2.3853999999999997,2.0671,2.3543000000000003,13.792800000000028
2021-09-03,2022,2.4657,2.3963,2.0893,2.3674,14.594999999999988
2021-09-07,2022,2.4336,2.3742,2.0777,2.3568000000000002,14.21700000000001
2021-09-08,2022,2.4569,2.3987,2.1016,2.3916,14.624400000000012
2021-09-09,2022,2.4562,2.3891999999999998,2.0989,2.392,15.124200000000004
2021-09-10,2022,2.4899,2.4330000000000003,2.1391,2.4355,14.838599999999998
2021-09-13,2022,2.4516,2.4219999999999997,2.1227,2.4215999999999998,13.797
2021-09-14,2022,2.5027,2.4678999999999998,2.1636,2.4596999999999998,13.89779999999999
2021-09-15,2022,2.5066,2.4736000000000002,2.1727000000000003,2.4743,14.053199999999983
2021-09-16,2022,2.5046,2.4581,2.1588,2.4575,14.498400000000007
2021-09-17,2022,2.5266,2.4692,2.1699,2.4673,14.9016
2021-09-20,2022,2.4821,2.4227000000000003,2.1118,2.4008000000000003,14.632799999999992
2021-09-21,2022,2.4824,2.4191,2.1072,2.3885,14.47320000000001
2021-09-22,2022,2.4643,2.4169,2.0899,2.378,14.091000000000005
2021-09-23,2022,2.4505,2.4082,2.0834,2.379,14.191799999999994
2021-09-24,2022,2.4424,2.4128,2.0933,2.3896,13.687800000000014
2021-09-27,2022,2.4129,2.3933,2.069,2.3629,13.166999999999994
2021-09-28,2022,2.3569,2.3586,2.059,2.3482,12.074999999999985
2021-09-29,2022,2.3224,2.3368,2.0259,2.3212,11.797799999999997
2021-09-30,2022,2.2939,2.3024,1.999,2.2925,11.969999999999988
2021-10-01,2022,2.2881,2.3031,2.0017,2.299,11.85659999999999
2021-10-04,2022,2.2739,2.2906,1.99,2.28,11.478599999999986
2021-10-05,2022,2.3428999999999998,2.3472,2.0515,2.3377,11.839799999999993
2021-10-06,2022,2.374,2.3899,2.096,2.3834,11.403000000000002
2021-10-07,2022,2.4034,2.4255,2.1224000000000003,2.4144,11.335799999999992
2021-10-08,2022,2.4038999999999997,2.4207,2.1346000000000003,2.4184,11.213999999999977
2021-10-11,2022,2.3209999999999997,2.3356,2.0446,2.3327,11.486999999999995
2021-10-12,2022,2.2709,2.3015,2.0253,2.314,10.84020000000001
2021-10-13,2022,2.2588,2.2924,2.0091,2.3037,10.961999999999986
2021-10-14,2022,2.2427,2.2825,1.9863,2.2808,10.697400000000005
2021-10-15,2022,2.2846,2.3253,2.0423,2.3350999999999997,10.5882
2021-10-18,2022,2.2481,2.295,1.9964,2.2880000000000003,10.277400000000014
2021-10-19,2022,2.2411000000000003,2.2886,1.9913999999999998,2.2813999999999997,10.184999999999997
2021-10-20,2022,2.2699000000000003,2.2903000000000002,2.0040999999999998,2.291,11.193000000000008
2021-10-21,2022,2.3086,2.3208,2.0318,2.3172,11.474400000000005
2021-10-22,2022,2.3252,2.3294,2.0456,2.3243,11.529000000000007
2021-10-25,2022,2.3623,2.3552,2.0698,2.3447,11.844000000000001
2021-10-26,2022,2.3909000000000002,2.362,2.0613,2.3298,12.490800000000004
2021-10-27,2022,2.3935,2.353,2.0495,2.3149,12.847799999999992
2021-10-28,2022,2.3544,2.3333,2.0291,2.2912,11.894399999999996
2021-10-29,2022,2.3737,2.3617,2.0376,2.3009,11.562600000000003
2021-11-01,2022,2.4166,2.3952,2.0812,2.3394999999999997,11.747399999999985
2021-11-02,2022,2.405,2.4084,2.0894,2.3505000000000003,10.82340000000001
2021-11-03,2022,2.4388,2.4506,2.1482,2.4099,10.495799999999992
2021-11-04,2022,2.4128,2.4313,2.123,2.395,10.646999999999993
2021-11-05,2022,2.4297,2.4399,2.1303,2.3986,10.84019999999999
2021-11-08,2022,2.4325,2.4292,2.1262,2.3896,11.201400000000024
2021-11-09,2022,2.457,2.434,2.1418,2.4052000000000002,12.0288
2021-11-10,2022,2.4856,2.4591,2.1521,2.4202,12.373199999999999
2021-11-11,2022,2.4259,2.4076,2.0885,2.3567,12.033000000000008
2021-11-12,2022,2.418,2.3895,2.0585,2.3224,12.28080000000001
2021-11-15,2022,2.4246,2.3971,2.0532,2.3225,12.465599999999988
2021-11-16,2022,2.4697,2.4506,2.0896,2.3586,12.100200000000001
2021-11-17,2022,2.4691,2.4516999999999998,2.0912,2.3476,11.499600000000001
2021-11-18,2022,2.4765,2.4765,2.1273,2.3842,10.789799999999996
2021-11-19,2022,2.4986,2.499,2.1466,2.4066,10.903200000000012
2021-11-22,2022,2.5012,2.479,2.1391,2.3958,11.713799999999988
2021-11-23,2022,2.5118,2.4951,2.1625,2.4161,11.35260000000001
2021-11-24,2022,2.4489,2.4347,2.0909,2.344,11.226600000000005
2021-11-26,2022,2.4344,2.4287,2.0755,2.3278,10.836
2021-11-29,2022,2.431,2.4163,2.0779,2.324,10.953599999999987
2021-11-30,2022,2.4396,2.437,2.0945,2.3458,10.663800000000009
2021-12-01,2022,2.4267,2.4259,2.0839,2.3350999999999997,10.58399999999999
2021-12-02,2022,2.4411,2.4436,2.102,2.3525,10.41600000000001
2021-12-03,2022,2.4251,2.4268,2.0902000000000003,2.3405,10.441199999999988
2021-12-06,2022,2.4453,2.4423,2.0946000000000002,2.3588,11.222399999999995
2021-12-07,2022,2.4356999999999998,2.4374000000000002,2.1054,2.3672999999999997,10.928399999999971
2021-12-08,2022,2.4457,2.4303,2.1143,2.3703,11.398799999999994
2021-12-09,2022,2.4574000000000003,2.4395,2.1180000000000003,2.3703,11.3484
2021-12-10,2022,2.4551,2.4426,2.1391,2.3907,11.09219999999998
2021-12-13,2022,2.4707,2.4414,2.1389,2.3815,11.419800000000002
2021-12-14,2022,2.445,2.4403,2.1259,2.3745,10.638599999999975
2021-12-15,2022,2.4152,2.4287,2.1166,2.3731,10.205999999999996
2021-12-16,2022,2.3964,2.4185,2.1228,2.3817,9.945600000000006
2021-12-17,2022,2.3799,2.4103,2.1323,2.3822,9.219000000000019
2021-12-20,2022,2.3714,2.3894,2.1239,2.3687,9.525599999999995
2021-12-21,2022,2.3493,2.3765,2.1002,2.3491,9.311399999999992
2021-12-22,2022,2.3298,2.3594999999999997,2.0772999999999997,2.3306,9.39120000000003
2021-12-23,2022,2.3039,2.3198,2.0175,2.2806,10.382400000000013
2021-12-27,2022,2.3186,2.3188,2.0359,2.2986,11.025000000000007
2021-12-28,2022,2.3143000000000002,2.3121,2.0535,2.3043,10.626000000000005
2021-12-29,2022,2.3392,2.3408,2.0858000000000003,2.3393,10.579799999999981
2021-12-30,2022,2.386,2.3834,2.1298,2.373,10.32360000000002
2021-12-31,2022,2.3818,2.4058,2.1521,2.4038,9.563400000000001
2022-01-03,2022,2.3299000000000003,2.3679,2.0965000000000003,2.3608000000000002,9.504600000000007
2022-01-04,2022,2.3831,2.4393000000000002,2.1581,2.4261,8.895599999999991
2022-01-05,2022,2.3804,2.4141999999999997,2.148,2.4075,9.479400000000009
2022-01-06,2022,2.3893,2.4446,2.1772,2.4434,8.857800000000005
2022-01-07,2022,2.4003,2.4534000000000002,2.1715,2.4412000000000003,9.097200000000004
2022-01-10,2022,2.427,2.4707,2.2032,2.4769,9.660000000000018
2022-01-11,2022,2.4165,2.4614,2.2056,2.4675,9.114000000000004
2022-01-12,2022,2.4097,2.4571,2.1966,2.4593000000000003,9.042600000000002
2022-01-13,2022,2.4105000000000003,2.4609,2.1896,2.4506,8.845200000000014
2022-01-14,2022,2.4345,2.4595,2.1952000000000003,2.4447,9.428999999999997
2022-01-18,2022,2.4392,2.4703999999999997,2.1956,2.4506,9.39960000000001
2022-01-19,2022,2.455,2.4898,2.1992,2.4548,9.273600000000023
2022-01-20,2022,2.4382,2.4813,2.2239,2.4816,9.013199999999996
2022-01-21,2022,2.4402,2.4629,2.2055000000000002,2.4583,9.66419999999999
2022-01-24,2022,2.4949,2.5144,2.2567,2.5076,9.718799999999993
2022-01-25,2022,2.4667,2.4896000000000003,2.2481,2.491,9.23999999999999
2022-01-26,2022,2.5036,2.5227,2.2858,2.5336000000000003,9.605400000000014
2022-01-27,2022,2.4781,2.5177,2.281,2.5349,9.000599999999988
2022-01-28,2022,2.4778000000000002,2.505,2.2739,2.5228,9.311400000000027
2022-01-31,2022,2.5098,2.5206999999999997,2.2939,2.5458000000000003,10.122000000000023
2022-02-01,2022,2.5156,2.5278,2.2935,2.549,10.218600000000002
2022-02-02,2022,2.5484,2.5675,2.3354,2.5831999999999997,9.605399999999996
2022-02-03,2022,2.5892,2.5842,2.3603,2.6052,10.495799999999992
2022-02-04,2022,2.5474,2.5496,2.3132,2.5627999999999997,10.390799999999993
2022-02-07,2022,2.5021,2.5183,2.2662999999999998,2.5263999999999998,10.2438
2022-02-08,2022,2.492,2.5177,2.2551,2.5169,9.9162
2022-02-09,2022,2.5063,2.5194,2.2717,2.5328,10.41599999999999
2022-02-10,2022,2.5244,2.5421,2.2673,2.5303,10.302599999999995
2022-02-11,2022,2.5444999999999998,2.549,2.2668,2.5213,10.5
2022-02-14,2022,2.5336000000000003,2.5471,2.2487,2.5025999999999997,10.096800000000007
2022-02-15,2022,2.5007,2.517,2.2107,2.4648,9.9876
2022-02-16,2022,2.4837000000000002,2.5171,2.2131,2.4756,9.622200000000014
2022-02-17,2022,2.4824,2.5238,2.2118,2.4702,9.114000000000004
2022-02-18,2022,2.4611,2.5145,2.1927000000000003,2.4603,8.996399999999998
2022-02-22,2022,2.4411,2.4775,2.1641,2.4291,9.601200000000006
2022-02-23,2022,2.428,2.4724,2.1726,2.4344,9.1308
2022-02-24,2022,2.4788,2.5098,2.2084,2.4697,9.672600000000006
2022-02-25,2022,2.475,2.5212,2.2408,2.5025999999999997,9.055199999999992
2022-02-28,2022,2.4735,2.5151,2.2194,2.4795,9.177000000000007
2022-03-01,2022,2.5183,2.5537,2.2540999999999998,2.5101,9.265200000000005
2022-03-02,2022,2.5083,2.5393,2.2385,2.4964,9.529800000000005
2022-03-03,2022,2.5288,2.5688,2.2822999999999998,2.5366999999999997,9.004799999999996
2022-03-04,2022,2.5391999999999997,2.5819,2.3047999999999997,2.5552,8.7234
2022-03-07,2022,2.5471,2.5757,2.2880000000000003,2.535,9.172799999999997
2022-03-08,2022,2.5229,2.5625999999999998,2.2641999999999998,2.5191999999999997,9.042600000000002
2022-03-09,2022,2.5307,2.5803,2.2782,2.5349,8.698200000000003
2022-03-10,2022,2.4840999999999998,2.5352,2.2203999999999997,2.4751,8.55119999999999
2022-03-11,2022,2.4791,2.5277000000000003,2.2328,2.4896000000000003,8.744399999999988
2022-03-14,2022,2.4733,2.5241,2.2266999999999997,2.4847,8.70240000000003
2022-03-15,2022,2.4712,2.5144,2.2105,2.4684,9.017399999999986
2022-03-16,2022,2.4665,2.5162,2.2124,2.4583,8.240399999999987
2022-03-17,2022,2.4314,2.4781999999999997,2.1819,2.416,7.866600000000001
2022-03-18,2022,2.4085,2.4501,2.1593,2.3911000000000002,7.9884000000000155
2022-03-21,2022,2.4109,2.4568,2.1639,2.4032,8.122800000000002
2022-03-22,2022,2.3889,2.4399,2.1231,2.3662,8.068199999999997
2022-03-23,2022,2.3924000000000003,2.4514,2.1356,2.3794999999999997,7.765799999999993
2022-03-24,2022,2.4167,2.48,2.1384,2.3891,7.87080000000001
2022-03-25,2022,2.4835,2.5301,2.1927000000000003,2.4458,8.672999999999988
2022-03-28,2022,2.4847,2.5439,2.2094,2.4666,8.316000000000017
2022-03-29,2022,2.5063,2.5493,2.2125,2.4659999999999997,8.840999999999987
2022-03-30,2022,2.4987,2.5397,2.2119,2.4611,8.744400000000006
2022-03-31,2022,2.5205,2.5516,2.2092,2.4573,9.114000000000004
2022-04-01,2022,2.5326,2.563,2.2225,2.4693,9.088799999999988
2022-04-04,2022,2.543,2.5767,2.2417,2.4918,9.088800000000006
2022-04-05,2022,2.5251,2.5553,2.2178999999999998,2.4743,9.500400000000017
2022-04-06,2022,2.5503,2.5768,2.2358000000000002,2.4933,9.701999999999995
2022-04-07,2022,2.6210000000000004,2.6366,2.3064,2.5554,9.80280000000002
2022-04-08,2022,2.6165,2.6416000000000004,2.2983000000000002,2.5516,9.58439999999997
2022-04-11,2022,2.6151,2.6403,2.3091999999999997,2.5625,9.580200000000017
2022-04-12,2022,2.5987999999999998,2.6175,2.2762000000000002,2.5287,9.819599999999982
2022-04-13,2022,2.6001,2.6258,2.3072999999999997,2.5587999999999997,9.4836
2022-04-14,2022,2.638,2.6639,2.3404,2.5924,9.496200000000009
2022-04-18,2022,2.6045,2.6293,2.2884,2.5427,9.638999999999974
2022-04-19,2022,2.6098000000000003,2.6373,2.2875,2.5401,9.454199999999993
2022-04-20,2022,2.575,2.6283999999999996,2.2612,2.5209,8.664600000000025
2022-04-21,2022,2.5780000000000003,2.6136,2.2683,2.5111000000000003,8.70240000000003
2022-04-22,2022,2.6011,2.6414,2.2746,2.529,8.992200000000008
2022-04-25,2022,2.6156,2.6399,2.2987,2.5457,9.353400000000004
2022-04-26,2022,2.5719,2.6121,2.2699000000000003,2.5199000000000003,8.811599999999999
2022-04-27,2022,2.5823,2.6008,2.2594,2.5006,9.353400000000004
2022-04-28,2022,2.5278,2.5547,2.2209,2.4613,8.96700000000001
2022-04-29,2022,2.5387,2.5547,2.2353,2.4711000000000003,9.23160000000001
2022-05-02,2022,2.585,2.5938999999999997,2.2987,2.5331,9.47100000000001
2022-05-03,2022,2.6062,2.637,2.3178,2.5613,8.933399999999995
2022-05-04,2022,2.6099,2.6578,2.3356,2.5765,8.106000000000002
2022-05-05,2022,2.6548000000000003,2.7019,2.3899,2.6335,8.253000000000014
2022-05-06,2022,2.634,2.6829,2.3645,2.6094,8.231999999999989
2022-05-09,2022,2.6389,2.6994,2.4052000000000002,2.6482,7.6650000000000045
2022-05-10,2022,2.653,2.7075,2.4221,2.6585,7.639800000000007
2022-05-11,2022,2.6257,2.6927,2.4123,2.6466000000000003,7.026600000000019
2022-05-12,2022,2.6105,2.6599,2.3893,2.6272,7.917000000000014
2022-05-13,2022,2.6454000000000004,2.677,2.4151,2.6436,8.269800000000032
2022-05-16,2022,2.5735,2.6083,2.3336,2.5534,7.770000000000002
2022-05-17,2022,2.5749,2.6395,2.3574,2.5833999999999997,6.778799999999981
2022-05-18,2022,2.5699,2.6341,2.3705000000000003,2.5931,6.652799999999995
2022-05-19,2022,2.5403000000000002,2.6041000000000003,2.35,2.5687,6.505800000000002
2022-05-20,2022,2.5382,2.5848,2.3169,2.5411,7.459199999999999
2022-05-23,2022,2.4635,2.5237,2.2679,2.4874,6.6906
2022-05-24,2022,2.4973,2.5522,2.2732,2.4993,7.1903999999999915
2022-05-25,2022,2.5065,2.5694,2.2659000000000002,2.4999000000000002,7.186200000000001
2022-05-26,2022,2.4955000000000003,2.5713,2.2838,2.5256,6.9720000000000155
2022-05-27,2022,2.4452000000000003,2.5297,2.2246,2.4802,7.186200000000001
2022-05-31,2022,2.4427000000000003,2.5422,2.2353,2.492,6.602400000000019
2022-06-01,2023,2.3837,2.4897,2.3325,2.5091,2.965200000000009
2022-06-02,2023,2.4033,2.4931,2.3401,2.5155000000000003,3.5952000000000144
2022-06-03,2023,2.3536,2.4457,2.2679,2.4484,3.7128000000000014
2022-06-06,2023,2.3118,2.4334000000000002,2.2522,2.4422,2.872799999999982
2022-06-07,2023,2.3082,2.4237,2.2451,2.4306,2.9399999999999933
2022-06-08,2023,2.3233,2.4359,2.2671,2.4502,2.9610000000000003
2022-06-09,2023,2.3068,2.4393000000000002,2.2631,2.4452000000000003,2.0831999999999944
2022-06-10,2023,2.3512,2.4753,2.3003,2.4771,2.213400000000008
2022-06-13,2023,2.3778,2.5132,2.3521,2.5263999999999998,1.6337999999999973
2022-06-14,2023,2.3521,2.4802,2.3224,2.4867,1.5204000000000004
2022-06-15,2023,2.3280000000000003,2.4661,2.2775,2.4548,1.6464000000000238
2022-06-16,2023,2.2894,2.4236,2.2278000000000002,2.404,1.7639999999999922
2022-06-17,2023,2.3075,2.4393000000000002,2.2268,2.4003,1.751400000000003
2022-06-21,2023,2.3181,2.4306,2.2279,2.3962,2.3435999999999844
2022-06-22,2023,2.3571,2.4674,2.2609,2.4308,2.503200000000004
2022-06-23,2023,2.3897,2.4918,2.2826,2.4600999999999997,3.166799999999987
2022-06-24,2023,2.3863,2.5023,2.3078,2.4823,2.457
2022-06-27,2023,2.4515000000000002,2.5614,2.3838,2.5557,2.6040000000000116
2022-06-28,2023,2.4415999999999998,2.5810000000000004,2.3876,2.5656,1.6211999999999707
2022-06-29,2023,2.4611,2.5846,2.3938,2.5669999999999997,2.0873999999999846
2022-06-30,2023,2.4541,2.5719,2.3733,2.5395,2.0328
2022-07-01,2023,2.48,2.5882,2.407,2.5604,1.898399999999996
2022-07-05,2023,2.5084,2.5994,2.4297999999999997,2.5764,2.335200000000004
2022-07-06,2023,2.4622,2.5553,2.3711,2.5158,2.167200000000004
2022-07-07,2023,2.5039,2.6001999999999996,2.421,2.5597,1.780800000000009
2022-07-08,2023,2.4838999999999998,2.5649,2.3903,2.531,2.5073999999999943
2022-07-11,2023,2.5155000000000003,2.5789,2.4141999999999997,2.5501,3.0450000000000284
2022-07-12,2023,2.5153,2.5645,2.3954,2.5299,3.5826000000000064
2022-07-13,2023,2.4962,2.5463,2.3723,2.5055,3.490199999999998
2022-07-14,2023,2.4693,2.5107,2.3397,2.4789,4.107599999999995
2022-07-15,2023,2.5087,2.5534,2.4053,2.5391,3.7422000000000075
2022-07-18,2023,2.4884,2.5492,2.3973,2.5353,3.2423999999999973
2022-07-19,2023,2.4749,2.5403000000000002,2.3763,2.5127,2.9819999999999887
2022-07-20,2023,2.4644999999999997,2.5355000000000003,2.3491999999999997,2.489,2.88959999999998
2022-07-21,2023,2.4511000000000003,2.5106,2.3113,2.4483,3.2550000000000052
2022-07-22,2023,2.4527,2.5205,2.3262,2.4624,2.8728000000000007
2022-07-25,2023,2.4755000000000003,2.5457,2.3657,2.505,2.9022000000000068
2022-07-26,2023,2.4926,2.5635000000000003,2.3963,2.5357,2.8769999999999722
2022-07-27,2023,2.4958,2.5549,2.376,2.517,3.4398000000000035
2022-07-28,2023,2.5185,2.5673000000000004,2.3758,2.5143,3.767399999999986
2022-07-29,2023,2.5176,2.5585,2.3667,2.496,3.7128000000000014
2022-08-01,2023,2.4752,2.5249,2.3306999999999998,2.4682,3.687600000000004
2022-08-02,2023,2.4356999999999998,2.4947999999999997,2.3084000000000002,2.441,3.0869999999999864
2022-08-03,2023,2.5153,2.5571,2.3413999999999997,2.4763,3.9102000000000077
2022-08-04,2023,2.4928,2.5443000000000002,2.325,2.4600999999999997,3.5111999999999677
2022-08-05,2023,2.5158,2.5517,2.3165999999999998,2.4522,4.187400000000014
2022-08-08,2023,2.5288,2.5781,2.3254,2.4631,3.712799999999983
2022-08-09,2023,2.5235,2.5799000000000003,2.347,2.488,3.5531999999999817
2022-08-10,2023,2.5162,2.5888,2.3465000000000003,2.4991,3.3599999999999843
2022-08-11,2023,2.5395,2.6134,2.3901,2.5394,3.1668000000000056
2022-08-12,2023,2.5614999999999997,2.6212,2.4090000000000003,2.5586,3.775799999999985
2022-08-15,2023,2.5707999999999998,2.6325,2.4346,2.5833,3.6539999999999893
2022-08-16,2023,2.5603,2.6375,2.4387,2.5935,3.2591999999999954
2022-08-17,2023,2.5196,2.5677,2.3745,2.5267,4.372200000000013
2022-08-18,2023,2.5252,2.5753,2.4031000000000002,2.5515,4.128599999999984
2022-08-19,2023,2.5345,2.5801999999999996,2.4008000000000003,2.545,4.137000000000001
2022-08-22,2023,2.5448,2.5902999999999996,2.4103,2.5542,4.132800000000011
2022-08-23,2023,2.5727999999999995,2.6067,2.419,2.5594,4.472999999999983
2022-08-24,2023,2.6239,2.6436,2.4600999999999997,2.5906000000000002,4.65360000000001
2022-08-25,2023,2.6085000000000003,2.6406,2.4604,2.5998,4.506600000000017
2022-08-26,2023,2.6245999999999996,2.6571,2.4838,2.6143,4.115999999999994
2022-08-29,2023,2.6163,2.6697,2.4977,2.6308,3.3473999999999764
2022-08-30,2023,2.5816000000000003,2.6345,2.4383,2.5768,3.5952000000000144
2022-08-31,2023,2.5419,2.6023,2.4032,2.5476,3.528000000000003
2022-09-01,2023,2.5429,2.5957,2.3936,2.5380000000000003,3.8472000000000053
2022-09-02,2023,2.5171,2.5721,2.3453,2.4978,4.095000000000006
2022-09-06,2023,2.5373,2.5979,2.3742,2.5276,3.8975999999999997
2022-09-07,2023,2.5596,2.6157,2.4198,2.5756,4.187400000000014
2022-09-08,2023,2.5705,2.6138,2.4102,2.5747000000000004,5.090400000000018
2022-09-09,2023,2.5769,2.6071,2.4063999999999997,2.5762,5.863200000000026
2022-09-12,2023,2.5841000000000003,2.6389,2.4174,2.593,5.073600000000001
2022-09-13,2023,2.5795999999999997,2.6436,2.4541,2.6212999999999997,4.33439999999997
2022-09-14,2023,2.5846,2.6542000000000003,2.4835,2.6532,4.204199999999994
2022-09-15,2023,2.6916,2.7462999999999997,2.5726,2.7420999999999998,4.82160000000001
2022-09-16,2023,2.6724,2.7439,2.5493,2.7226999999999997,4.279799999999986
2022-09-19,2023,2.7129000000000003,2.7893,2.5805000000000002,2.7498,3.9018000000000086
2022-09-20,2023,2.7155,2.7859,2.5734,2.7426999999999997,4.1537999999999995
2022-09-21,2023,2.6954000000000002,2.7676,2.5613,2.7236000000000002,3.7842000000000215
2022-09-22,2023,2.721,2.7859,2.5906000000000002,2.7435,3.6960000000000033
2022-09-23,2023,2.7401999999999997,2.8105,2.6306,2.7806,3.347399999999995
2022-09-26,2023,2.7278,2.8176,2.6157,2.7832,3.2633999999999856
2022-09-27,2023,2.7407999999999997,2.8295,2.6445,2.8051999999999997,3.023999999999984
2022-09-28,2023,2.7392000000000003,2.8037,2.6113,2.7662,3.796800000000011
2022-09-29,2023,2.7062,2.7772,2.5860000000000003,2.7441000000000004,3.658199999999998
2022-09-30,2023,2.7594,2.8294,2.6311,2.7954000000000003,3.960600000000002
2022-10-03,2023,2.7622000000000004,2.8072000000000004,2.5868,2.7535000000000003,5.111400000000006
2022-10-04,2023,2.7459,2.7902,2.5702,2.7266000000000004,4.708200000000013
2022-10-05,2023,2.76,2.8179000000000003,2.5816000000000003,2.7442,4.397399999999973
2022-10-06,2023,2.8406000000000002,2.8874,2.6660000000000004,2.8345,5.111399999999987
2022-10-07,2023,2.8567,2.8967,2.6832,2.8424,5.006400000000008
2022-10-11,2023,2.8632999999999997,2.8973,2.6902,2.8531,5.413799999999991
2022-10-12,2023,2.7958,2.8259,2.6087000000000002,2.7681999999999998,5.43479999999998
2022-10-13,2023,2.7837,2.8045,2.5637,2.7274000000000003,6.00180000000002
2022-10-14,2023,2.8329000000000004,2.8407999999999998,2.5806,2.7426999999999997,6.476400000000014
2022-10-17,2023,2.8157,2.8295,2.5963,2.7502,5.884200000000014
2022-10-18,2023,2.8002999999999996,2.825,2.5743,2.7368,5.787599999999978
2022-10-19,2023,2.8264,2.8289999999999997,2.5864999999999996,2.7413,6.392400000000023
2022-10-20,2023,2.8171,2.8155,2.5566,2.7081,6.430199999999991
2022-10-21,2023,2.815,2.8160000000000003,2.5507,2.7028,6.346199999999982
2022-10-24,2023,2.8087999999999997,2.8152,2.5767,2.7158999999999995,5.577599999999964
2022-10-25,2023,2.839,2.8388999999999998,2.5976999999999997,2.7341,5.733000000000031
2022-10-26,2023,2.8079,2.823,2.5706,2.7118,5.296200000000004
2022-10-27,2023,2.7873,2.8363,2.5801,2.7321,4.3260000000000085
2022-10-28,2023,2.8062,2.8318,2.5898000000000003,2.7305,4.834199999999999
2022-10-31,2023,2.7537000000000003,2.7777,2.5481,2.6932,5.086200000000027
2022-11-01,2023,2.7316000000000003,2.7460000000000004,2.5218000000000003,2.6648,5.401199999999983
2022-11-02,2023,2.742,2.7488,2.5286,2.6660000000000004,5.485200000000011
2022-11-03,2023,2.7725999999999997,2.7637,2.5542,2.6809,5.695199999999988
2022-11-04,2023,2.7365,2.7201,2.499,2.6256,6.005999999999991
2022-11-07,2023,2.7171,2.7035,2.5038,2.6318,5.947199999999998
2022-11-08,2023,2.7286,2.701,2.4985,2.6297,6.6696000000000115
2022-11-09,2023,2.6841000000000004,2.65,2.4458,2.5754,6.875400000000017
2022-11-10,2023,2.6908,2.6626,2.4579,2.5764,6.161400000000002
2022-11-11,2023,2.6356,2.6231,2.4273,2.5463,5.523000000000017
2022-11-14,2023,2.6482,2.6308999999999996,2.4487,2.5723000000000003,5.917800000000029
2022-11-15,2023,2.6231999999999998,2.6239,2.4435,2.5631,4.9938
2022-11-16,2023,2.6014,2.6096,2.3925,2.517,4.884599999999994
2022-11-17,2023,2.5591,2.5879000000000003,2.3601,2.4859,4.07399999999998
2022-11-18,2023,2.5961000000000003,2.6405000000000003,2.4141,2.5488999999999997,3.796799999999992
2022-11-21,2023,2.6625,2.6893000000000002,2.4825,2.6199,4.645199999999992
2022-11-22,2023,2.6745,2.7136,2.5005,2.6416000000000004,4.284000000000013
2022-11-23,2023,2.6826,2.7069,2.506,2.6382,4.531799999999995
2022-11-25,2023,2.6656,2.6801,2.4681,2.5995,4.909799999999991
2022-11-28,2023,2.6845999999999997,2.685,2.4813,2.6068000000000002,5.25419999999999
2022-11-29,2023,2.6746,2.6826999999999996,2.4778000000000002,2.6086,5.153400000000001
2022-11-30,2023,2.6649000000000003,2.6687,2.4531,2.5873000000000004,5.476800000000031
2022-12-01,2023,2.7283,2.7034,2.4893,2.6316,7.02240000000001
2022-12-02,2023,2.7481999999999998,2.7198,2.4903,2.6272,6.942599999999991
2022-12-05,2023,2.7006,2.7028,2.4606,2.6106,6.2076000000000064
2022-12-06,2023,2.763,2.7638,2.5279,2.6743,6.115200000000017
2022-12-07,2023,2.7678,2.7577,2.524,2.6666000000000003,6.413400000000012
2022-12-08,2023,2.8043,2.7886,2.5502000000000002,2.6887,6.476399999999977
2022-12-09,2023,2.7963,2.7911,2.5279,2.6705,6.2076000000000064
2022-12-12,2023,2.7796,2.787,2.52,2.6666000000000003,5.846400000000009
2022-12-13,2023,2.7839,2.8002,2.5423,2.6864999999999997,5.371799999999996
2022-12-14,2023,2.8373000000000004,2.8478,2.5784,2.7247000000000003,5.703600000000043
2022-12-15,2023,2.8263,2.8426,2.5711,2.7203,5.581799999999991
2022-12-16,2023,2.7888,2.822,2.5493,2.7100999999999997,5.359199999999988
2022-12-19,2023,2.782,2.8089,2.5195,2.6822000000000004,5.703600000000025
2022-12-20,2023,2.7906,2.8249,2.5580000000000003,2.7201,5.367599999999987
2022-12-21,2023,2.7887,2.8265,2.5631,2.733,5.548200000000014
2022-12-22,2023,2.7829,2.7972,2.5546,2.718,6.262199999999991
2022-12-23,2023,2.802,2.8089999999999997,2.5571,2.7172,6.43020000000001
2022-12-27,2023,2.745,2.7601,2.5277000000000003,2.6822000000000004,5.854800000000008
2022-12-28,2023,2.6916,2.7048,2.4824,2.6395999999999997,6.047999999999987
2022-12-29,2023,2.641,2.662,2.4463,2.6083999999999996,5.926199999999991
2022-12-30,2023,2.6349,2.6494,2.4313,2.5854000000000004,5.863200000000026
2023-01-03,2023,2.6420999999999997,2.6652,2.4563,2.6072,5.367599999999987
2023-01-04,2023,2.6942000000000004,2.7131,2.508,2.6666000000000003,5.867400000000035
2023-01-05,2023,2.6616000000000004,2.6598,2.4659,2.6173,6.434400000000019
2023-01-06,2023,2.6289999999999996,2.6264999999999996,2.4159,2.5682,6.501599999999993
2023-01-09,2023,2.6588,2.6335,2.4065,2.5511,7.135799999999988
2023-01-10,2023,2.6569,2.6571,2.4346,2.5837,6.253799999999992
2023-01-11,2023,2.6971,2.6925,2.4776,2.6264999999999996,6.446999999999989
2023-01-12,2023,2.7477,2.7257,2.5184,2.6562,6.711600000000007
2023-01-13,2023,2.7147,2.6825,2.4729,2.6083999999999996,7.04339999999998
2023-01-17,2023,2.7546,2.7247000000000003,2.5154,2.6536,7.060199999999978
2023-01-18,2023,2.7116000000000002,2.7004,2.4965,2.6299,6.073200000000003
2023-01-19,2023,2.7125,2.7023,2.4925,2.6332,6.337799999999983
2023-01-20,2023,2.7620999999999998,2.7409,2.526,2.6735,7.085400000000012
2023-01-23,2023,2.8082,2.7744999999999997,2.5586,2.7039,7.517999999999993
2023-01-24,2023,2.8331,2.7986,2.5735,2.7194,7.576799999999986
2023-01-25,2023,2.8234,2.7952999999999997,2.5688999999999997,2.7108,7.140000000000016
2023-01-26,2023,2.8327999999999998,2.7879,2.5735,2.707,7.492799999999977
2023-01-27,2023,2.8379000000000003,2.8011,2.585,2.7308,7.669200000000013
2023-01-30,2023,2.8572,2.8098,2.6123000000000003,2.7614,8.252999999999997
2023-01-31,2023,2.7973000000000003,2.7595,2.5737,2.7300999999999997,8.156399999999998
2023-02-01,2023,2.7962000000000002,2.7667,2.5726,2.7393,8.240400000000006
2023-02-02,2023,2.7929000000000004,2.7588,2.5454,2.7192000000000003,8.731800000000035
2023-02-03,2023,2.8188999999999997,2.8082,2.5861,2.7628,7.870799999999991
2023-02-06,2023,2.7963999999999998,2.7801,2.5527,2.7323000000000004,8.227799999999998
2023-02-07,2023,2.815,2.7649,2.5332,2.7060000000000004,9.361800000000024
2023-02-08,2023,2.8647000000000005,2.7873,2.5521000000000003,2.7256,10.537800000000004
2023-02-09,2023,2.877,2.7864999999999998,2.5433000000000003,2.7155,11.033399999999988
2023-02-10,2023,2.8723,2.784,2.551,2.7263,11.071200000000012
2023-02-13,2023,2.8094,2.741,2.508,2.6891000000000003,10.479000000000012
2023-02-14,2023,2.8324000000000003,2.7470999999999997,2.5324,2.7045999999999997,10.815000000000012
2023-02-15,2023,2.8487999999999998,2.7455000000000003,2.5506,2.7161,11.289599999999968
2023-02-16,2023,2.8446,2.7552999999999996,2.5563,2.7245999999999997,10.819200000000002
2023-02-17,2023,2.8280000000000003,2.7547,2.5459,2.7218,10.466400000000004
2023-02-21,2023,2.7785,2.7177,2.5159000000000002,2.6955,10.096800000000007
2023-02-22,2023,2.7741000000000002,2.6896,2.4804,2.6492,10.638600000000013
2023-02-23,2023,2.7916000000000003,2.7041000000000004,2.5088,2.6789,10.819200000000002
2023-02-24,2023,2.8402,2.7460000000000004,2.573,2.7449,11.176199999999973
2023-02-27,2023,2.891,2.7950999999999997,2.6121,2.7861000000000002,11.33580000000003
2023-02-28,2023,2.9072000000000005,2.8185000000000002,2.6403,2.8164999999999996,11.125799999999996
2023-03-01,2023,2.9081,2.8175,2.6551,2.8212,10.781400000000016
2023-03-02,2023,2.9052999999999995,2.8212,2.6643,2.8244,10.25639999999997
2023-03-03,2023,2.9207,2.8619,2.6944,2.8585000000000003,9.361800000000024
2023-03-06,2023,2.8845,2.8377999999999997,2.675,2.8434,9.034200000000022
2023-03-07,2023,2.9019,2.8542,2.7070999999999996,2.865,8.635200000000019
2023-03-08,2023,2.9238999999999997,2.8885,2.74,2.9081,8.546999999999983
2023-03-09,2023,2.927,2.8651999999999997,2.7276,2.8855,9.227400000000019
2023-03-10,2023,2.8703,2.8253,2.6715,2.8339999999999996,8.714999999999982
2023-03-13,2023,2.8943,2.8437,2.6845,2.8381,8.576399999999989
2023-03-14,2023,2.9282999999999997,2.8819,2.7100999999999997,2.8703,8.677199999999996
2023-03-15,2023,2.9372000000000003,2.8977999999999997,2.7142,2.8764999999999996,8.47140000000001
2023-03-16,2023,2.9068,2.8693,2.6831,2.8508,8.618400000000001
2023-03-17,2023,2.8716000000000004,2.8174,2.6324,2.804,9.4836
2023-03-20,2023,2.9025,2.8501999999999996,2.6792000000000002,2.8494,9.345000000000006
2023-03-21,2023,2.9006,2.8457,2.6664999999999996,2.8352,9.39120000000001
2023-03-22,2023,2.8994,2.8339,2.6745,2.847,9.995999999999999
2023-03-23,2023,2.915,2.8416,2.6933,2.86,10.0842
2023-03-24,2023,2.9059,2.8279,2.6735,2.8387000000000002,10.214399999999994
2023-03-27,2023,2.9019999999999997,2.8425,2.6823,2.8493,9.512999999999987
2023-03-28,2023,2.8951,2.8413,2.6795999999999998,2.8462,9.256800000000005
2023-03-29,2023,2.8514,2.8015,2.6487,2.8169,9.160200000000007
2023-03-30,2023,2.802,2.7574,2.6272,2.7882,8.635199999999982
2023-03-31,2023,2.8212,2.7791,2.6445,2.8087999999999997,8.668799999999997
2023-04-03,2023,2.8385000000000002,2.8002999999999996,2.6662,2.8308,8.517600000000032
2023-04-04,2023,2.7992000000000004,2.7551,2.6143,2.7727,8.505000000000006
2023-04-05,2023,2.8211,2.778,2.6233,2.7795,8.370600000000001
2023-04-06,2023,2.8316000000000003,2.8029,2.6589,2.8101,7.555799999999998
2023-04-10,2023,2.8706,2.8285,2.6824,2.8306999999999998,7.996799999999996
2023-04-11,2023,2.864,2.8247000000000004,2.6614999999999998,2.8142,8.06399999999999
2023-04-12,2023,2.8975,2.8453,2.6900999999999997,2.8412,8.53860000000002
2023-04-13,2023,2.8792,2.8381,2.6864999999999997,2.8465,8.446200000000012
2023-04-14,2023,2.8274,2.8092,2.6442,2.8139,7.8917999999999795
2023-04-17,2023,2.8253,2.8211,2.636,2.8194999999999997,7.88339999999998
2023-04-18,2023,2.7683,2.7777999999999996,2.5773,2.7667,7.5558000000000165
2023-04-19,2023,2.7577999999999996,2.7957,2.5894,2.7904,6.850199999999982
2023-04-20,2023,2.7774,2.8034,2.6175,2.8026999999999997,6.686399999999991
2023-04-21,2023,2.8067,2.8347,2.6538999999999997,2.8306,6.245400000000012
2023-04-24,2023,2.8264,2.8597,2.6705,2.8519,6.220199999999996
2023-04-25,2023,2.83,2.8623000000000003,2.6704000000000003,2.8538,6.346199999999982
2023-04-26,2023,2.8362,2.8675,2.6775,2.8632999999999997,6.488999999999966
2023-04-27,2023,2.8404000000000003,2.8535000000000004,2.6555,2.8368,7.064400000000005
2023-04-28,2023,2.8207,2.8301,2.6275,2.8078,7.177800000000002
2023-05-01,2023,2.8156,2.8221,2.6382,2.812,7.0266
2023-05-02,2023,2.7960000000000003,2.8124000000000002,2.6094,2.7835,6.623400000000007
2023-05-03,2023,2.8364999999999996,2.8668,2.6433999999999997,2.8248,6.3462000000000005
2023-05-04,2023,2.8508,2.8794,2.6737,2.8451999999999997,6.0017999999999825
2023-05-05,2023,2.8720999999999997,2.8967,2.6916,2.8606,6.064799999999966
2023-05-08,2023,2.8729,2.8998000000000004,2.6975,2.8694,6.090000000000001
2023-05-09,2023,2.8974,2.9156999999999997,2.6847000000000003,2.8575,6.489000000000003
2023-05-10,2023,2.9627999999999997,2.9519,2.7456,2.9138,7.522199999999983
2023-05-11,2023,2.9360000000000004,2.9379000000000004,2.7172,2.8935000000000004,7.324800000000014
2023-05-12,2023,2.9694,2.9599,2.727,2.9008999999999996,7.702799999999972
2023-05-15,2023,2.9594,2.9665,2.7195,2.9016,7.350000000000011
2023-05-16,2023,2.966,2.9696,2.7209,2.9066,7.648200000000025
2023-05-17,2023,2.9219,2.9377999999999997,2.6784,2.875,7.589400000000013
2023-05-18,2023,2.9275,2.9367,2.6952,2.8829000000000002,7.497000000000023
2023-05-19,2023,2.923,2.9261,2.6854,2.8739999999999997,7.790999999999991
2023-05-22,2023,2.9192,2.9191000000000003,2.6820999999999997,2.8634,7.6188
2023-05-23,2023,2.9282999999999997,2.9249,2.6875,2.8676999999999997,7.711199999999971
2023-05-24,2023,2.9444999999999997,2.9389,2.6839999999999997,2.8689,8.001000000000005
2023-05-25,2023,2.9443,2.9218,2.6670999999999996,2.8482,8.551200000000009
2023-05-26,2023,2.8903,2.867,2.6258,2.7986,8.236199999999997
2023-05-30,2023,2.9095,2.8771,2.6307,2.8139,9.055199999999992
2023-05-31,2023,2.9279,2.8892,2.6385,2.8224,9.349199999999996
2023-06-01,2024,2.8273,2.7775,2.6893000000000002,2.8082,7.085399999999994
2023-06-02,2024,2.8009,2.7602999999999995,2.6745,2.793,6.6822000000000195
2023-06-05,2024,2.833,2.7834,2.6906,2.8067,6.959400000000026
2023-06-06,2024,2.8269,2.7798000000000003,2.7098,2.8262,6.866999999999999
2023-06-07,2024,2.7923,2.7609,2.6713,2.7892,6.270600000000009
2023-06-08,2024,2.8117,2.7806,2.7001,2.8301,6.7661999999999916
2023-06-09,2024,2.8113,2.7749,2.6943,2.8231,6.938400000000001
2023-06-12,2024,2.8011,2.7805,2.6718,2.8171,6.967799999999988
2023-06-13,2024,2.8360000000000003,2.8174,2.7112,2.8577,6.93420000000001
2023-06-14,2024,2.8364,2.8150999999999997,2.6839,2.8361,7.287000000000009
2023-06-15,2024,2.8466000000000005,2.8175,2.6630000000000003,2.8081,7.316400000000015
2023-06-16,2024,2.8282,2.803,2.6511,2.7966,7.169400000000003
2023-06-20,2024,2.8636,2.821,2.667,2.8135000000000003,7.942200000000011
2023-06-21,2024,2.8586,2.8152999999999997,2.6889999999999996,2.8412,8.211000000000038
2023-06-22,2024,2.8531999999999997,2.7963,2.6814,2.8245,8.399999999999988
2023-06-23,2024,2.8149,2.7906999999999997,2.6751,2.8147,6.879600000000026
2023-06-26,2024,2.7741000000000002,2.7662999999999998,2.6275999999999997,2.7773000000000003,6.6150000000000455
2023-06-27,2024,2.8001,2.7832999999999997,2.6441000000000003,2.7941000000000003,7.005600000000012
2023-06-28,2024,2.7914999999999996,2.7943000000000002,2.6449000000000003,2.8025,6.501599999999974
2023-06-29,2024,2.8207,2.8093,2.6525,2.8098,7.085400000000012
2023-06-30,2024,2.832,2.8063,2.6435000000000004,2.7967,7.513799999999984
2023-07-03,2024,2.8103,2.7855000000000003,2.6058,2.7706,7.963199999999981
2023-07-05,2024,2.7918000000000003,2.7689,2.5797000000000003,2.7439,7.858200000000002
2023-07-06,2024,2.7933999999999997,2.7689,2.5904000000000003,2.7507,7.7615999999999845
2023-07-07,2024,2.7815,2.7483999999999997,2.568,2.7270999999999996,8.072399999999988
2023-07-10,2024,2.7491000000000003,2.7089,2.5236,2.6794,8.232000000000006
2023-07-11,2024,2.7444,2.6877999999999997,2.5288,2.6772000000000005,8.61000000000004
2023-07-12,2024,2.725,2.6877,2.5229,2.6689999999999996,7.702799999999991
2023-07-13,2024,2.7468,2.7083,2.5391,2.6860000000000004,7.786800000000019
2023-07-14,2024,2.8196,2.7735000000000003,2.6106,2.7573000000000003,8.097600000000003
2023-07-17,2024,2.8032999999999997,2.7441000000000004,2.5754,2.7229,8.681399999999968
2023-07-18,2024,2.7853,2.7344999999999997,2.5543,2.7029,8.374800000000011
2023-07-19,2024,2.7467,2.7105,2.4887,2.6523000000000003,8.391600000000007
2023-07-20,2024,2.7407,2.6885000000000003,2.4815,2.6329000000000002,8.55119999999999
2023-07-21,2024,2.7521,2.7049000000000003,2.5047,2.6585,8.441999999999984
2023-07-24,2024,2.7409,2.7111,2.5181,2.6732,7.765799999999993
2023-07-25,2024,2.748,2.7070999999999996,2.5144,2.6704000000000003,8.269800000000032
2023-07-26,2024,2.7685000000000004,2.7260000000000004,2.5551,2.7081999999999997,8.21519999999999
2023-07-27,2024,2.7460000000000004,2.7111,2.5394,2.6886,7.732200000000016
2023-07-28,2024,2.739,2.7064,2.5317,2.6814999999999998,7.660799999999996
2023-07-31,2024,2.7792000000000003,2.7165,2.559,2.7104000000000004,8.992200000000025
2023-08-01,2024,2.7668,2.7076,2.529,2.6849000000000003,9.034200000000022
2023-08-02,2024,2.7287,2.6658999999999997,2.4816,2.6372000000000004,9.172800000000034
2023-08-03,2024,2.7426999999999997,2.6674,2.4855,2.6335,9.378599999999985
2023-08-04,2024,2.7898,2.7072000000000003,2.5441,2.6860000000000004,9.429000000000016
2023-08-07,2024,2.8505000000000003,2.7667,2.6101,2.7489999999999997,9.353399999999986
2023-08-08,2024,2.8561,2.7657,2.6004,2.7379000000000002,9.571800000000017
2023-08-09,2024,2.8575999999999997,2.7807,2.597,2.7349,9.021599999999996
2023-08-10,2024,2.8676999999999997,2.7906999999999997,2.594,2.7366,9.22320000000001
2023-08-11,2024,2.8596,2.7792000000000003,2.5874,2.7291000000000003,9.328199999999988
2023-08-14,2024,2.8928,2.8173000000000004,2.6157999999999997,2.7670999999999997,9.525599999999976
2023-08-15,2024,2.9177999999999997,2.8346,2.6632,2.8015,9.302999999999992
2023-08-16,2024,2.937,2.8404000000000003,2.6745,2.8213999999999997,10.226999999999965
2023-08-17,2024,2.9441,2.8366000000000002,2.6805000000000003,2.8223000000000003,10.470599999999994
2023-08-18,2024,2.9816000000000003,2.8588999999999998,2.7007,2.8383,10.932600000000019
2023-08-21,2024,2.9747000000000003,2.8487999999999998,2.6862,2.8191,10.869600000000034
2023-08-22,2024,3.0172000000000003,2.8962,2.7518000000000002,2.8764999999999996,10.319399999999991
2023-08-23,2024,3.0474,2.9353,2.7974,2.9224,9.958200000000012
2023-08-24,2024,3.0404,2.9272000000000005,2.7817000000000003,2.9081,10.063199999999973
2023-08-25,2024,3.022,2.9126,2.7758999999999996,2.9068,10.092600000000017
2023-08-28,2024,2.9960000000000004,2.8894,2.7412,2.8745,10.075800000000001
2023-08-29,2024,3.0032,2.8906,2.7558999999999996,2.8857999999999997,10.185000000000006
2023-08-30,2024,3.0101,2.8836,2.7317,2.862,10.785600000000006
2023-08-31,2024,2.9665,2.8285,2.688,2.7974,10.390799999999993
2023-09-01,2024,2.9511000000000003,2.8041,2.6705,2.7811000000000003,10.81920000000002
2023-09-05,2024,2.8487999999999998,2.707,2.5616000000000003,2.6811000000000003,10.974599999999995
2023-09-06,2024,2.8218,2.6895,2.5326,2.6556,10.722600000000021
2023-09-07,2024,2.8239,2.7033,2.5517,2.6716,10.101000000000017
2023-09-08,2024,2.8255,2.7322,2.5595,2.6941,9.5718
2023-09-11,2024,2.8150999999999997,2.7336,2.5836,2.7171,9.029999999999976
2023-09-12,2024,2.7839,2.6889999999999996,2.5435,2.6756,9.534000000000031
2023-09-13,2024,2.807,2.6984,2.5668,2.6973000000000003,10.042200000000005
2023-09-14,2024,2.8273,2.7231,2.5805000000000002,2.7085000000000004,9.752400000000009
2023-09-15,2024,2.7582999999999998,2.6787,2.5258000000000003,2.6569,8.849399999999967
2023-09-18,2024,2.7596,2.6832,2.5447,2.6814,8.950199999999993
2023-09-19,2024,2.7451999999999996,2.6842,2.5425999999999997,2.6883999999999997,8.685599999999976
2023-09-20,2024,2.7422000000000004,2.6807,2.5311000000000003,2.6737,8.572200000000016
2023-09-21,2024,2.722,2.6662,2.4962999999999997,2.6302999999999996,7.971599999999999
2023-09-22,2024,2.761,2.7077999999999998,2.5599000000000003,2.6872000000000003,7.581000000000014
2023-09-25,2024,2.755,2.718,2.5627,2.6927,7.013999999999992
2023-09-26,2024,2.7653,2.7492,2.5812,2.7166,6.362999999999999
2023-09-27,2024,2.7777,2.7618,2.5951999999999997,2.7392000000000003,6.715800000000016
2023-09-28,2024,2.7727,2.7626,2.6041000000000003,2.7443,6.312599999999986
2023-09-29,2024,2.847,2.812,2.6675,2.7966,6.892200000000015
2023-10-02,2024,2.8463,2.8202999999999996,2.7020999999999997,2.8308,6.497400000000021
2023-10-03,2024,2.8387000000000002,2.8298,2.6819,2.8139,5.917799999999992
2023-10-04,2024,2.8265,2.8164,2.6542000000000003,2.7856,5.942999999999989
2023-10-05,2024,2.8102,2.8045,2.6277999999999997,2.7641000000000004,5.964000000000033
2023-10-06,2024,2.7971,2.8146,2.6318,2.7744,5.25419999999999
2023-10-09,2024,2.8157,2.8339999999999996,2.6578,2.7988,5.15340000000002
2023-10-10,2024,2.7987,2.8285,2.6472,2.7943000000000002,4.926600000000008
2023-10-11,2024,2.8027999999999995,2.8304,2.6502,2.7988,5.081999999999981
2023-10-12,2024,2.8363,2.8526,2.6888,2.8373000000000004,5.552400000000023
2023-10-13,2024,2.8044,2.8174,2.6475,2.7893,5.409599999999982
2023-10-16,2024,2.8125999999999998,2.8272000000000004,2.6677999999999997,2.8027999999999995,5.056799999999965
2023-10-17,2024,2.7986,2.8105,2.6624,2.7883999999999998,4.792199999999985
2023-10-18,2024,2.8289,2.8394999999999997,2.7056,2.8329000000000004,4.901400000000029
2023-10-19,2024,2.8152,2.8295999999999997,2.7036000000000002,2.8306999999999998,4.733399999999992
2023-10-20,2024,2.8528,2.8655,2.7657,2.8841,4.439400000000005
2023-10-23,2024,2.8561,2.8695999999999997,2.7704000000000004,2.8829000000000002,4.158000000000008
2023-10-24,2024,2.8634,2.8724000000000003,2.7897000000000003,2.8985000000000003,4.191599999999986
2023-10-25,2024,2.8838999999999997,2.8912,2.7948000000000004,2.9057,4.351199999999968
2023-10-26,2024,2.9545,2.9613,2.8866,2.9943,4.23779999999999
2023-10-27,2024,2.9341000000000004,2.9438,2.8550999999999997,2.9731,4.548600000000031
2023-10-30,2024,2.9023000000000003,2.9221,2.8259,2.9486000000000003,4.321800000000037
2023-10-31,2024,2.8569999999999998,2.8958,2.8031,2.9235,3.4271999999999956
2023-11-01,2024,2.8731999999999998,2.9181,2.8352999999999997,2.9619999999999997,3.4355999999999947
2023-11-02,2024,2.9139,2.9345,2.8707,2.9892000000000003,4.111800000000023
2023-11-03,2024,2.9307999999999996,2.9526999999999997,2.8794,3.0012,4.195799999999995
2023-11-06,2024,2.9029000000000003,2.9263,2.8514999999999997,2.9722000000000004,4.086600000000044
2023-11-07,2024,2.8613,2.8826,2.8308999999999997,2.9515,4.170599999999998
2023-11-08,2024,2.9004000000000003,2.9065,2.8689,2.9856,4.645200000000011
2023-11-09,2024,2.8993,2.9010000000000002,2.8577,2.9682,4.5696
2023-11-10,2024,2.9194999999999998,2.9208,2.8663,2.9804000000000004,4.737600000000019
2023-11-13,2024,2.8489999999999998,2.8602999999999996,2.8176,2.9295,4.225200000000001
2023-11-14,2024,2.8539999999999996,2.845,2.8188999999999997,2.9233,4.762799999999979
2023-11-15,2024,2.8333,2.8274,2.7834,2.8931,4.855200000000006
2023-11-16,2024,2.8029,2.8098,2.7502,2.8704,4.7586000000000075
2023-11-17,2024,2.8254,2.8292,2.7794,2.9069,5.195399999999997
2023-11-20,2024,2.8185000000000002,2.7969999999999997,2.7437,2.8689999999999998,6.165600000000011
2023-11-21,2024,2.8564,2.8342,2.7880000000000003,2.9119,6.136199999999986
2023-11-22,2024,2.8789,2.8454,2.8024,2.9303,6.778799999999981
2023-11-24,2024,2.8435,2.8169999999999997,2.7556,2.8848000000000003,6.539400000000035
2023-11-27,2024,2.8416,2.7942,2.7310000000000003,2.8588999999999998,7.362599999999982
2023-11-28,2024,2.8322000000000003,2.7920999999999996,2.7245,2.8583,7.303800000000026
2023-11-29,2024,2.7851,2.7476,2.668,2.8001,7.123199999999999
2023-11-30,2024,2.8253,2.7769,2.7048,2.842,7.7951999999999995
2023-12-01,2024,2.8167,2.7698,2.7213,2.8563,7.639800000000007
2023-12-04,2024,2.7805,2.7441000000000004,2.6847000000000003,2.8237,7.366799999999972
2023-12-05,2024,2.783,2.7308,2.6568,2.7933999999999997,7.929599999999985
2023-12-06,2024,2.7722,2.7270999999999996,2.6586000000000003,2.7813999999999997,7.051799999999997
2023-12-07,2024,2.7798000000000003,2.7445,2.6711,2.7938,6.636000000000015
2023-12-08,2024,2.7881,2.7479,2.6587,2.7856,7.018200000000001
2023-12-11,2024,2.7719,2.7116000000000002,2.6277999999999997,2.7487,7.610400000000001
2023-12-12,2024,2.781,2.7014,2.6098000000000003,2.7243,8.152199999999988
2023-12-13,2024,2.8147,2.6974,2.6307,2.7346,9.290400000000002
2023-12-14,2024,2.8265,2.698,2.6302,2.7292,9.555000000000001
2023-12-15,2024,2.7438,2.6568,2.5783,2.6922,8.437799999999994
2023-12-18,2024,2.7322,2.6336,2.5702,2.6731,8.46300000000001
2023-12-19,2024,2.7469,2.6281,2.5616000000000003,2.6541,8.874600000000001
2023-12-20,2024,2.6718,2.5543,2.4912,2.588,9.000600000000006
2023-12-21,2024,2.6422000000000003,2.5473,2.4858000000000002,2.5862,8.2026
2023-12-22,2024,2.6026,2.511,2.4537999999999998,2.5553,8.110199999999992
2023-12-26,2024,2.6064999999999996,2.5164,2.4581,2.5633999999999997,8.206799999999973
2023-12-27,2024,2.5906000000000002,2.5087,2.4296,2.5317,7.727999999999988
2023-12-28,2024,2.6236,2.5428,2.4637000000000002,2.5706,7.883399999999999
2023-12-29,2024,2.5924,2.5424,2.4621,2.5836,7.202999999999999
2024-01-02,2024,2.5639,2.5126,2.425,2.5501,7.408800000000005
2024-01-03,2024,2.5287,2.4778000000000002,2.3964,2.5144,7.093800000000011
2024-01-04,2024,2.5263999999999998,2.4635,2.3714,2.4934,7.765799999999993
2024-01-05,2024,2.5216,2.4661,2.3813,2.4998,7.307999999999997
2024-01-08,2024,2.4730000000000003,2.4343,2.3213,2.4465,6.883800000000016
2024-01-09,2024,2.4952,2.472,2.3701,2.4979,6.34200000000001
2024-01-10,2024,2.4965,2.4663999999999997,2.3575999999999997,2.4859,6.652800000000032
2024-01-11,2024,2.4588,2.4227000000000003,2.333,2.449,6.388199999999977
2024-01-12,2024,2.4705,2.4305000000000003,2.3493,2.4605,6.350399999999991
2024-01-16,2024,2.479,2.4394,2.3531,2.4634,6.295800000000006
2024-01-17,2024,2.4513,2.4238,2.3226,2.4341,5.837999999999991
2024-01-18,2024,2.5066,2.4641,2.35,2.4539,6.148799999999994
2024-01-19,2024,2.5232,2.4781999999999997,2.3718,2.4708,6.048000000000024
2024-01-22,2024,2.5168,2.4735,2.3452,2.4423,5.896799999999985
2024-01-23,2024,2.5439,2.5007,2.3538,2.4537999999999998,6.014399999999972
2024-01-24,2024,2.4852000000000003,2.4718999999999998,2.3272999999999997,2.4296,4.8552000000000435
2024-01-25,2024,2.4621,2.4599,2.3074,2.4131,4.531799999999995
2024-01-26,2024,2.4451,2.4627,2.3296,2.4272,3.360000000000003
2024-01-29,2024,2.4565,2.4825999999999997,2.3423,2.4466,3.28440000000003
2024-01-30,2024,2.437,2.4514,2.3181,2.4204,3.6917999999999944
2024-01-31,2024,2.4543,2.4708,2.319,2.4263999999999997,3.8177999999999805
2024-02-01,2024,2.4569,2.4786,2.2950999999999997,2.4036,3.645600000000009
2024-02-02,2024,2.5044999999999997,2.5284,2.35,2.4653,3.8387999999999876
2024-02-05,2024,2.4949,2.5254,2.3594999999999997,2.4769,3.6498000000000177
2024-02-06,2024,2.4785,2.512,2.3337,2.4525,3.5826000000000064
2024-02-07,2024,2.4627,2.4819,2.2655000000000003,2.3872,4.304999999999983
2024-02-08,2024,2.4702,2.5012,2.2882,2.4104,3.830400000000026
2024-02-09,2024,2.4849,2.5082,2.3066,2.4263999999999997,4.052999999999992
2024-02-12,2024,2.5147,2.5239,2.3462,2.458,4.30920000000001
2024-02-13,2024,2.526,2.5318,2.3507,2.4659999999999997,4.598999999999988
2024-02-14,2024,2.5677999999999996,2.5745,2.3799,2.5034,4.905599999999982
2024-02-15,2024,2.5403000000000002,2.5372,2.3287,2.4528,5.3424000000000085
2024-02-16,2024,2.568,2.5604,2.3391,2.4604,5.413799999999991
2024-02-20,2024,2.5496,2.535,2.3175,2.4359,5.586
2024-02-21,2024,2.5812,2.5707,2.3579,2.4828,5.686800000000008
2024-02-22,2024,2.5591,2.5437,2.3346999999999998,2.4609,5.9472000000000165
2024-02-23,2024,2.5066,2.5244999999999997,2.2828,2.4223,5.107200000000016
2024-02-26,2024,2.475,2.4873,2.2351,2.373,5.275200000000016
2024-02-27,2024,2.4837000000000002,2.5122999999999998,2.2702,2.4200999999999997,5.094600000000008
2024-02-28,2024,2.4621,2.4981999999999998,2.2218,2.3834999999999997,5.275199999999997
2024-02-29,2024,2.4530000000000003,2.4823,2.1986000000000003,2.3582,5.4726000000000035
2024-03-01,2024,2.4488,2.4622,2.1839,2.3432,6.127799999999987
2024-03-04,2024,2.4981999999999998,2.5095,2.2402,2.4015,6.299999999999978
2024-03-05,2024,2.5657,2.5671,2.2924,2.4615,7.043399999999998
2024-03-06,2024,2.5288,2.5368,2.2774,2.4431,6.623399999999989
2024-03-07,2024,2.4928,2.5149,2.271,2.4346,5.943000000000008
2024-03-08,2024,2.4947999999999997,2.5251,2.2880000000000003,2.4482,5.455799999999968
2024-03-11,2024,2.4914,2.5197,2.2576,2.4183000000000003,5.560800000000022
2024-03-12,2024,2.5305,2.5349,2.2716,2.43,6.468000000000015
2024-03-13,2024,2.5436,2.5469,2.2982,2.4545,6.426000000000001
2024-03-14,2024,2.6256,2.633,2.3826,2.5444999999999998,6.488999999999985
2024-03-15,2024,2.6247000000000003,2.6477,2.4067,2.5623,5.569200000000021
2024-03-18,2024,2.6245,2.6437,2.4135,2.5738,5.926199999999991
2024-03-19,2024,2.5875,2.6025,2.3766,2.542,6.316799999999994
2024-03-20,2024,2.5858999999999996,2.5924,2.3912,2.5506,6.421799999999992
2024-03-21,2024,2.575,2.5864999999999996,2.3794,2.54,6.262200000000028
2024-03-22,2024,2.6201999999999996,2.6233,2.423,2.5876,6.78299999999999
2024-03-25,2024,2.6285000000000003,2.6384,2.4339,2.6017,6.631800000000025
2024-03-26,2024,2.6115,2.6329000000000002,2.4225,2.6008,6.589799999999992
2024-03-27,2024,2.6408,2.6675999999999997,2.444,2.6286,6.627600000000016
2024-03-28,2024,2.6715,2.6886,2.4692,2.6519999999999997,6.959399999999989
2024-04-01,2024,2.6614999999999998,2.6674,2.4674,2.6517,7.492799999999977
2024-04-02,2024,2.6335,2.6456,2.4537999999999998,2.6433999999999997,7.455000000000009
2024-04-03,2024,2.6334,2.617,2.4456,2.6268000000000002,8.299199999999999
2024-04-04,2024,2.6567000000000003,2.6488,2.4715000000000003,2.6527999999999996,7.946399999999983
2024-04-05,2024,2.6891000000000003,2.6782999999999997,2.4648,2.6531000000000002,8.36220000000004
2024-04-08,2024,2.6941,2.6949,2.4722999999999997,2.6608,7.883400000000018
2024-04-09,2024,2.6885000000000003,2.6870999999999996,2.4527,2.6332999999999998,7.644000000000016
2024-04-10,2024,2.7146,2.7133999999999996,2.4744,2.6554,7.652400000000015
2024-04-11,2024,2.6982,2.6952999999999996,2.4824,2.6604,7.597800000000012
2024-04-12,2024,2.7144999999999997,2.7072000000000003,2.4914,2.6693000000000002,7.778399999999983
2024-04-15,2024,2.6775,2.6656,2.4392,2.613,7.799400000000008
2024-04-16,2024,2.6544,2.6451,2.4362,2.605,7.480200000000006
2024-04-17,2024,2.6516,2.6275999999999997,2.4267,2.5858999999999996,7.694400000000011
2024-04-18,2024,2.6385,2.6111,2.4192,2.5677,7.387799999999998
2024-04-19,2024,2.6513,2.6228,2.4351,2.5819,7.362600000000019
2024-04-22,2024,2.6329000000000002,2.6112,2.4424,2.5887000000000002,7.056000000000006
2024-04-23,2024,2.6475999999999997,2.6165,2.4546,2.6075999999999997,7.732199999999978
2024-04-24,2024,2.6708,2.6411000000000002,2.4584,2.6245,8.223599999999971
2024-04-25,2024,2.6164,2.6017,2.3864,2.5614999999999997,7.97159999999998
2024-04-26,2024,2.6271,2.6058999999999997,2.3884,2.5605,8.11860000000003
2024-04-29,2024,2.6911,2.6661,2.4505,2.6174,8.0598
2024-04-30,2024,2.655,2.6523000000000003,2.4573,2.6134,6.669599999999974
2024-05-01,2024,2.6700999999999997,2.6636,2.485,2.6439999999999997,6.950999999999971
2024-05-02,2024,2.6745,2.6708999999999996,2.4977,2.6574,6.858600000000019
2024-05-03,2024,2.6784,2.6675999999999997,2.4987,2.6547,7.005600000000012
2024-05-06,2024,2.6682,2.6609,2.4806,2.64,7.001400000000022
2024-05-07,2024,2.7423,2.7226,2.5561000000000003,2.7194,7.685999999999993
2024-05-08,2024,2.7997,2.7601,2.5984,2.7584,8.38320000000001
2024-05-09,2024,2.8284,2.7614,2.6036,2.7539,9.126599999999975
2024-05-10,2024,2.8108,2.75,2.5951999999999997,2.7418,8.71080000000001
2024-05-13,2024,2.8168,2.7548000000000004,2.5934,2.7415,8.824199999999989
2024-05-14,2024,2.8112,2.7634,2.5894999999999997,2.7493,8.71920000000001
2024-05-15,2024,2.8462,2.7845999999999997,2.6217,2.7802,9.2442
2024-05-16,2024,2.8524000000000003,2.7864999999999998,2.6304000000000003,2.7832999999999997,9.189599999999995
2024-05-17,2024,2.8331,2.7588999999999997,2.5984,2.7453,9.286200000000012
2024-05-20,2024,2.7954000000000003,2.7333999999999996,2.5595,2.7093000000000003,8.895600000000046
2024-05-21,2024,2.7416,2.7077999999999998,2.5246,2.6814999999999998,8.009400000000003
2024-05-22,2024,2.7289999999999996,2.7044,2.5191999999999997,2.6820999999999997,7.874999999999981
2024-05-23,2024,2.7485000000000004,2.7119,2.5244,2.6938,8.652000000000017
2024-05-24,2024,2.7983999999999996,2.7522,2.5652999999999997,2.733,8.98379999999999
2024-05-28,2024,2.7772,2.7214,2.526,2.6944,9.416400000000007
2024-05-29,2024,2.702,2.6239999999999997,2.439,2.6045,10.227000000000002
2024-05-30,2024,2.7213,2.6464999999999996,2.457,2.6210000000000004,10.029600000000034
2024-05-31,2024,2.7547,2.6842,2.5029,2.661,9.601200000000006
2024-06-03,2025,2.6357999999999997,2.6194,2.4442,2.6494,9.307199999999982
2024-06-04,2025,2.6170999999999998,2.6088,2.4302,2.6363,9.004799999999978
2024-06-05,2025,2.5995999999999997,2.6073000000000004,2.4241,2.6263,8.168999999999969
2024-06-06,2025,2.6038,2.6033999999999997,2.4187,2.6074,7.94220000000003
2024-06-07,2025,2.6143,2.6168,2.4427000000000003,2.6313999999999997,7.820399999999978
2024-06-10,2025,2.6096,2.6218,2.4483,2.6414,7.597799999999993
2024-06-11,2025,2.5906000000000002,2.5845,2.3971,2.5963,8.622600000000011
2024-06-12,2025,2.6334,2.5999,2.4238999999999997,2.6092,9.189600000000013
2024-06-13,2025,2.6869,2.6401999999999997,2.4972,2.6761,9.475200000000019
2024-06-14,2025,2.7473,2.6987,2.5787,2.7572,9.538200000000003
2024-06-17,2025,2.7088,2.6532999999999998,2.5241,2.7049000000000003,9.924600000000035
2024-06-18,2025,2.7045999999999997,2.6438,2.5214,2.7118,10.550399999999994
2024-06-20,2025,2.6938,2.6277,2.5059,2.6956,10.743600000000011
2024-06-21,2025,2.6449000000000003,2.5911,2.4552,2.6477999999999997,10.348799999999997
2024-06-24,2025,2.6362,2.5852999999999997,2.4446,2.6414999999999997,10.40760000000001
2024-06-25,2025,2.6733999999999996,2.6436,2.5122,2.7114,9.617999999999967
2024-06-26,2025,2.654,2.6105,2.4966999999999997,2.6845999999999997,9.718799999999993
2024-06-27,2025,2.6506,2.6039,2.4865,2.6767000000000003,9.949800000000014
2024-06-28,2025,2.6624,2.6256,2.5118,2.6994,9.424799999999987
2024-07-01,2025,2.6667,2.6471,2.5137,2.7147,9.265200000000005
2024-07-02,2025,2.6401999999999997,2.6373,2.5128,2.7151,8.618399999999983
2024-07-03,2025,2.5892,2.5822000000000003,2.4516,2.6403,8.21939999999998
2024-07-05,2025,2.5707,2.5668,2.4165,2.6112,8.341199999999995
2024-07-08,2025,2.5691,2.5614,2.4324,2.6201999999999996,8.211
2024-07-09,2025,2.4994,2.5234,2.3811,2.5811,7.392000000000007
2024-07-10,2025,2.4838999999999998,2.5177,2.3667,2.5671,6.997199999999994
2024-07-11,2025,2.4861,2.5173,2.3661000000000003,2.5692000000000004,7.2197999999999976
2024-07-12,2025,2.4697,2.5111000000000003,2.3348,2.54,6.879599999999988
2024-07-15,2025,2.4529,2.4675,2.2918000000000003,2.4949,7.916999999999995
2024-07-16,2025,2.5063,2.5135,2.3529,2.553,8.101799999999994
2024-07-17,2025,2.454,2.4697,2.2902,2.4993,8.122800000000002
2024-07-18,2025,2.4221,2.4545,2.2573,2.4695,7.551600000000008
2024-07-19,2025,2.4168000000000003,2.4612,2.2758000000000003,2.4891,7.093800000000011
2024-07-22,2025,2.4093999999999998,2.4537,2.2833,2.5011,7.28699999999999
2024-07-23,2025,2.4242,2.4659,2.295,2.5145,7.467599999999998
2024-07-24,2025,2.3714,2.4385,2.2680000000000002,2.4885,6.442799999999999
2024-07-25,2025,2.3822,2.4558,2.2793,2.4998,6.169800000000001
2024-07-26,2025,2.3963,2.4721,2.3047999999999997,2.5265,6.127800000000006
2024-07-29,2025,2.4678999999999998,2.5334,2.3633,2.5826,6.459599999999979
2024-07-30,2025,2.4789,2.5218000000000003,2.3468999999999998,2.5688999999999997,7.522199999999983
2024-07-31,2025,2.4815,2.5084999999999997,2.3284000000000002,2.5413,7.807800000000007
2024-08-01,2025,2.4508,2.4711000000000003,2.2902,2.4959000000000002,7.7868
2024-08-02,2025,2.4565,2.4583,2.2646,2.4712,8.601600000000005
2024-08-05,2025,2.4162,2.4223,2.2431,2.4495,8.412599999999998
2024-08-06,2025,2.4122,2.4132,2.2399,2.4414,8.420999999999996
2024-08-07,2025,2.426,2.4252000000000002,2.2712,2.4661,8.2194
2024-08-08,2025,2.4605,2.4539,2.3084000000000002,2.5000999999999998,8.328599999999987
2024-08-09,2025,2.4556,2.4503,2.2894,2.4806,8.252999999999997
2024-08-12,2025,2.4059,2.408,2.2332,2.4205,7.778400000000001
2024-08-13,2025,2.43,2.4294,2.2540999999999998,2.4454,8.059800000000017
2024-08-14,2025,2.4373,2.4452000000000003,2.2822,2.4711000000000003,7.602000000000002
2024-08-15,2025,2.4228,2.4192,2.2659000000000002,2.4432,7.597799999999993
2024-08-16,2025,2.3896,2.3964,2.2487,2.43,7.329000000000023
2024-08-19,2025,2.3597,2.3554,2.2013,2.3853999999999997,7.912800000000005
2024-08-20,2025,2.403,2.3922,2.2377000000000002,2.4197,8.097600000000003
2024-08-21,2025,2.3931999999999998,2.3858,2.2321,2.4122,7.874999999999981
2024-08-22,2025,2.3716999999999997,2.3682,2.2124,2.3931,7.736399999999987
2024-08-23,2025,2.3741,2.3558000000000003,2.1841999999999997,2.3675,8.4672
2024-08-26,2025,2.3588999999999998,2.3339,2.173,2.3584,8.836799999999997
2024-08-27,2025,2.3376,2.322,2.1796,2.3569999999999998,8.105999999999984
2024-08-28,2025,2.3637,2.3464,2.1828,2.3681,8.509200000000014
2024-08-29,2025,2.4419,2.3945,2.2284,2.4037,9.353400000000004
2024-08-30,2025,2.4199,2.3744,2.2314,2.4013999999999998,9.051000000000002
2024-09-03,2025,2.3798,2.3438999999999997,2.1811000000000003,2.3569999999999998,8.895599999999991
2024-09-04,2025,2.3908,2.3550999999999997,2.2030000000000003,2.3783000000000003,8.862000000000013
2024-09-05,2025,2.4247,2.3644,2.1989,2.3648,9.500399999999999
2024-09-06,2025,2.4184,2.3594999999999997,2.2049000000000003,2.3741,9.580199999999998
2024-09-09,2025,2.4406,2.3636,2.2224,2.3848,10.054799999999993
2024-09-10,2025,2.4644,2.3907,2.2668,2.4255,9.760800000000007
2024-09-11,2025,2.4036,2.3316,2.2281999999999997,2.3761,9.235800000000019
2024-09-12,2025,2.4202,2.3209999999999997,2.2386,2.386,10.357200000000017
2024-09-13,2025,2.3999,2.3211,2.201,2.3592,9.954000000000004
2024-09-16,2025,2.3775,2.2938,2.1963,2.3409,9.588599999999998
2024-09-17,2025,2.3826,2.2836000000000003,2.1830000000000003,2.3232,10.046399999999975
2024-09-18,2025,2.3849,2.2988,2.1751,2.3181,9.622199999999994
2024-09-19,2025,2.3722,2.3001,2.1721,2.3181,9.160199999999989
2024-09-20,2025,2.4130000000000003,2.3328,2.2111,2.3472,9.084599999999998
2024-09-23,2025,2.3941,2.3331999999999997,2.2168,2.3594,8.547
2024-09-24,2025,2.3156,2.266,2.1427,2.2876,8.168999999999986
2024-09-25,2025,2.3007,2.2563999999999997,2.1537,2.2979,7.916999999999995
2024-09-26,2025,2.2717,2.2153,2.1054,2.2468,8.307599999999999
2024-09-27,2025,2.2716,2.1935,2.0718,2.2119,9.164399999999997
2024-09-30,2025,2.2333000000000003,2.1725,2.0468,2.1893000000000002,8.53860000000002
2024-10-01,2025,2.2132,2.1665,2.046,2.1933000000000002,8.148000000000017
2024-10-02,2025,2.2333000000000003,2.1763999999999997,2.0654,2.2073,8.34960000000003
2024-10-03,2025,2.2263,2.1854,2.0436,2.2,8.28660000000001
2024-10-04,2025,2.2056,2.1707,2.0243,2.1847,8.202599999999983
2024-10-07,2025,2.2237,2.2008,2.0262000000000002,2.1905,7.862399999999992
2024-10-08,2025,2.261,2.2429,2.066,2.2296,7.631400000000008
2024-10-09,2025,2.2932,2.2695,2.0780000000000003,2.2455000000000003,8.03040000000001
2024-10-10,2025,2.2396000000000003,2.2079,2.0165,2.1797999999999997,8.189999999999994
2024-10-11,2025,2.1942,2.1588,1.9597,2.1361000000000003,8.895600000000018
2024-10-14,2025,2.2230000000000003,2.1924,1.9953,2.1762,8.88300000000001
2024-10-15,2025,2.2422,2.1885,1.9806,2.1611000000000002,9.836400000000017
2024-10-16,2025,2.2603999999999997,2.2086,2.0017,2.1761,9.50039999999998
2024-10-17,2025,2.2403,2.2138999999999998,2.0036,2.1815,8.580600000000015
2024-10-18,2025,2.2285,2.1897,1.9561000000000002,2.1406,9.378599999999985
2024-10-21,2025,2.2158,2.1758,1.9457,2.1256,9.2358
2024-10-22,2025,2.218,2.1935,1.9585,2.1464,8.920800000000007
2024-10-23,2025,2.2417,2.2163,1.9731999999999998,2.1715,9.3954
2024-10-24,2025,2.2416,2.2127,1.9524000000000001,2.1521,9.601199999999997
2024-10-25,2025,2.2344,2.2074000000000003,1.9627000000000001,2.1592,9.386999999999974
2024-10-28,2025,2.1731,2.155,1.9111000000000002,2.1128,9.23159999999999
2024-10-29,2025,2.1498,2.1427,1.903,2.1106,9.017399999999986
2024-10-30,2025,2.1236,2.1318,1.8881000000000001,2.1007,8.584799999999987
2024-10-31,2025,2.1019,2.1082,1.8621,2.0711,8.513399999999995
2024-11-01,2025,2.0781,2.0901,1.8488,2.0587,8.311799999999998
2024-11-04,2025,2.0628,2.069,1.8532,2.0518,8.080800000000014
2024-11-05,2025,2.1065,2.0968999999999998,1.8853,2.0834,8.72340000000002
2024-11-06,2025,2.1293,2.1002,1.9080000000000001,2.0977,9.189600000000004
2024-11-07,2025,2.1517,2.1126,1.8984999999999999,2.0959,9.932999999999996
2024-11-08,2025,2.1547,2.123,1.9128,2.1172999999999997,9.92039999999998
2024-11-11,2025,2.1896,2.1062,1.8973,2.094,11.7642
2024-11-12,2025,2.2405,2.1473,1.9412,2.1377,12.167400000000002
2024-11-13,2025,2.2505,2.1822,1.9603,2.1634,11.398800000000023
2024-11-14,2025,2.2721999999999998,2.2043,1.999,2.184,10.621799999999997
2024-11-15,2025,2.2418,2.1825,1.9704,2.164,10.621800000000006
2024-11-18,2025,2.2411000000000003,2.1790000000000003,1.9772,2.1686,10.647000000000002
2024-11-19,2025,2.2013,2.1397999999999997,1.9206,2.1153,10.760399999999999
2024-11-20,2025,2.2181,2.1616999999999997,1.9408,2.1384,10.66800000000001
2024-11-21,2025,2.2083,2.145,1.9106,2.1165000000000003,11.306400000000004
2024-11-22,2025,2.2916,2.2201,1.9849,2.1892,11.583599999999993
2024-11-25,2025,2.2766,2.198,1.9753999999999998,2.1841,12.066600000000014
2024-11-26,2025,2.2866999999999997,2.2071,1.9813,2.1889,12.062399999999977
2024-11-27,2025,2.2697,2.1932,1.9718,2.1734,11.680199999999992
2024-11-29,2025,2.2687,2.1966,1.9794,2.1797,11.440799999999989
2024-12-02,2025,2.3122,2.2297,2.0147999999999997,2.2156000000000002,11.898600000000023
2024-12-03,2025,2.335,2.2573,2.0551,2.2612,11.919600000000012
2024-12-04,2025,2.3489,2.2619,2.0656,2.2593,11.789400000000017
2024-12-05,2025,2.3613999999999997,2.2786,2.0937,2.2787,11.247599999999991
2024-12-06,2025,2.3281,2.2398,2.0351,2.2154,11.281200000000007
2024-12-09,2025,2.3078,2.2187,2.001,2.1825,11.365199999999998
2024-12-10,2025,2.2963999999999998,2.2148,2.001,2.1898,11.3568
2024-12-11,2025,2.2832,2.2268,2.0084999999999997,2.2053,10.634400000000003
2024-12-12,2025,2.2893,2.2241,2.015,2.2036000000000002,10.659600000000001
2024-12-13,2025,2.2921,2.2336,2.0093,2.1968,10.332
2024-12-16,2025,2.3134,2.2385,2.0125,2.2005,11.041799999999988
2024-12-17,2025,2.3428,2.2723,2.0562,2.25,11.1006
2024-12-18,2025,2.358,2.2640000000000002,2.0235,2.2229,12.322800000000004
2024-12-19,2025,2.3265000000000002,2.227,1.9855,2.1861,12.60420000000002
2024-12-20,2025,2.34,2.2232,1.9931,2.1917,13.246799999999997
2024-12-23,2025,2.349,2.2148,2.0055,2.1922,13.477800000000016
2024-12-24,2025,2.3442,2.2146,2.0126,2.1894,12.8688
2024-12-26,2025,2.3796,2.2393,2.0305,2.2065,13.284600000000001
2024-12-27,2025,2.3357,2.2018,1.979,2.1607,13.255199999999995
2024-12-30,2025,2.3813,2.2322,2.0209,2.1993,13.754999999999987
2024-12-31,2025,2.4278999999999997,2.2838,2.0806,2.2607,13.616399999999992
2025-01-02,2025,2.4461,2.2934,2.0984,2.2743,13.801200000000009
2025-01-03,2025,2.3978,2.2569999999999997,2.0608,2.2376,13.339200000000023
2025-01-06,2025,2.4009,2.2705,2.061,2.2340999999999998,12.746999999999986
2025-01-07,2025,2.4337999999999997,2.3007,2.0991,2.2647,12.54539999999999
2025-01-08,2025,2.4543,2.3008,2.1153,2.269,12.902399999999997
2025-01-09,2025,2.4851,2.3287,2.1325,2.2835,12.910800000000014
2025-01-10,2025,2.4619,2.3044,2.11,2.2666999999999997,13.1964
2025-01-13,2025,2.4665,2.2847,2.0853,2.2436000000000003,14.284200000000002
2025-01-14,2025,2.4678,2.2847999999999997,2.0785,2.2424,14.569800000000008
2025-01-15,2025,2.4130000000000003,2.2305,2.0372,2.1959,14.330400000000008
2025-01-16,2025,2.4359,2.241,2.0484,2.2013,14.607599999999994
2025-01-17,2025,2.4052000000000002,2.2343,2.0276,2.186,13.830599999999997
2025-01-21,2025,2.3572,2.1872,1.9983000000000002,2.155,13.7214
2025-01-22,2025,2.3691999999999998,2.1907,2.0155000000000003,2.1601,13.57019999999997
2025-01-23,2025,2.3615,2.1784,2.0118,2.1451,13.288799999999991
2025-01-24,2025,2.3515,2.1864,2.0305,2.1572,12.255600000000012
2025-01-27,2025,2.3676,2.2033,2.0597,2.1814,12.012
2025-01-28,2025,2.3506,2.1634,2.0379,2.1526,12.679799999999993
2025-01-29,2025,2.3201,2.1221,2.0095,2.1250999999999998,13.171199999999985
2025-01-30,2025,2.3596,2.1717,2.0766999999999998,2.1904,12.667200000000005
2025-01-31,2025,2.4128,2.2254,2.127,2.2415000000000003,12.67980000000001
2025-02-03,2025,2.4168000000000003,2.2384,2.1299,2.2535,12.684000000000001
2025-02-04,2025,2.4788,2.2931,2.1867,2.3112,13.028400000000001
2025-02-05,2025,2.4712,2.2954,2.1915999999999998,2.3218,12.852000000000022
2025-02-06,2025,2.4477,2.2878,2.1843,2.3168,12.280800000000028
2025-02-07,2025,2.387,2.2485,2.1656,2.3099000000000003,11.877600000000015
2025-02-10,2025,2.3771,2.2491,2.1591,2.3054,11.520600000000009
2025-02-11,2025,2.4021,2.265,2.1773,2.3265000000000002,12.02460000000001
2025-02-12,2025,2.3796,2.2499000000000002,2.1508000000000003,2.3011,11.759999999999973
2025-02-13,2025,2.3829,2.237,2.1396,2.2855000000000003,12.255599999999994
2025-02-14,2025,2.3923,2.2514,2.1592,2.3080000000000003,12.16740000000003
2025-02-18,2025,2.367,2.2287,2.1484,2.2942,11.932200000000002
2025-02-19,2025,2.3289,2.1884,2.0949,2.248,12.331200000000003
2025-02-20,2025,2.3521,2.202,2.1025,2.2495,12.478199999999998
2025-02-21,2025,2.3381,2.2041,2.1016999999999997,2.2441999999999998,11.613
2025-02-24,2025,2.3612,2.204,2.1093,2.244,12.259800000000002
2025-02-25,2025,2.3309,2.1751,2.0797,2.2146,12.209400000000008
2025-02-26,2025,2.2988,2.1632,2.0669,2.2009,11.323200000000003
2025-02-27,2025,2.356,2.2096,2.0965000000000003,2.2349,11.961599999999988
2025-02-28,2025,2.3294,2.1737,2.0863,2.2142,11.911199999999994
2025-03-03,2025,2.3002000000000002,2.1372999999999998,2.0582,2.1869,12.247200000000031
2025-03-04,2025,2.2919,2.1327000000000003,2.0541,2.1821,12.062399999999997
2025-03-05,2025,2.3221000000000003,2.1526,2.0746,2.2025,12.490800000000004
2025-03-06,2025,2.3329,2.1633,2.0726,2.2056999999999998,12.71339999999999
2025-03-07,2025,2.3478,2.1844,2.123,2.2453,11.999399999999975
2025-03-10,2025,2.3734,2.2108000000000003,2.1317,2.2539,11.961599999999988
2025-03-11,2025,2.3758,2.1996,2.1281,2.2478,12.427799999999984
2025-03-12,2025,2.3855,2.2066999999999997,2.1362,2.2458,12.112800000000009
2025-03-13,2025,2.3815,2.2128,2.1379,2.2462999999999997,11.638199999999976
2025-03-14,2025,2.3891999999999998,2.2304,2.1531000000000002,2.2683,11.507999999999981
2025-03-17,2025,2.406,2.2451,2.1689,2.2846,11.617200000000025
2025-03-18,2025,2.3853,2.2328,2.1387,2.2584,11.43239999999999
2025-03-19,2025,2.345,2.1987,2.0899,2.2148,11.390399999999996
2025-03-20,2025,2.3746,2.2096,2.1138,2.2359999999999998,12.062399999999997
2025-03-21,2025,2.3923,2.2374,2.1395,2.2615,11.629799999999996
2025-03-24,2025,2.4277,2.2795,2.1856999999999998,2.2988999999999997,10.978800000000003
2025-03-25,2025,2.4352,2.2862999999999998,2.1892,2.291,10.529400000000006
2025-03-26,2025,2.4365,2.3051,2.1911,2.2971,9.970800000000002
2025-03-27,2025,2.4488,2.2972,2.2172,2.3178,10.59239999999999
2025-03-28,2025,2.4897,2.3246,2.229,2.3226,10.865399999999987
2025-03-31,2025,2.5052000000000003,2.3335,2.2606,2.3504,10.983000000000011
2025-04-01,2025,2.4729,2.3053,2.222,2.3132,10.869600000000016
2025-04-02,2025,2.4589,2.3047999999999997,2.2112,2.3178,10.949400000000015
2025-04-03,2025,2.4303,2.2763,2.1741,2.2851,11.129999999999987
2025-04-04,2025,2.4232,2.2878,2.1721,2.2965999999999998,10.9158
2025-04-07,2025,2.4381,2.2842,2.1784,2.2969,11.440800000000008
2025-04-08,2025,2.3837,2.2441999999999998,2.1288,2.2445,10.718400000000013
2025-04-09,2025,2.3262,2.2316,2.1177,2.2495,9.508799999999997
2025-04-10,2025,2.3003,2.2124,2.1077,2.2409,9.286199999999994
2025-04-11,2025,2.2686,2.2077,2.0772999999999997,2.2276,8.87040000000001
2025-04-14,2025,2.3101,2.2446,2.1262,2.2776,9.109799999999995
2025-04-15,2025,2.3252,2.242,2.1234,2.2768,9.937200000000006
2025-04-16,2025,2.3165999999999998,2.2309,2.1334,2.2843,9.937199999999986
2025-04-17,2025,2.3555,2.2506,2.1577,2.3021000000000003,10.470600000000012
2025-04-21,2025,2.3836,2.2662,2.1699,2.3138,10.974599999999995
2025-04-22,2025,2.4313,2.3012,2.1963,2.3336,11.230799999999995
2025-04-23,2025,2.4530000000000003,2.3162000000000003,2.2044,2.3408,11.474400000000005
2025-04-24,2025,2.4808000000000003,2.3325,2.2338,2.3642,11.705400000000008
2025-04-25,2025,2.4705,2.3131,2.2072,2.3318,11.844000000000001
2025-04-28,2025,2.4822,2.3218,2.2085,2.3336,11.991000000000014
2025-04-29,2025,2.5017,2.3245,2.2186000000000003,2.3416,12.608399999999993
2025-04-30,2025,2.4916,2.3113,2.1936,2.3295,13.280399999999993
2025-05-01,2025,2.5099,2.3191,2.1938999999999997,2.3295,13.7088
2025-05-02,2025,2.5052000000000003,2.3162000000000003,2.1877,2.3247,13.692000000000004
2025-05-05,2025,2.4695,2.2869,2.1827,2.3142,13.192199999999993
2025-05-06,2025,2.499,2.2993,2.1912000000000003,2.3252,14.015399999999996
2025-05-07,2025,2.4887,2.269,2.1683000000000003,2.2987,14.704199999999993
2025-05-08,2025,2.4519,2.2640000000000002,2.1471999999999998,2.2898,13.88100000000001
2025-05-09,2025,2.4779,2.2872,2.169,2.3121,14.019600000000004
2025-05-12,2025,2.5171,2.3355,2.2218,2.3721,13.939800000000004
2025-05-13,2025,2.5357,2.3581,2.2508,2.4,13.7256
2025-05-14,2025,2.5387,2.3479,2.2415000000000003,2.3928,14.368199999999975
2025-05-15,2025,2.5492,2.3397,2.2327,2.3863,15.250199999999989
2025-05-16,2025,2.5242,2.3407,2.2413,2.4028,14.490000000000009
2025-05-19,2025,2.4524,2.285,2.1699,2.3392,14.141399999999981
2025-05-20,2025,2.443,2.2842,2.1708000000000003,2.3358000000000003,13.599600000000013
2025-05-21,2025,2.4198,2.2606,2.13,2.3011,13.872599999999991
2025-05-22,2025,2.4063999999999997,2.258,2.1285,2.2956,13.250999999999987
2025-05-23,2025,2.3914,2.2586,2.1245,2.3049,13.154400000000006
2025-05-27,2025,2.3534,2.2275,2.1105,2.2952,13.0452
2025-05-28,2025,2.3531,2.205,2.0982,2.276,13.687799999999994
2025-05-29,2025,2.3385,2.1909,2.1049,2.2784999999999997,13.490399999999969
2025-05-30,2025,2.3754,2.2086,2.1107,2.2756,13.931399999999986
2025-06-02,2026,2.3458,2.3345,2.1977,2.4202,9.819600000000001
2025-06-03,2026,2.3823,2.3571,2.2284,2.4425,10.050599999999985
2025-06-04,2026,2.362,2.3455,2.218,2.4368,9.882600000000004
2025-06-05,2026,2.378,2.3632,2.2625,2.4703999999999997,9.353399999999986
2025-06-06,2026,2.3731999999999998,2.3581,2.2474000000000003,2.4571,9.441599999999987
2025-06-09,2026,2.4058,2.392,2.3125999999999998,2.516,9.12240000000002
2025-06-10,2026,2.421,2.4114,2.3079,2.5133,9.029999999999994
2025-06-11,2026,2.4261,2.4081,2.3052,2.5063999999999997,9.206399999999974
2025-06-12,2026,2.4116,2.4078,2.279,2.4928,9.1392
2025-06-13,2026,2.3599,2.3486000000000002,2.1957,2.4038999999999997,9.218999999999983
2025-06-16,2026,2.3424,2.3296,2.1567,2.3701,9.500399999999999
2025-06-17,2026,2.2954,2.2954,2.0941,2.3034,8.790599999999992
2025-06-18,2026,2.2426,2.2640000000000002,2.0701,2.2876,8.236199999999979
2025-06-20,2026,2.2136,2.2271,2.0541,2.2525,7.765799999999993
2025-06-23,2026,2.2188999999999997,2.1932,2.0177,2.2037999999999998,8.895599999999972
2025-06-24,2026,2.2333000000000003,2.2091,2.0554,2.2391,8.731800000000018
2025-06-25,2026,2.2303,2.2059,2.0557,2.2340999999999998,8.517599999999995
2025-06-26,2026,2.2398,2.2336,2.0694,2.2518000000000002,7.921200000000004
2025-06-27,2026,2.2053,2.2138,2.0495,2.2340999999999998,7.396199999999978
2025-06-30,2026,2.1572,2.1418,1.9687000000000001,2.1431,7.971599999999999
2025-07-01,2026,2.2127,2.1978,2.0352,2.2142,8.143799999999988
2025-07-02,2026,2.2217,2.202,2.0431,2.2231,8.3874
2025-07-03,2026,2.1781,2.1599,1.9787000000000001,2.1605000000000003,8.400000000000016
2025-07-07,2026,2.1804,2.1715999999999998,1.974,2.161,8.223600000000017
2025-07-08,2026,2.1952000000000003,2.1856,1.9778,2.1744,8.660400000000006
2025-07-09,2026,2.1967,2.2055000000000002,1.9923,2.1963,8.198399999999983
2025-07-10,2026,2.1329,2.1641,1.9476,2.1542,7.366799999999991
2025-07-11,2026,2.119,2.1379,1.9306,2.1311,7.627199999999999
2025-07-14,2026,2.1949,2.2025,2.0091,2.2006,7.723799999999998
2025-07-15,2026,2.1709,2.202,2.0234,2.2193,6.921600000000002
2025-07-16,2026,2.1405000000000003,2.1868,2.0175,2.2132,6.274800000000018
2025-07-17,2026,2.1172999999999997,2.1719999999999997,2.006,2.201,5.892600000000013
2025-07-18,2026,2.1222,2.1655,1.9888,2.1751,6.005999999999991
2025-07-21,2026,2.0953,2.1496,1.9477000000000002,2.1445,5.984999999999984
2025-07-22,2026,2.0881,2.1336,1.9421000000000002,2.1425,6.505799999999992
2025-07-23,2026,2.115,2.1604,1.9813,2.1833,6.577200000000003
2025-07-24,2026,2.1685,2.2188,2.05,2.2435,6.014400000000009
2025-07-25,2026,2.2163999999999997,2.2525999999999997,2.0962,2.2847,6.396599999999995
2025-07-28,2026,2.2107,2.2382,2.0754,2.2614,6.657000000000004
2025-07-29,2026,2.1977,2.2078,2.0549,2.2299,6.925800000000011
2025-07-30,2026,2.1816999999999998,2.1904,2.0652,2.2384,6.9089999999999945
2025-07-31,2026,2.1824,2.1629,2.0401,2.2046,7.728000000000007
2025-08-01,2026,2.1806,2.1884,2.0418000000000003,2.2099,6.732599999999995
2025-08-04,2026,2.23,2.2262,2.0745,2.2449,7.316399999999996
2025-08-05,2026,2.2073,2.2284,2.0576,2.2429,6.896400000000005
2025-08-06,2026,2.2197,2.2523,2.0819,2.2657,6.350399999999991
2025-08-07,2026,2.1895,2.2363,2.0674,2.2542,5.879999999999987
2025-08-08,2026,2.1545,2.1913,1.9994999999999998,2.1902,6.463800000000006
2025-08-11,2026,2.2161,2.2403999999999997,2.0465999999999998,2.2328,6.799800000000025
2025-08-12,2026,2.2544999999999997,2.2681,2.0765000000000002,2.252,6.799799999999969
2025-08-13,2026,2.2397,2.2575,2.0709999999999997,2.2516,6.837600000000012
2025-08-14,2026,2.2409,2.2673,2.053,2.2422999999999997,6.841799999999983
2025-08-15,2026,2.273,2.2881,2.0778,2.2587,6.963600000000016
2025-08-18,2026,2.2865,2.3012,2.0827,2.2544,6.594000000000001
2025-08-19,2026,2.2543,2.2522,2.0334,2.1926,6.774600000000009
2025-08-20,2026,2.2594,2.2548,2.0284,2.1955,7.2113999999999985
2025-08-21,2026,2.2861000000000002,2.2626,2.0636,2.2228,7.6734000000000036
2025-08-22,2026,2.3297,2.3011,2.0734,2.2346,7.971599999999999
2025-08-25,2026,2.2842,2.266,2.0248,2.1919999999999997,7.786799999999982
2025-08-26,2026,2.2756,2.2775,2.0229,2.1961,7.1946
2025-08-27,2026,2.23,2.2495,1.9801,2.1597,6.724200000000005
2025-08-28,2026,2.2363999999999997,2.2498,1.9666,2.1359,6.547799999999988
2025-08-29,2026,2.1932,2.2098,1.92,2.0997,6.850200000000001
2025-09-02,2026,2.1675999999999997,2.1837,1.8886,2.0719,7.0223999999999815
2025-09-03,2026,2.222,2.2273,1.9296,2.1121,7.442399999999992
2025-09-04,2026,2.1828,2.2015000000000002,1.8944,2.076,6.841799999999983
2025-09-05,2026,2.1719999999999997,2.2049000000000003,1.8771,2.0659,6.547799999999978
2025-09-08,2026,2.1597,2.2078,1.9028999999999998,2.0846,5.6111999999999975
2025-09-09,2026,2.1822,2.2266999999999997,1.9169,2.0959,5.649000000000003
2025-09-10,2026,2.1589,2.2151,1.9084,2.0843000000000003,5.027400000000005
2025-09-11,2026,2.1675999999999997,2.213,1.9005,2.0778,5.539799999999977
2025-09-12,2026,2.1691,2.1996,1.8912,2.0646,6.0017999999999825
2025-09-15,2026,2.1818,2.2135,1.9234,2.0927000000000002,5.779200000000016
2025-09-16,2026,2.1661,2.1933000000000002,1.9144999999999999,2.0829,5.9304
2025-09-17,2026,2.1348,2.1551,1.8761,2.0404,6.047999999999987
2025-09-18,2026,2.1277,2.164,1.891,2.0636,5.724599999999994
2025-09-19,2026,2.1496,2.1587,1.9102000000000001,2.0755,6.560399999999986
2025-09-22,2026,2.1405000000000003,2.1556,1.903,2.0705,6.400800000000004
2025-09-23,2026,2.1211,2.123,1.8552000000000002,2.0191,6.803999999999988
2025-09-24,2026,2.0915,2.1073,1.8451,2.0177,6.585600000000002
2025-09-25,2026,2.0979,2.0997,1.8447,2.0109,6.904800000000004
2025-09-26,2026,2.0848,2.0888999999999998,1.8288,1.9944,6.783000000000008
2025-09-29,2026,2.0453,2.0571,1.8022999999999998,1.9691999999999998,6.514200000000001
2025-09-30,2026,2.0484999999999998,2.0321000000000002,1.7874,1.9545,7.706999999999972
2025-10-01,2026,2.0997,2.077,1.8641999999999999,2.0313999999999997,7.975799999999989
2025-10-02,2026,2.0549,2.0376,1.8134000000000001,1.9893,8.114400000000002
2025-10-03,2026,1.9883000000000002,1.9780000000000002,1.7553,1.9372,8.072399999999996
2025-10-06,2026,1.9623,1.9506000000000001,1.7331999999999999,1.9079,7.828799999999996
2025-10-07,2026,2.0125,1.994,1.7516999999999998,1.9306999999999999,8.295000000000009
2025-10-08,2026,1.9799,1.979,1.7446000000000002,1.9313999999999998,7.88339999999998
2025-10-09,2026,1.9401,1.9322,1.6793,1.8669,8.211
2025-10-10,2026,1.9278,1.9341,1.685,1.8832,8.0598
2025-10-13,2026,1.8640999999999999,1.8911000000000002,1.6533000000000002,1.8478,7.034999999999981
2025-10-14,2026,1.8915,1.9196,1.6759,1.8783,7.320600000000005
2025-10-15,2026,1.8928,1.9241,1.6749,1.879,7.257600000000003
2025-10-16,2026,1.8984,1.9284999999999999,1.7009999999999998,1.8955000000000002,6.904800000000023
2025-10-17,2026,1.9076,1.9442,1.7191,1.9162000000000001,6.741000000000003
2025-10-20,2026,1.9078,1.9378,1.7280000000000002,1.9128,6.501599999999993
2025-10-21,2026,1.9452,1.9555,1.7684,1.9508,7.228200000000006
2025-10-22,2026,2.0018000000000002,2.0146,1.8192,2.0032,7.19040000000001
2025-10-23,2026,2.0281000000000002,2.0315,1.8459,2.0211,7.215600000000016
2025-10-24,2026,2.0398,2.0358,1.8493000000000002,2.0237,7.492799999999987
2025-10-27,2026,2.0409,2.0469,1.8459,2.0325,7.585200000000013
2025-10-28,2026,2.0379,2.0444999999999998,1.8428,2.0380000000000003,7.921200000000023
2025-10-29,2026,1.9974,2.0095,1.8084,2.0038,7.698600000000001
2025-10-30,2026,2.0067,2.0119,1.8238999999999999,2.0115,7.660800000000005
2025-10-31,2026,2.0208,2.0197,1.8447,2.0376,8.147999999999998
2025-11-03,2026,1.9838,1.9938,1.7932,1.992,7.929600000000003
2025-11-04,2026,1.9593,1.9749,1.7701,1.9802000000000002,8.169000000000004
2025-11-05,2026,1.9747999999999999,1.9846000000000001,1.7804,2.0014,8.870399999999984
2025-11-06,2026,1.9262000000000001,1.9280000000000002,1.7105000000000001,1.9276,9.042599999999993
2025-11-07,2026,1.8914,1.8953,1.6850999999999998,1.9016,8.929200000000005
2025-11-10,2026,1.8608000000000002,1.8605,1.6444,1.8541999999999998,8.824199999999998
2025-11-11,2026,1.8888999999999998,1.8998,1.6854,1.8984,8.488199999999997
2025-11-12,2026,1.8676,1.8966,1.6811,1.9036000000000002,8.127
2025-11-13,2026,1.9083,1.9163999999999999,1.7071,1.9198,8.593200000000005
2025-11-14,2026,1.9184,1.9265,1.7109,1.9240000000000002,8.610000000000003
2025-11-17,2026,1.8825,1.9165999999999999,1.6665999999999999,1.8844,7.715400000000018
2025-11-18,2026,1.8963999999999999,1.9308,1.6883000000000001,1.9008,7.4801999999999875
2025-11-19,2026,1.9071,1.9399000000000002,1.6931,1.913,7.858199999999993
2025-11-20,2026,1.8757,1.9141,1.6522,1.8671,7.413000000000004
2025-11-21,2026,1.83,1.8836000000000002,1.6284999999999998,1.8412,6.682200000000001
2025-11-24,2026,1.8699000000000001,1.9209,1.6777000000000002,1.895,6.984599999999995
2025-11-25,2026,1.8488,1.9143000000000001,1.6718000000000002,1.8921000000000001,6.501599999999993
2025-11-26,2026,1.8593000000000002,1.9109,1.6459000000000001,1.8716,7.312199999999997
2025-11-28,2026,1.8838,1.9386,1.6647,1.8931,7.291199999999989
2025-12-01,2026,1.871,1.9216,1.6784000000000001,1.9054,7.408799999999996
2025-12-02,2026,1.8381,1.8905,1.6239,1.8522,7.3878000000000075
2025-12-03,2026,1.881,1.9269,1.6668,1.893,7.572599999999996
2025-12-04,2026,1.8719999999999999,1.881,1.6116,1.8388,9.164399999999997
2025-12-05,2026,1.854,1.8654,1.6,1.8291,9.1434
2025-12-08,2026,1.8428,1.8508000000000002,1.5941,1.8259999999999998,9.40379999999998
2025-12-09,2026,1.8136,1.8356000000000001,1.5619999999999998,1.8012000000000001,9.122400000000011
2025-12-10,2026,1.8399,1.8516,1.5819999999999999,1.82,9.504600000000016
2025-12-11,2026,1.7952000000000001,1.8275,1.579,1.8165,8.618400000000012
2025-12-12,2026,1.8204,1.8554,1.5938999999999999,1.8329,8.568000000000008
2025-12-15,2026,1.8266,1.8253,1.5859999999999999,1.8169,9.752400000000009
2025-12-16,2026,1.8043,1.8022,1.5551,1.7838999999999998,9.697799999999996
2025-12-17,2026,1.8409,1.8327,1.5667,1.7952000000000001,9.941400000000005
2025-12-18,2026,1.8627,1.8474000000000002,1.588,1.8159,10.214399999999994
2025-12-19,2026,1.7949000000000002,1.7971000000000001,1.5282,1.7548,9.424799999999998
2025-12-22,2026,1.8553,1.8553,1.5854,1.8172,9.7356
2025-12-23,2026,1.8394,1.8275,1.5625,1.788,9.970800000000002
2025-12-24,2026,1.8078999999999998,1.7989,1.5377,1.768,10.050599999999994
2025-12-26,2026,1.827,1.7802,1.5253999999999999,1.7461000000000002,11.235000000000012
2025-12-29,2026,1.9269999999999998,1.8792,1.6487,1.8605,10.903199999999993
2025-12-30,2026,1.8983,1.8595,1.6155000000000002,1.8292,10.604999999999997
2025-12-31,2026,1.8441999999999998,1.811,1.5737999999999999,1.7807,10.0842
2026-01-02,2026,1.8548,1.8349000000000002,1.591,1.8034000000000001,9.756599999999999
2026-01-05,2026,1.8500999999999999,1.8394,1.58,1.8016999999999999,9.760799999999989
2026-01-06,2026,1.8453,1.8189,1.5637999999999999,1.7897999999999998,10.600799999999998
2026-01-07,2026,1.8609,1.8216999999999999,1.5647,1.79,11.109000000000007
2026-01-08,2026,1.9137,1.8679,1.6240999999999999,1.8446,11.184600000000009
2026-01-09,2026,1.9036000000000002,1.8661,1.6227,1.8377000000000001,10.605000000000008
2026-01-12,2026,1.9233000000000002,1.8869999999999998,1.633,1.8517,10.710000000000015
2026-01-13,2026,1.9265,1.8951,1.6340000000000001,1.8588999999999998,10.764599999999989
2026-01-14,2026,1.9504,1.9118000000000002,1.6669999999999998,1.8858000000000001,10.810800000000004
2026-01-15,2026,1.9628999999999999,1.9127,1.6606,1.8847,11.520599999999991
2026-01-16,2026,2.0073,1.9422,1.6866999999999999,1.9140000000000001,12.28080000000001
2026-01-20,2026,2.0032,1.9465999999999999,1.6913999999999998,1.9196,11.961600000000017
2026-01-21,2026,2.0203,1.9663,1.6963,1.9288999999999998,12.037200000000007
2026-01-22,2026,2.0338,1.9778,1.7228999999999999,1.9417,11.541599999999997
2026-01-23,2026,2.0522,1.979,1.7155,1.9357,12.322799999999996
2026-01-26,2026,2.0178,1.956,1.6677000000000002,1.8988,12.301799999999988
2026-01-27,2026,1.9911,1.9487999999999999,1.6744999999999999,1.8961000000000001,11.08380000000002
2026-01-28,2026,2.025,1.9909999999999999,1.7112,1.9339,10.781399999999998
2026-01-29,2026,2.0103999999999997,1.9705000000000001,1.7122,1.933,10.949399999999988
2026-01-30,2026,2.057,2.0284,1.7594999999999998,1.9906,10.907400000000003
2026-02-02,2026,2.0149,1.9938,1.7144,1.9526,10.890599999999994
2026-02-03,2026,1.9816999999999998,1.9613999999999998,1.6654,1.9,10.705799999999996
2026-02-04,2026,1.9513999999999998,1.9322,1.6366,1.8717,10.68059999999999
2026-02-05,2026,1.9480000000000002,1.9306999999999999,1.6436000000000002,1.8743,10.41600000000001
2026-02-06,2026,1.9447999999999999,1.9180000000000001,1.6181999999999999,1.8502,10.869599999999997
2026-02-09,2026,1.9241,1.9231,1.6047,1.8433000000000002,10.063200000000002
2026-02-10,2026,1.8774000000000002,1.8747999999999998,1.5366,1.7663,9.756600000000017
2026-02-11,2026,1.8008000000000002,1.8031,1.4603,1.6922,9.64320000000001
2026-02-12,2026,1.7611,1.7572,1.3998,1.6384,10.185000000000006
2026-02-13,2026,1.7564,1.7622,1.4172,1.6491,9.496199999999998
2026-02-17,2026,1.7759,1.7808000000000002,1.4468,1.6798,9.580199999999989
2026-02-18,2026,1.7807,1.7847,1.4347,1.6731,9.844799999999998
2026-02-19,2026,1.7575999999999998,1.7703,1.4184999999999999,1.6675,9.924599999999998
2026-02-20,2026,1.7838,1.8005000000000002,1.4542,1.7049,9.828
2026-02-23,2026,1.7852000000000001,1.8077,1.4712,1.7167,9.365999999999994
2026-02-24,2026,1.8049000000000002,1.8295,1.4972,1.7449000000000001,9.370200000000013
2026-02-25,2026,1.726,1.7643,1.4281,1.6857,9.210600000000003
2026-02-26,2026,1.6996,1.76,1.4309,1.6987999999999999,8.714999999999991
2026-02-27,2026,1.7153999999999998,1.7628,1.4364,1.7008,9.114000000000004
2026-03-02,2026,1.6552,1.7077,1.3725,1.6415,9.092999999999996
2026-03-03,2026,1.6486,1.6841,1.3618000000000001,1.6297,9.760799999999998
2026-03-04,2026,1.6549,1.6924000000000001,1.3700999999999999,1.6355000000000002,9.571800000000009
2026-03-05,2026,1.6599000000000002,1.6898,1.3941,1.6493,9.462600000000013
2026-03-06,2026,1.6459000000000001,1.6849,1.3598,1.6187,9.235800000000008
2026-03-09,2026,1.6784000000000001,1.6939,1.3573,1.6116,10.029600000000006
2026-03-10,2026,1.6998,1.712,1.3994,1.6475,9.9078
2026-03-11,2026,1.7355,1.746,1.4491999999999998,1.6916,9.73980000000001
2026-03-12,2026,1.7512,1.7522,1.4627000000000001,1.7033,10.063200000000002
2026-03-13,2026,1.7550999999999999,1.7782,1.4767,1.7221000000000002,9.336600000000008
2026-03-16,2026,1.7838999999999998,1.7859,1.4915,1.7244,9.697799999999987
2026-03-17,2026,1.7922,1.7909,1.4915,1.7166,9.508799999999997
2026-03-18,2026,1.7481,1.7478,1.4459,1.6683000000000001,9.353400000000004
2026-03-19,2026,1.7347,1.7386000000000001,1.4186,1.6388,9.084599999999988
2026-03-20,2026,1.8,1.7941999999999998,1.47,1.6903,9.496200000000009
2026-03-23,2026,1.8414,1.827,1.4999,1.7113999999999998,9.48779999999999
2026-03-24,2026,1.8729,1.8791,1.5394999999999999,1.7483000000000002,8.509200000000014
2026-03-25,2026,1.851,1.8506,1.5246000000000002,1.7299,8.639399999999991
2026-03-26,2026,1.8906999999999998,1.8724,1.5541,1.7590999999999999,9.378599999999985
2026-03-27,2026,1.9122,1.9025999999999998,1.5838999999999999,1.7851,8.853600000000004
2026-03-30,2026,1.9437,1.9335,1.6232,1.8286000000000002,9.05520000000001
2026-03-31,2026,1.9445,1.9231,1.6037000000000001,1.8063,9.40799999999999
2026-04-01,2026,1.9398,1.9193,1.5907,1.7977,9.555000000000001
2026-04-02,2026,1.9969999999999999,1.9753999999999998,1.6359000000000001,1.8457,9.718799999999993
2026-04-06,2026,1.9674,1.9396,1.6208,1.8291,9.9162
2026-04-07,2026,1.9403,1.9218000000000002,1.6057,1.8203,9.790199999999995
2026-04-08,2026,1.9599000000000002,1.945,1.6657,1.8675,9.101400000000005
2026-04-09,2026,1.9522,1.9180000000000001,1.6308,1.8278,9.710399999999993
2026-04-10,2026,1.929,1.8862,1.6074000000000002,1.7982,9.811199999999992
2026-04-13,2026,1.9609999999999999,1.9146,1.6440000000000001,1.8376,10.07999999999998
2026-04-14,2026,1.9325,1.8899000000000001,1.6231,1.8175,9.953999999999995
2026-04-15,2026,1.9613,1.9359,1.6496000000000002,1.851,9.525599999999995
2026-04-16,2026,1.8976,1.8954,1.5804,1.7938,9.055200000000001
2026-04-17,2026,1.9158000000000002,1.9187,1.5913,1.8131,9.193800000000003
2026-04-20,2026,1.9668999999999999,1.9582,1.6293,1.8530000000000002,9.760800000000007
2026-04-21,2026,1.9994999999999998,1.9709,1.6501,1.8677000000000001,10.340399999999999
2026-04-22,2026,1.9887000000000001,1.9759,1.6316,1.8636000000000001,10.281600000000015
2026-04-23,2026,1.993,1.9818,1.6263999999999998,1.8573,10.16820000000001
2026-04-24,2026,2.0072,2.0131,1.661,1.8934,9.512999999999996
2026-04-27,2026,2.0040999999999998,2.0069999999999997,1.6815,1.9121000000000001,9.56340000000001
2026-04-28,2026,2.016,2.0147999999999997,1.6874,1.912,9.48360000000001
2026-04-29,2026,2.048,2.0468,1.7265000000000001,1.9450999999999998,9.23159999999998
2026-04-30,2026,2.0795,2.0742,1.76,1.9725,9.1476
2026-05-01,2026,2.0523,2.0713,1.7678,1.9835,8.261399999999995
2026-05-04,2026,2.0962,2.1216999999999997,1.8378999999999999,2.0446,7.61040000000002
2026-05-05,2026,2.0927000000000002,2.1171,1.8045,2.0158,7.849800000000003
2026-05-06,2026,2.0899,2.1303,1.8033000000000001,2.0219,7.484399999999996
2026-05-07,2026,2.0785,2.1228,1.7890000000000001,2.0122999999999998,7.517999999999993
2026-05-08,2026,2.0909,2.1131,1.796,2.0018000000000002,7.7112
2026-05-11,2026,2.1399,2.1395,1.8414,2.0378,8.265599999999994
2026-05-12,2026,2.0991,2.0888999999999998,1.7925,1.9929,8.845200000000006
2026-05-13,2026,2.0421,2.0287,1.7527000000000001,1.9596,9.252599999999989
2026-05-14,2026,2.0566999999999998,2.0328999999999997,1.7604,1.973,9.928800000000006
2026-05-15,2026,2.0829,2.0564,1.7844,1.9912,9.798600000000002
2026-05-18,2026,2.0409,2.0109,1.7511,1.955,9.82380000000001
2026-05-19,2026,2.0791999999999997,2.0473,1.7687,1.975,10.004399999999999
2026-05-20,2026,2.0968,2.0616,1.7883000000000002,1.9908000000000001,9.983400000000001
2026-05-21,2026,2.0772999999999997,2.0454,1.7666,1.974,10.050599999999994
2026-05-22,2026,2.1395,2.1123,1.8226,2.0374,10.164
2026-05-26,2026,2.1752000000000002,2.1429,1.8538,2.0606,10.042200000000014
2026-05-27,2026,2.1667,2.135,1.8288,2.0497,10.609200000000016
2026-05-28,2026,2.2009,2.1705,1.8929,2.1124,10.495799999999992
2026-05-29,2026,2.1898,2.165,1.8774000000000002,2.0978,10.298399999999985
2026-06-01,2027,2.2328,2.202,2.03,2.1919,8.093400000000013
2026-06-02,2027,2.2334,2.2021,2.0295,2.1907,8.084999999999996
2026-06-03,2027,2.2349,2.2012,2.0307,2.1886,8.047200000000009
2026-06-04,2027,2.2436000000000003,2.2066999999999997,2.0566999999999998,2.1971000000000003,7.446600000000047
2026-06-05,2027,2.2474000000000003,2.2171000000000003,2.0749,2.2161,7.202999999999999
2026-06-08,2027,2.2119999999999997,2.2094,2.0413,2.1887,6.299999999999978
2026-06-09,2027,2.2144999999999997,2.2274000000000003,2.0452,2.2002,5.968199999999986
2026-06-10,2027,2.2265,2.249,2.0728,2.2265,5.510400000000009
2026-06-11,2027,2.2555,2.2547,2.0796,2.2286,6.291599999999997
2026-06-12,2027,2.2577000000000003,2.2562,2.0638,2.2119999999999997,6.287399999999988
2026-06-15,2027,2.2231,2.2275,2.031,2.1885,6.430199999999991
2026-06-16,2027,2.1786000000000003,2.1885,1.9844,2.1546000000000003,6.732600000000033
2026-06-17,2027,2.191,2.1971000000000003,1.9862,2.1601,7.04759999999998
2026-06-18,2027,2.1936,2.1863,1.9757,2.1496,7.610399999999991
2026-06-22,2027,2.2207,2.2066,2.0094,2.1922,8.269800000000012
2026-06-23,2027,2.2621,2.2334,2.032,2.209,8.639400000000009
2026-06-24,2027,2.2074000000000003,2.1844,1.9719,2.1558,8.689800000000012
2026-06-25,2027,2.2159,2.2041999999999997,1.9953,2.1797,8.236200000000007
2026-06-26,2027,2.1863,2.1702,1.9449,2.1238,8.190000000000012
2026-06-29,2027,2.1516,2.1733000000000002,1.9474,2.1393,7.148399999999996
2026-06-30,2027,2.1752000000000002,2.1956,1.9844,2.1707,6.967800000000007
2026-07-01,2027,2.1719,2.197,1.9674,2.1614,7.093799999999993
2026-07-02,2027,2.1848,2.2216,1.9719,2.1663,6.619200000000008
2026-07-06,2027,2.2331,2.25,1.994,2.1929,7.643999999999988
2026-07-07,2027,2.2121,2.231,1.9847,2.1829,7.53060000000001
2026-07-08,2027,2.1914,2.2066,1.9521000000000002,2.1437,7.408799999999986
2026-07-09,2027,2.2111,2.2157,1.9588999999999999,2.1479,7.744800000000005
2026-07-10,2027,2.1437,2.1683000000000003,1.9093,2.0991999999999997,6.942599999999972
2026-07-13,2027,2.1214,2.1416,1.8932,2.0842,7.173600000000002
2026-07-14,2027,2.0732,2.1022,1.8438999999999999,2.0369,6.888000000000016
2026-07-15,2027,2.0956,2.1324,1.8843,2.0753,6.4763999999999955
2026-07-16,2027,2.0853,2.1111,1.8947999999999998,2.0854,6.921600000000012
2026-07-17,2027,2.0850999999999997,2.1087000000000002,1.8966,2.0787,6.656999999999975
2026-07-20,2027,2.0563,2.0938,1.8766999999999998,2.0551,5.9178000000000015
2026-07-21,2027,2.0525,2.0805000000000002,1.8647,2.0457,6.426000000000001
2026-07-22,2027,2.0328,2.0386,1.8227000000000002,1.9936,6.934199999999983
2026-07-23,2027,1.9663,1.9809,1.7544,1.9294,6.736799999999995
2026-07-24,2027,1.9716,1.9847,1.7615,1.9269999999999998,6.400799999999995
2026-07-27,2027,2.0091,2.0258000000000003,1.8092,1.9741,6.224399999999996
2026-07-28,2027,1.9853,2.0019,1.7516999999999998,1.9302000000000001,6.799800000000015
2026-07-29,2027,2.0284999999999997,2.0492,1.8086000000000002,1.9850999999999999,6.543599999999978
2026-07-30,2027,2.0361000000000002,2.0678,1.8273,2.0024,6.022800000000018
2026-07-31,2027,2.0191,2.0340000000000003,1.8049000000000002,1.9699,6.304199999999977
2026-08-03,2027,2.0247,2.0331,1.807,1.9668999999999999,6.362999999999999
2026-08-04,2027,2.0815,2.0803,1.8753,2.0322,6.640200000000014
2026-08-05,2027,2.103,2.1103,1.9172,2.0768,6.396600000000005
2026-08-06,2027,2.0828,2.084,1.8840999999999999,2.0441,6.669600000000003
2026-08-07,2027,2.0501,2.0556,1.8548,2.0151,6.501599999999993
2026-08-10,2027,2.0083,2.0313999999999997,1.8304,1.9966,6.010200000000019
2026-08-11,2027,2.0747,2.0947999999999998,1.8969,2.0608,6.039600000000006
2026-08-12,2027,2.0782,2.0937,1.8984,2.0583,6.064799999999985
2026-08-13,2027,2.0878,2.1125,1.9093,2.0741,5.884200000000014
2026-08-14,2027,2.1055,2.1219,1.9193,2.0806999999999998,6.089999999999991
2026-08-17,2027,2.115,2.1322,1.9279,2.0934,6.228600000000004
2026-08-18,2027,2.1212999999999997,2.1503,1.9419,2.1064,5.690999999999979
2026-08-19,2027,2.1193,2.1391999999999998,1.9538,2.1078,5.632200000000013
2026-08-20,2027,2.1163,2.1297,1.9379,2.0853,5.627999999999996
2026-08-21,2027,2.0819,2.0962,1.8916,2.0341,5.384400000000004
2026-08-24,2027,2.0947,2.0966,1.8916,2.0281000000000002,5.6532000000000115
2026-08-25,2027,2.0693,2.0856,1.8658000000000001,2.0082,5.296200000000004
2026-08-26,2027,2.117,2.1209000000000002,1.9074,2.0384,5.3382
2026-08-27,2027,2.1385,2.1329,1.955,2.0797,5.4726000000000035
2026-08-28,2027,2.2037999999999998,2.1865,2.0051,2.1202,5.560799999999984
2026-08-31,2027,2.2444,2.2332,2.0434,2.1659,5.615400000000006
2026-09-01,2027,2.2895,2.2695,2.0873,2.2126,6.102600000000009
2026-09-02,2027,2.2749,2.2775,2.1061,2.2494,5.909400000000011
2026-09-03,2027,2.2224,2.2264,2.0629,2.2062,5.850599999999999
2026-09-04,2027,2.2208,2.2123,2.0272,2.1808,6.808200000000006
2026-09-08,2027,2.1931,2.2025,1.9908000000000001,2.162,6.795599999999979
2026-09-09,2027,2.149,2.1903,1.9912999999999998,2.1574,5.241600000000001
2026-09-10,2027,2.1814,2.2216,2.0116,2.1943,5.985000000000003
2026-09-11,2027,2.226,2.2644,2.0781,2.2593,5.997599999999992
2026-09-14,2027,2.2408,2.2911,2.0943,2.2797,5.6742
2026-09-15,2027,2.2188,2.2812,2.0826,2.2769,5.539799999999996
2026-09-16,2027,2.2259,2.2832,2.0863,2.2792,5.695200000000007
2026-09-17,2027,2.1503,2.1971000000000003,2.0287,2.2163,5.913599999999983
2026-09-18,2027,2.1366,2.1861,2.0147,2.2037,5.858999999999998
2026-09-21,2027,2.1465,2.1872,2.0102,2.2054,6.489000000000003
2026-09-22,2027,2.1567,2.207,2.024,2.2257,6.35879999999999
